organization_name,organization_user_name,organization_description,organization_location,organization_email,total_listed_projects_in_organization,organization_twitter_handle,organization_repositories_counts,organization_namespace_url,organization_projects,organization_created_at,organization_updated_at,organization_icon_url,organization_funding_links,organization_category,organization_sub_category,location_country,form_of_organization,last_checked,organization_website
Systems Ecology and Ecoinformatics Laboratory,SEELab,,University of North Carolina Wilmington,,1,,9,https://github.com/SEELab,https://github.com/seelab/enar,2022-11-06T02:01:32.613Z,2026-10-06T22:15:46.814Z,https://avatars.githubusercontent.com/u/6361753?v=4,,Biosphere,Species Distribution Modeling,,,,http://people.uncw.edu/borretts/
EAPD Development Research Branch - OG Project,EAPD-DRB,,,,1,,2,https://github.com/EAPD-DRB,https://github.com/eapd-drb/muiogo,2024-06-06T23:44:16.276Z,2026-10-06T16:10:30.055Z,https://avatars.githubusercontent.com/u/114501902?v=4,,Energy Systems,Energy System Modeling Frameworks,,,,
NOAA/NWS Office of Water Prediction (OWP),NOAA-OWP,OWP is dedicated to addressing our water challenges and fulfilling the vision of a Weather-and-Water Ready Nation.,United States of America,,7,nwsnwc,28,https://github.com/NOAA-OWP,"https://github.com/noaa-owp/snow17, https://github.com/NOAA-OWP/ras2fim, https://github.com/NOAA-OWP/t-route, https://github.com/NOAA-OWP/SoilFreezeThaw, https://github.com/NOAA-OWP/ngen, https://github.com/NOAA-OWP/inundation-mapping, https://github.com/NOAA-OWP/cfe",2022-11-14T09:15:07.386Z,2026-10-07T21:06:36.017Z,https://avatars.githubusercontent.com/u/60660814?v=4,,"Cryosphere, Climate Change, Natural Resources, Natural Resources, Natural Resources, Climate Change, Hydrosphere","Snow and Permafrost, Natural Hazard and Storms, Water Supply and Quality, Soil and Land, Water Supply and Quality, Natural Hazard and Storms, Freshwater and Hydrology",USA,government agency,,https://water.noaa.gov
Plant-for-the-Planet,Plant-for-the-Planet-org,,,support@plant-for-the-planet.org,3,,27,https://github.com/Plant-for-the-Planet-org,"https://github.com/Plant-for-the-Planet-org/planet-webapp, https://github.com/Plant-for-the-Planet-org/treemapper, https://github.com/Plant-for-the-Planet-org/FireAlert",2022-11-13T14:16:31.874Z,2026-10-06T20:24:02.768Z,https://avatars.githubusercontent.com/u/6512301?v=4,'https://github.com/sponsors/Plant-for-the-Planet-org',"Biosphere, Biosphere, Biosphere","Deforestation and Reforestation, Deforestation and Reforestation, Wildfire",Germany,non-profit,,https://www.plant-for-the-planet.org
ESMG,ESMG,,,,1,,27,https://github.com/ESMG,https://github.com/ESMG/pyroms,2022-11-02T22:46:10.869Z,2026-10-06T22:16:05.600Z,https://avatars.githubusercontent.com/u/18122841?v=4,,Hydrosphere,Ocean Models,Canada,academia,,https://www.myroms.org/
SmartTensors,SmartTensors,"Unsupervised, Supervised and Physics-Informed (Scientific) Machine Learning",United States of America,velimir.vesselinov@gmail.com,1,,8,https://github.com/SmartTensors,https://github.com/SmartTensors/GeoThermalCloud.jl,2022-11-14T19:55:22.846Z,2026-10-06T22:42:11.689Z,https://avatars.githubusercontent.com/u/75088073?v=4,,Renewable Energy,Geothermal Energy,USA,community,,http://EnviTrace.com
DLR Institute of Atmospheric Physics,dlr-pa,German Aerospace Center (DLR) e.V. ,"Oberpfaffenhofen, Germany",,2,,12,https://github.com/dlr-pa,"https://github.com/dlr-pa/oac, https://github.com/dlr-pa/climaccf",2022-11-18T04:21:02.856Z,2026-10-03T01:30:39.247Z,https://avatars.githubusercontent.com/u/58212364?v=4,,"Emissions, Climate Change","Emission Observation and Modeling, Climate Data Processing and Analysis",Germany,government agency,,https://www.dlr.de/pa
Sienna Platform,Sienna-Platform,Open Source Libraries for Scientific Energy Systems Analysis,United States of America,,4,,44,https://github.com/Sienna-Platform,"https://github.com/sienna-platform/powersimulations.jl, https://github.com/sienna-platform/powersystems.jl, https://github.com/sienna-platform/infrastructuresystems.jl, https://github.com/sienna-platform/hydropowersimulations.jl",2022-11-14T08:17:29.270Z,2026-10-07T04:05:09.935Z,https://avatars.githubusercontent.com/u/44615001?v=4,,"Energy Systems, Energy Systems, Energy Systems, Renewable Energy","Energy System Modeling Frameworks, Energy System Modeling Frameworks, Grid Management and Microgrid, Hydro Energy",,,,https://sienna-platform.github.io/Sienna/
MIT LAE,MIT-LAE,MIT Laboratory for Aviation and the Environment,United States of America,,1,,2,https://github.com/MIT-LAE,https://github.com/mit-lae/apcemm,2022-11-14T06:44:13.653Z,2026-10-06T22:16:24.107Z,https://avatars.githubusercontent.com/u/98771357?v=4,,Atmosphere,Atmospheric Chemistry and Aerosol,USA,academia,,https://lae.mit.edu
Global Biodiversity Information Facility,gbif,,"Copenhagen, Denmark",,3,,424,https://github.com/gbif,"https://github.com/gbif/ipt, https://github.com/gbif/pygbif, https://github.com/gbif/name-parser",2022-11-05T14:41:11.499Z,2026-10-02T22:38:09.810Z,https://avatars.githubusercontent.com/u/1963797?v=4,,"Biosphere, Biosphere, Biosphere","Biodiversity Data Access and Management, Biodiversity Data Access and Management, Biodiversity Data Cleaning and Standardization",Global,collaboration,,https://www.gbif.org
CloudDrift,Cloud-Drift,A platform for accelerating research with Lagrangian climate data,United States of America,,1,CloudDrift2,4,https://github.com/Cloud-Drift,https://github.com/Cloud-Drift/clouddrift,2023-06-13T03:24:03.830Z,2026-10-06T22:42:19.606Z,https://avatars.githubusercontent.com/u/91622877?v=4,,Atmosphere,Atmospheric Dispersion and Transport,USA,community,,https://clouddrift.org
NASA Jet Propulsion Laboratory,nasa-jpl,A world leader in the robotic exploration of space,"Pasadena, California, US",github@jpl.nasa.gov,2,,155,https://github.com/nasa-jpl,"https://github.com/nasa-jpl/its_live, https://github.com/nasa-jpl/captoolkit",2022-11-11T01:23:55.645Z,2026-10-03T02:44:37.349Z,https://avatars.githubusercontent.com/u/10360932?v=4,,"Cryosphere, Cryosphere","Glacier and Ice Sheets, Glacier and Ice Sheets",USA,government agency,,https://www.jpl.nasa.gov
Syke Open Development,sykefi,Finnish Environment Institute (Syke),Finland,,1,SYKEint,45,https://github.com/sykefi,https://github.com/sykefi/prtr,2022-11-15T20:07:29.566Z,2026-10-03T02:45:08.994Z,https://avatars.githubusercontent.com/u/53511058?v=4,,Emissions,Carbon Offsets and Trading,Finland,academia,,http://www.syke.fi
U.S. Environmental Protection Agency,USEPA,,United States of America,,20,EPA,449,https://github.com/USEPA,"https://github.com/USEPA/haztrak, https://github.com/usepa/gepa, https://github.com/USEPA/RAQSAPI, https://github.com/usepa/egrid, https://github.com/USEPA/e-manifest, https://github.com/USEPA/EPA_MOVES_Model, https://github.com/USEPA/cam-api-portal, https://github.com/usepa/ssn2, https://github.com/usepa/comptox-expocast-httk, https://github.com/usepa/wntr, https://github.com/usepa/useeior, https://github.com/usepa/flowsa, https://github.com/usepa/stormwater-management-model, https://github.com/USEPA/FrEDI, https://github.com/usepa/epatada, https://github.com/USEPA/EPA_ALPHA_Model, https://github.com/USEPA/emf, https://github.com/USEPA/CMAQ, https://github.com/usepa/streamcat, https://github.com/USEPA/AMET",2022-11-03T23:38:50.125Z,2024-04-14T19:49:15.808Z,https://avatars.githubusercontent.com/u/1304320?v=4,,"Industrial Ecology, Emissions, Natural Resources, Energy Systems, Industrial Ecology, Emissions, Emissions, Hydrosphere, Natural Resources, Natural Resources, Industrial Ecology, Industrial Ecology, Natural Resources, Climate Change, Natural Resources, Emissions, Emissions, Natural Resources, Hydrosphere, Natural Resources","Circular Economy and Waste, Emission Observation and Modeling, Air Quality, Energy Data Accessibility and Integration, Circular Economy and Waste, Emission Observation and Modeling, Emission Observation and Modeling, Ocean Models, Ecotoxicology, Water Supply and Quality, Input Output Model, Life Cycle Assessment, Water Supply and Quality, Natural Hazard and Storms, Water Supply and Quality, Emission Observation and Modeling, Emission Observation and Modeling, Air Quality, Ocean and Hydrology Data Access, Air Quality",USA,government agency,,https://www.epa.gov
CNES,CNES,,,,1,,67,https://github.com/CNES,https://github.com/cnes/aviso-fes,2022-11-09T22:18:19.955Z,2026-10-06T23:15:17.583Z,https://avatars.githubusercontent.com/u/30655936?v=4,,Hydrosphere,Waves and Currents,,,,https://cnes.fr
MARIO,it-is-me-mario,Multifunctional Analysis of Regions through Input-Output,,,1,,9,https://github.com/it-is-me-mario,https://github.com/it-is-me-mario/mario,2023-03-09T21:42:06.053Z,2026-10-03T03:57:12.319Z,https://avatars.githubusercontent.com/u/121170888?v=4,,Industrial Ecology,Input Output Model,Italy,academia,,https://mario-suite.readthedocs.io/en/latest/index.html
"Department of Biodiversity, Conservation and Attractions",dbca-wa,The department's home for software developed on behalf of the government of Western Australia,"Perth, Western Australia",asi@dbca.wa.gov.au,2,,234,https://github.com/dbca-wa,"https://github.com/dbca-wa/wastd, https://github.com/dbca-wa/firehistory",2022-11-03T19:58:24.319Z,2026-10-03T02:36:07.729Z,https://avatars.githubusercontent.com/u/16628708?v=4,,"Biosphere, Biosphere","Marine Life and Fishery, Wildfire",Australia,government agency,,https://www.dbca.wa.gov.au/
Simulator of Hydrological Unstructured Domains,SHUD-System,Numeric simulator for integrated watershed to continental hydrological simulation,China,shud.model@gmail.com,1,,2,https://github.com/SHUD-System,https://github.com/SHUD-System/SHUD,2022-11-18T21:46:50.142Z,2026-10-06T23:34:36.470Z,https://avatars.githubusercontent.com/u/56498531?v=4,,Hydrosphere,Freshwater and Hydrology,China,academia,,https://www.shud.xyz/en/
PV-Tutorials,PV-Tutorials,Tutorial materials for open-source python packages for simulating and analyzing photovoltaic power systems,,pvlib-admin@googlegroups.com,2,,1,https://github.com/PV-Tutorials,"https://github.com/pv-tutorials/pv-tutorials.github.io, https://pvsc-python-tutorials.github.io/pvsc48-python-tutorial",2023-05-01T14:31:15.969Z,2026-10-06T23:05:07.247Z,https://avatars.githubusercontent.com/u/84424783?v=4,,"Sustainable Development, Sustainable Development","Education, Education",USA,community,,http://pv-tutorials.github.io
Contrails.org,contrailcirrus,Contrail cirrus modeling and management,,,1,,17,https://github.com/contrailcirrus,https://github.com/contrailcirrus/pycontrails,2023-03-28T20:08:33.424Z,2026-10-02T22:59:43.164Z,https://avatars.githubusercontent.com/u/108766390?v=4,,Climate Change,Earth and Climate Modeling,Global,collaboration,,https://contrails.org
FarmBot,FarmBot,Humanity's open-source CNC farming machine,,,1,farmbotio,8,https://github.com/FarmBot,https://github.com/FarmBot/Farmbot-Web-App,2022-11-06T22:34:47.347Z,2026-10-06T20:24:02.943Z,https://avatars.githubusercontent.com/u/5784869?v=4,,Consumption,Agriculture and Nutrition,USA,for-profit,,https://farm.bot
NASA,nasa,Read Instructions here: https://github.com/nasa/instructions/blob/master/docs/INSTRUCTIONS.md,United States of America,hq-open-innovation@mail.nasa.gov,6,,619,https://github.com/nasa,"https://github.com/nasa/LPDAAC-Data-Resources, https://github.com/nasa/cmr-stac, https://github.com/nasa/earthdata-search, https://github.com/nasa/vitals, https://github.com/nasa/NASAaccess, https://github.com/nasa/EMIT-Data-Resources",2022-11-03T02:50:31.106Z,2026-10-01T22:54:28.903Z,https://avatars.githubusercontent.com/u/848102?v=4,,"Sustainable Development, Sustainable Development, Sustainable Development, Sustainable Development, Climate Change, Emissions","Education, Data Catalogs and Interfaces, Data Catalogs and Interfaces, Education, Climate Data Processing and Analysis, Emission Observation and Modeling",USA,government agency,,https://www.nasa.gov/software
Project Pythia,ProjectPythia,Community learning resource for Python-based computing in the geosciences,United States of America,projectpythia@ucar.edu,5,Project_Pythia,21,https://github.com/ProjectPythia,"https://github.com/projectpythia/eo-datascience-cookbook, https://github.com/projectpythia/pythia-foundations, https://github.com/projectpythia/landsat-ml-cookbook, https://github.com/projectpythia/cmip6-cookbook, https://github.com/projectpythia/radar-cookbook",2022-11-14T06:14:58.113Z,2026-10-06T23:15:04.510Z,https://avatars.githubusercontent.com/u/75807555?v=4,,"Sustainable Development, Sustainable Development, Sustainable Development, Sustainable Development, Sustainable Development","Education, Education, Education, Education, Education",USA,community,,http://projectpythia.org
BEMRosetta,BEMRosetta,Hydrodynamic coefficients viewer and converter for Boundary Element Method solver formats ,,,1,,2,https://github.com/BEMRosetta,https://github.com/BEMRosetta/BEMRosetta,2023-02-15T06:00:52.022Z,2026-10-06T22:42:18.778Z,https://avatars.githubusercontent.com/u/79283040?v=4,,Renewable Energy,Hydro Energy,Global,community,,
Ecoverse,ecoverseR,R packages for Modeling Species Diversity and Distributions,,,2,,1,https://github.com/ecoverseR,"https://github.com/ecoverser/unmarked, https://github.com/ecoverseR/spOccupancy",2024-08-01T16:27:58.938Z,2026-10-06T23:15:01.308Z,https://avatars.githubusercontent.com/u/170126741?v=4,,"Biosphere, Biosphere","Biodiversity Analysis and Metrics, Species Distribution Modeling",Global,community,,
Applied Machine Learning (AML) Lab,TAMU-AML,Yu Ding's Research Group,United States of America,yu.ding@isye.gatech.edu,1,,2,https://github.com/TAMU-AML,https://github.com/tamu-aml/dswe-package,2022-11-17T12:51:14.108Z,2026-10-06T23:34:37.288Z,https://avatars.githubusercontent.com/u/62898812?v=4,,Renewable Energy,Wind Energy,USA,academia,,https://sites.google.com/view/yuding
Scottish Government Marine Directorate,MarineScotlandScience,Repository for Marine Science and Data Projects,Scotland,,1,,2,https://github.com/MarineScotlandScience,https://github.com/marinescotlandscience/stochlab,2024-03-25T09:58:20.057Z,2026-10-06T23:34:44.139Z,https://avatars.githubusercontent.com/u/13151918?v=4,,Renewable Energy,Wind Energy,UK,government agency,,http://www.gov.scot/Topics/marine/science
SLAC GISMo,slacgismo,100% Clean Energy for All,"SLAC National Accelerator Laboratory, Menlo Park, CA 94025",,3,,75,https://github.com/slacgismo,"https://github.com/slacgismo/TESS, https://github.com/slacgismo/pv-system-profiler, https://github.com/slacgismo/StatisticalClearSky",2022-11-14T20:16:06.407Z,2026-10-03T02:44:23.975Z,https://avatars.githubusercontent.com/u/19895500?v=4,,"Energy Systems, Renewable Energy, Renewable Energy","Energy System Modeling Frameworks, Photovoltaics and Solar Energy, Photovoltaics and Solar Energy",USA,academia,,https://gismo.slac.stanford.edu/
ecoinvent,ecoinvent,,"Zurich, Switzerland",engineering@ecoinvent.org,1,,9,https://github.com/ecoinvent,https://github.com/ecoinvent/lcia,2023-02-26T16:01:55.632Z,2026-10-03T03:56:13.699Z,https://avatars.githubusercontent.com/u/15966387?v=4,,Industrial Ecology,Life Cycle Assessment,Switzerland,for-profit,,https://www.ecoinvent.org
mobility-team,mobility-team,,,,1,,7,https://github.com/mobility-team,https://github.com/mobility-team/mobility,2022-11-14T05:01:11.259Z,2026-10-03T03:57:09.105Z,https://avatars.githubusercontent.com/u/105203080?v=4,,Consumption,Mobility and Transportation,France,community,,https://mobility-team.github.io/
Climate Modeling Alliance,CliMA,The next generation of climate models. Built in the open.,United States of America,clima@caltech.edu,12,ClimateMachine,67,https://github.com/CliMA,"https://github.com/CliMA/RRTMGP.jl, https://github.com/CliMA/ClimaAtmos.jl, https://github.com/CliMA/ClimaSeaIce.jl, https://github.com/clima/cloudmicrophysics.jl, https://github.com/CliMA/TurbulenceConvection.jl, https://github.com/clima/climaland.jl, https://github.com/clima/climacore.jl, https://github.com/clima/oceananigans.jl, https://github.com/clima/climaocean.jl, https://github.com/CliMA/CalibrateEDMF.jl, https://github.com/CliMA/LESbrary.jl, https://github.com/clima/land",2022-11-14T05:33:59.075Z,2026-10-07T22:35:16.240Z,https://avatars.githubusercontent.com/u/43161188?v=4,,"Atmosphere, Atmosphere, Cryosphere, Atmosphere, Atmosphere, Natural Resources, Climate Change, Hydrosphere, Cryosphere, Atmosphere, Hydrosphere, Climate Change","Radiative Transfer, Atmospheric Composition and Dynamics, Sea Ice, Atmospheric Chemistry and Aerosol, Atmospheric Composition and Dynamics, Soil and Land, Earth and Climate Modeling, Ocean Models, Sea Ice, Atmospheric Composition and Dynamics, Waves and Currents, Earth and Climate Modeling",USA,academia,,https://clima.caltech.edu
MacroEnergy,macroenergy,Multi-Energy Infrastructure & Operations Optimization,United States of America,,2,,9,https://github.com/macroenergy,"ps://github.com/macroenergy/macroenergy.jl, https://github.com/macroenergy/Dolphyn.jl",2023-05-09T14:33:37.902Z,2026-10-02T01:58:22.263Z,https://avatars.githubusercontent.com/u/114940386?v=4,,"Energy Systems, Renewable Energy","Energy System Modeling Frameworks, Hydro Energy",USA,academia,,https://energy.mit.edu/
U.S. Geological Survey,DOI-USGS,"By integrating our diverse scientific expertise, we understand complex natural science phenomena and provide scientific products that lead to solutions.",United States of America,gs_help_git@usgs.gov,12,USGS,59,https://github.com/DOI-USGS,"https://github.com/doi-usgs/hydrogeofetch, https://github.com/DOI-USGS/python-for-hydrology, https://github.com/DOI-USGS/snow-to-flow, https://github.com/doi-usgs/gw-conditions, https://github.com/DOI-USGS/delaware-basin-story, https://github.com/DOI-USGS/EGRET, https://github.com/doi-usgs/hyswap, https://github.com/DOI-USGS/dataretrieval-python, https://github.com/DOI-USGS/flow-tiles, https://github.com/DOI-USGS/HASP, https://github.com/DOI-USGS/COAWST, https://github.com/DOI-USGS/dataRetrieval",2022-11-05T08:13:26.577Z,2026-10-07T21:34:24.406Z,https://avatars.githubusercontent.com/u/65027635?v=4,,"Natural Resources, Sustainable Development, Cryosphere, Natural Resources, Hydrosphere, Natural Resources, Hydrosphere, Natural Resources, Hydrosphere, Natural Resources, Hydrosphere, Natural Resources","Water Supply and Quality, Education, Snow and Permafrost, Water Supply and Quality, Freshwater and Hydrology, Water Supply and Quality, Freshwater and Hydrology, Water Supply and Quality, Freshwater and Hydrology, Water Supply and Quality, Coastal and Reefs, Water Supply and Quality",USA,government agency,,https://www.usgs.gov/
flixOpt toolbox,flixOpt,,,,1,,1,https://github.com/flixOpt,https://github.com/flixopt/flixopt,2026-09-25T14:17:16.941Z,2026-10-06T20:24:03.163Z,https://avatars.githubusercontent.com/u/113443676?v=4,,Energy Systems,Energy System Modeling Frameworks,,,,
MIT Joint Program on the Science and Policy of Global Change,mit-jp,"We combine scientific research on changes to land, air, and water with innovative policy analysis to confront the global climate challenge.","Cambridge, Massachusetts, USA",globalchange@MIT.EDU,1,,18,https://github.com/mit-jp,https://github.com/mit-jp/climate-risk-map,2022-11-06T00:36:22.435Z,2026-10-03T01:31:54.456Z,https://avatars.githubusercontent.com/u/5703692?v=4,,Sustainable Development,Knowledge Platforms,USA,academia,,http://globalchange.mit.edu
Trefle,treflehq,"We are an open, freely accessible botanical data source and REST API",France,hello@trefle.io,1,trefle_api,3,https://github.com/treflehq,https://github.com/treflehq/trefle-api,2023-02-15T03:01:58.363Z,2024-05-01T09:30:27.550Z,https://avatars.githubusercontent.com/u/49616756?v=4,'https://github.com/sponsors/treflehq',Consumption,Agriculture and Nutrition,France,community,,https://trefle.io
IDEAS-lab,ideas-lab-nus,,Singapore,adrian.chong@nus.edu.sg,1,,34,https://github.com/ideas-lab-nus,https://github.com/ideas-lab-nus/epwshiftr,2022-11-17T19:32:49.676Z,2026-10-03T02:45:07.342Z,https://avatars.githubusercontent.com/u/49540067?v=4,,Climate Change,Climate Data Processing and Analysis,Singapore,academia,,https://ideaslab.io
PADAS,PADAS,,,,1,,9,https://github.com/PADAS,https://github.com/padas/er-server,2022-11-11T19:29:36.959Z,2026-10-06T23:34:37.180Z,https://avatars.githubusercontent.com/u/11528968?v=4,,Biosphere,Terrestrial Wildlife,,,,
neuralgcm,neuralgcm,,,,2,,5,https://github.com/neuralgcm,"https://github.com/neuralgcm/neuralgcm, https://github.com/neuralgcm/dinosaur",2024-12-04T05:03:56.478Z,2026-10-01T23:42:36.473Z,https://avatars.githubusercontent.com/u/190404709?v=4,,"Climate Change, Climate Change","Earth and Climate Modeling, Earth and Climate Modeling",Global,community,,
pySTEPS,pySTEPS,The nowcasting initiative,,,1,,5,https://github.com/pySTEPS,https://github.com/pySTEPS/pysteps,2022-11-18T09:26:53.985Z,2026-10-06T22:42:19.089Z,https://avatars.githubusercontent.com/u/40021569?v=4,,Natural Resources,Water Supply and Quality,Switzerland,academia,,https://pysteps.github.io/
Transitland,transitland,a community edited data service aggregating transit networks across metropolitan and rural areas around the world; maintained by @interline-io ,,hello@transit.land,1,,30,https://github.com/transitland,https://github.com/transitland/transitland-atlas,2022-11-05T15:04:30.866Z,2026-10-02T06:28:49.090Z,https://avatars.githubusercontent.com/u/9141652?v=4,,Consumption,Mobility and Transportation,USA,for-profit,,https://www.transit.land
prioritizr,prioritizr,,,,2,,24,https://github.com/prioritizr,"https://github.com/prioritizr/wdpar, https://github.com/prioritizr/prioritizr",2022-11-08T07:00:40.046Z,2026-10-03T01:32:10.641Z,https://avatars.githubusercontent.com/u/25472841?v=4,,"Biosphere, Biosphere","Conservation and Restoration, Conservation and Restoration",Global,community,,https://prioritizr.net/
osmcode,osmcode,Open Source Software for Working with OpenStreetMap Data,,info@osmcode.org,1,,23,https://github.com/osmcode,https://github.com/osmcode/osmcoastline,2022-11-03T12:44:15.332Z,2026-10-03T04:55:14.223Z,https://avatars.githubusercontent.com/u/5110770?v=4,,Hydrosphere,Coastal and Reefs,Global,community,,https://osmcode.org/
Orbio Earth,Orbio-Earth,,,,1,,1,https://github.com/Orbio-Earth,https://github.com/orbio-earth/project-eucalyptus,2025-06-19T12:29:38.478Z,2026-10-06T22:42:11.539Z,https://avatars.githubusercontent.com/u/84130272?v=4,,Emissions,Carbon Intensity and Accounting,Germany,for-profit,,https://orbio.earth
QuantAQ,quant-aq,,"Boston, MA",hello@quant-aq.com,1,,13,https://github.com/quant-aq,https://github.com/quant-aq/py-smps,2022-11-07T02:47:41.125Z,2026-10-03T02:45:07.653Z,https://avatars.githubusercontent.com/u/48217610?v=4,,Atmosphere,Atmospheric Chemistry and Aerosol,USA,for-profit,,https://www.quant-aq.com
CIRAIG,CIRAIG,,Montreal,,1,,3,https://github.com/CIRAIG,https://github.com/ciraig/openio-canada,2023-03-21T10:37:07.039Z,2026-10-06T23:05:29.947Z,https://avatars.githubusercontent.com/u/24471072?v=4,,Industrial Ecology,Input Output Model,,,,http://www.ciraig.org/
OpenDroneMap,OpenDroneMap,Creating the most sustainable drone mapping software with the friendliest community on earth.,Earth,,1,,89,https://github.com/OpenDroneMap,https://github.com/OpenDroneMap/FIELDimageR,2022-11-08T09:18:49.095Z,2024-10-30T03:50:10.635Z,https://avatars.githubusercontent.com/u/7285716?v=4,,Consumption,Agriculture and Nutrition,Global,community,,https://opendronemap.org
Breezy Weather,breezy-weather,,,,1,,13,https://github.com/breezy-weather,https://github.com/breezy-weather/breezy-weather,2023-06-25T20:31:01.992Z,2026-10-03T02:36:33.938Z,https://avatars.githubusercontent.com/u/136990641?v=4,,Atmosphere,Meteorological Observation and Forecast,Global,community,,
FathomNet,fathomnet,FathomNet is an open-source image database that can be used to train machine learning algorithms to help us understand our ocean and its inhabitants,United States of America,,1,fathomnet,9,https://github.com/fathomnet,https://github.com/fathomnet/fathomnet-py,2023-02-15T01:39:29.437Z,2026-10-03T04:55:30.874Z,https://avatars.githubusercontent.com/u/77417933?v=4,,Biosphere,Marine Life and Fishery,USA,non-profit,,http://www.fathomnet.org
Energy Innovation,EnergyInnovation,"Energy Innovation is an energy and climate policy firm working to accelerate decarbonization through unbiased, non-partisan research and analysis.",United States of America,,1,,15,https://github.com/EnergyInnovation,https://github.com/EnergyInnovation/eps-us,2022-11-18T09:27:18.316Z,2026-10-06T20:24:03.137Z,https://avatars.githubusercontent.com/u/112431470?v=4,,Energy Systems,Energy Policy,USA,academia,,https://energyinnovation.org
Smithsonian Institution (org),Smithsonian,Smithsonian Institution GitHub,"Washington, DC",,1,,132,https://github.com/Smithsonian,https://github.com/smithsonian/ccn-data-library,2022-11-03T04:47:53.574Z,2026-10-06T22:54:44.837Z,https://avatars.githubusercontent.com/u/3631392?v=4,,Hydrosphere,Coastal and Reefs,USA,government agency,,https://www.si.edu/
CNRM,UMR-CNRM,Centre National de Recherches Météorologiques (Météo France & CNRS),France,,2,,3,https://github.com/UMR-CNRM,"https://github.com/umr-cnrm/epygram, https://github.com/umr-cnrm/snowtools",2022-11-19T18:46:06.628Z,2026-10-07T17:06:54.383Z,https://avatars.githubusercontent.com/u/100850649?v=4,,"Hydrosphere, Cryosphere","Ocean and Hydrology Data Access, Snow and Permafrost",France,government agency,,http://www.umr-cnrm.fr
senseBox,sensebox,The senseBox is a Citizen Science DIY Toolbox for schools and citizens.,"Münster, Germany",support@sensebox.de,1,sensebox_de,119,https://github.com/sensebox,https://github.com/sensebox/openSenseMap,2022-11-06T19:51:04.037Z,2024-04-14T06:58:52.806Z,https://avatars.githubusercontent.com/u/7080570?v=4,,Natural Resources,Air Quality,Germany,academia,,https://www.sensebox.de
ÉPICBiodiversity,PoisotLab,Laboratoire d'Écologie Prédictive et Interprétable pour la Crise de la Biodiversité,"Montréal, Canada",,1,,68,https://github.com/PoisotLab,https://github.com/PoisotLab/SpeciesDistributionToolkit.jl,2022-11-03T19:14:31.585Z,2026-10-06T22:29:52.668Z,https://avatars.githubusercontent.com/u/7968754?v=4,,Biosphere,Species Distribution Modeling,Canada,academia,,https://epic-biodiversity.org/
Wavespectra,wavespectra,Libraries for ocean wave spectra,,,1,,4,https://github.com/wavespectra,https://github.com/wavespectra/wavespectra,2022-11-15T20:22:41.223Z,2026-10-02T22:59:27.645Z,https://avatars.githubusercontent.com/u/54727176?v=4,,Hydrosphere,Waves and Currents,Global,community,,https://wavespectra.readthedocs.io/en/latest/
rOpenSci,ropensci,Tools and R Packages for Open Science,,info@ropensci.org,48,,380,https://github.com/ropensci,"https://github.com/ropensci/GSODR, https://github.com/ropensci/eia, https://github.com/ropensci/spocc, https://github.com/ropensci/riem, https://github.com/ropensci/taxizedb, https://github.com/ropensci/NLMR, https://github.com/ropensci/baRulho, https://github.com/ropensci/fellingdater, https://github.com/ropensci/rmangal, https://github.com/ropensci/tidyhydat, https://github.com/ropensci/allodb, https://github.com/ropensci/dataaimsr, https://github.com/ropensci/qualR, https://github.com/ropensci/rnassqs, https://github.com/ropensci/weatheroz, https://github.com/ropensci/rcites, https://github.com/ropensci/hydroscoper, https://github.com/ropensci/mregions2, https://github.com/ropensci/prism, https://github.com/ropensci/chopin, https://github.com/ropensci/taxize, https://github.com/ropensci/coordinatecleaner, https://github.com/ropensci/rrricanes, https://github.com/ropensci/traits, https://github.com/ropensci/MODIStsp, https://github.com/ropensci/rgbif, https://github.com/ropensci/weathercan, https://github.com/ropensci/rfishbase, https://github.com/ropensci/smapr, https://github.com/ropensci/agroclimatico, https://github.com/ropensci/gbifdb, https://github.com/ropensci/worrms, https://github.com/ropensci/stplanr, https://github.com/ropensci/chirps, https://github.com/ropensci/roptram, https://github.com/ropensci/rnoaa, https://github.com/ropensci/epair, https://github.com/ropensci/rsat, https://github.com/ropensci/FedData, https://github.com/ropensci/nasapower, https://github.com/ropensci/getCRUCLdata, https://github.com/ropensci/rredlist, https://github.com/ropensci/rfisheries, https://github.com/ropensci/rinat, https://github.com/ropensci/rotl, https://github.com/ropensci/rvertnet, https://github.com/ropensci/forcis, https://github.com/ropensci/cde",2022-11-02T19:23:08.224Z,2026-10-01T21:35:25.946Z,https://avatars.githubusercontent.com/u/1200269?v=4,,"Climate Change, Energy Systems, Biosphere, Atmosphere, Sustainable Development, Natural Resources, Biosphere, Biosphere, Biosphere, Hydrosphere, Biosphere, Biosphere, Natural Resources, Consumption, Climate Change, Biosphere, Hydrosphere, Hydrosphere, Climate Change, Climate Change, Biosphere, Biosphere, Climate Change, Biosphere, Sustainable Development, Biosphere, Atmosphere, Biosphere, Natural Resources, Climate Change, Biosphere, Biosphere, Consumption, Climate Change, Natural Resources, Climate Change, Sustainable Development, Sustainable Development, Sustainable Development, Renewable Energy, Climate Change, Biosphere, Biosphere, Biosphere, Biosphere, Biosphere, Biosphere, Natural Resources","Climate Data Access and Visualization, Energy Data Accessibility and Integration, Biodiversity Data Access and Management, Meteorological Observation and Forecast, Taxonomy and Ontology, Soil and Land, Bioacoustics and Acoustic Data Analysis, Forest Modeling and Analysis, Biodiversity Data Access and Management, Ocean and Hydrology Data Access, Biomass, Marine Life and Fishery, Air Quality, Agriculture and Nutrition, Climate Data Processing and Analysis, Terrestrial Wildlife, Freshwater and Hydrology, Ocean and Hydrology Data Access, Climate Data Access and Visualization, Climate Data Processing and Analysis, Biodiversity Data Access and Management, Biodiversity Data Cleaning and Standardization, Natural Hazard and Storms, Biodiversity Data Access and Management, Environmental Satellites, Biodiversity Data Access and Management, Meteorological Observation and Forecast, Marine Life and Fishery, Soil and Land, Climate Data Processing and Analysis, Biodiversity Data Access and Management, Marine Life and Fishery, Mobility and Transportation, Climate Data Access and Visualization, Soil and Land, Climate Data Access and Visualization, Data Catalogs and Interfaces, Environmental Satellites, Data Catalogs and Interfaces, Photovoltaics and Solar Energy, Climate Data Processing and Analysis, Biodiversity Data Access and Management, Marine Life and Fishery, Biodiversity Data Access and Management, Biodiversity Data Access and Management, Biodiversity Data Access and Management, Marine Life and Fishery, Water Supply and Quality",USA,non-profit,,https://ropensci.org/
p2irc,p2irc,p2irc,University of Saskatchewan,,1,,17,https://github.com/p2irc,https://github.com/p2irc/deepplantphenomics,2022-11-16T23:23:03.248Z,2026-10-03T03:55:31.181Z,https://avatars.githubusercontent.com/u/27709041?v=4,,Biosphere,Plants and Vegetation,Canada,academia,,http://p2irc.usask.ca
Wildlife Dynamics,wildlife-dynamics,,,,1,,91,https://github.com/wildlife-dynamics,https://github.com/wildlife-dynamics/ecoscope,2022-11-19T20:32:54.517Z,2026-10-02T21:27:36.961Z,https://avatars.githubusercontent.com/u/94534350?v=4,,Biosphere,Conservation and Restoration,Global,community,25 Oct 2025,https://www.wildlifedynamics.com/
The Open Source Spatial Electrification Tool,OnSSET,,,,1,,3,https://github.com/OnSSET,https://github.com/OnSSET/onsset,2022-11-13T17:45:36.987Z,2026-10-06T22:42:11.043Z,https://avatars.githubusercontent.com/u/57988767?v=4,,Energy Systems,Energy System Modeling Frameworks,Sweden,academia,,http://www.onsset.org
Open Data Stuttgart,opendata-stuttgart,,"Stuttgart, Germany",,1,,32,https://github.com/opendata-stuttgart,https://github.com/opendata-stuttgart/sensor.community,2022-11-12T00:03:26.847Z,2026-10-03T04:26:43.474Z,https://avatars.githubusercontent.com/u/11635590?v=4,,Natural Resources,Air Quality,Germany,non-profit,,http://codefor.de/stuttgart/
The Signal Intelligence Project,sintel-dev,"Systems and tools to design, develop and deploy AI applications  on top of signals. ",,dai-lab@mit.edu,1,,13,https://github.com/sintel-dev,https://github.com/sintel-dev/Draco,2022-11-16T07:44:36.624Z,2026-10-02T02:56:23.185Z,https://avatars.githubusercontent.com/u/13336772?v=4,,Renewable Energy,Wind Energy,USA,academia,,https://dai.lids.mit.edu/
eurec4a,eurec4a,,,,1,,13,https://github.com/eurec4a,https://github.com/eurec4a/eurec4a-intake,2022-11-14T07:14:17.741Z,2026-10-03T04:27:19.246Z,https://avatars.githubusercontent.com/u/58219792?v=4,,Atmosphere,Atmospheric Chemistry and Aerosol,EU,government agency,,http://eurec4a.eu
CH-Earth: Computational Hydrology for a small planet,CH-Earth,"Computational software for hydrology and related geosciences from collaborative multi-institution projects (e.g., NCAR, U. Saskatchewan, U. Washington)",,,1,,10,https://github.com/CH-Earth,https://github.com/ch-earth/summa,2022-11-08T20:01:37.431Z,2026-10-06T21:39:05.686Z,https://avatars.githubusercontent.com/u/61923501?v=4,,Hydrosphere,Freshwater and Hydrology,,,,
Our World in Data,owid,Research and data to make progress against the world’s largest problems,United Kingdom,,3,OurWorldInData,53,https://github.com/owid,"https://github.com/owid/energy-data, https://github.com/owid/etl, https://github.com/owid/co2-data",2022-11-12T13:37:39.308Z,2026-10-02T02:59:58.601Z,https://avatars.githubusercontent.com/u/14187135?v=4,'https://ourworldindata.org/donate',"Energy Systems, Sustainable Development, Emissions","Energy Data Accessibility and Integration, Data Catalogs and Interfaces, Emission Observation and Modeling",UK,non-profit,,https://ourworldindata.org
pylandtemp,pylandtemp,pylandtemp is a Python tool for retrieving land surface temperature from Landsat 8 satellite imagery using the mono-window and split-window techniques,United States of America,mudeledimeji@gmail.com,1,,1,https://github.com/pylandtemp,https://github.com/pylandtemp/pylandtemp,2026-09-24T18:56:00.927Z,2026-10-02T06:29:33.799Z,https://avatars.githubusercontent.com/u/95449903?v=4,,Climate Change,Climate Data Access and Visualization,,,,
KfW Bankengruppe,openkfw,This is the repository for KfW open source projects,Frankfurt,,1,,24,https://github.com/openkfw,https://github.com/openkfw/germanrenewableenergy,2022-11-15T06:08:42.080Z,2026-10-03T03:56:15.714Z,https://avatars.githubusercontent.com/u/45228888?v=4,,Energy Systems,Renewable Energy Integration,Germany,government agency,,https://www.kfw.de/kfw.de.html
pyswmm,pyswmm,,United States of America,,2,,10,https://github.com/pyswmm,"https://github.com/pyswmm/pyswmm, https://github.com/pyswmm/swmmio",2023-05-04T14:11:37.604Z,2026-10-03T03:57:14.123Z,https://avatars.githubusercontent.com/u/132501370?v=4,,"Natural Resources, Natural Resources","Water Supply and Quality, Water Supply and Quality",USA,community,,https://www.pyswmm.org
CSIRO Oceans and Atmosphere - Coastal Informatics Team,onaci,,Australia,,1,,50,https://github.com/onaci,https://github.com/onaci/leaflet-velocity,2022-11-15T03:12:12.136Z,2026-10-03T03:51:53.952Z,https://avatars.githubusercontent.com/u/34732655?v=4,,Hydrosphere,Waves and Currents,Australia,government agency,,https://www.csiro.au/en/about/people/business-units/Oceans-and-Atmosphere
AgriculturalModelExchangeInitiative,AgriculturalModelExchangeInitiative,,,,1,,7,https://github.com/AgriculturalModelExchangeInitiative,https://github.com/agriculturalmodelexchangeinitiative/pycrop2ml,2022-11-15T16:46:09.621Z,2026-10-06T22:54:45.891Z,https://avatars.githubusercontent.com/u/21251662?v=4,,Consumption,Agriculture and Nutrition,Global,collaboration,,https://crop2ml.org/AMEI/Vision
RES Group,resgroup,Renewable Energy Systems,,,1,,11,https://github.com/resgroup,https://github.com/resgroup/wind-up,2022-11-17T22:01:11.923Z,2026-10-03T05:47:30.747Z,https://avatars.githubusercontent.com/u/10728847?v=4,,Renewable Energy,Wind Energy,,,,https://www.res-group.com
Santander Meteorology Group (UC-CSIC),SantanderMetGroup,a multidisciplinary approach to weather & climate,Santander,,4,SantanderMeteo,77,https://github.com/SantanderMetGroup,"https://github.com/SantanderMetGroup/climate4R, https://github.com/SantanderMetGroup/ATLAS, https://github.com/SantanderMetGroup/downscaleR, https://github.com/SantanderMetGroup/loadeR",2022-11-06T09:42:49.289Z,2026-10-06T23:04:59.441Z,https://avatars.githubusercontent.com/u/5774630?v=4,,"Climate Change, Climate Change, Climate Change, Climate Change","Climate Downscaling, Climate Data Access and Visualization, Climate Downscaling, Climate Data Access and Visualization",Spain,academia,,http://www.meteo.unican.es
Open Water Analytics,OpenWaterAnalytics,,,,3,,22,https://github.com/OpenWaterAnalytics,"https://github.com/OpenWaterAnalytics/epanet-rtx, https://github.com/OpenWaterAnalytics/EPyT, https://github.com/OpenWaterAnalytics/EPANET",2022-11-03T08:29:18.396Z,2026-10-07T16:56:16.463Z,https://avatars.githubusercontent.com/u/2392819?v=4,,"Natural Resources, Natural Resources, Natural Resources","Water Supply and Quality, Water Supply and Quality, Water Supply and Quality",Global,community,,http://wateranalytics.org
Sandia National Laboratories,sandialabs,Exceptional service in the national interest.,United States,,9,,851,https://github.com/sandialabs,"https://github.com/sandialabs/hyram, https://github.com/sandialabs/CACTUS, https://github.com/sandialabs/pvcracks, https://github.com/sandialabs/Albany, https://github.com/sandialabs/pyNuMAD, https://github.com/sandialabs/WecOptTool, https://github.com/sandialabs/MEWS, https://github.com/sandialabs/pvOps, https://github.com/sandialabs/snl-quest",2022-11-03T05:35:26.920Z,2026-10-02T01:39:56.793Z,https://avatars.githubusercontent.com/u/4993680?v=4,,"Energy Storage, Renewable Energy, Renewable Energy, Cryosphere, Renewable Energy, Renewable Energy, Atmosphere, Renewable Energy, Energy Storage","Hydrogen, Hydro Energy, Photovoltaics and Solar Energy, Glacier and Ice Sheets, Wind Energy, Hydro Energy, Meteorological Observation and Forecast, Photovoltaics and Solar Energy, Battery",USA,government agency,,https://software.sandia.gov
Climate Interactive,climateinteractive,,,support@climateinteractive.org,1,,5,https://github.com/climateinteractive,https://github.com/climateinteractive/sdeverywhere,2022-11-16T03:08:29.948Z,2026-10-02T23:26:34.917Z,https://avatars.githubusercontent.com/u/11531156?v=4,,Climate Change,Integrated Assessment and Climate Policy,USA,non-profit,,https://climateinteractive.org/
Plan4Better,plan4better,,Germany,info@plan4better.de,1,plan4better,41,https://github.com/plan4better,https://github.com/plan4better/goat,2022-11-14T06:22:00.597Z,2026-10-02T06:28:57.443Z,https://avatars.githubusercontent.com/u/58163984?v=4,,Consumption,Mobility and Transportation,,,,https://plan4better.de
EVerest,EVerest,"e-mobility powered by open source with EVerest, the charge point operating system",,everest@lists.lfenergy.org,1,EVerestInCharge,20,https://github.com/EVerest,https://github.com/EVerest/everest,2022-11-14T05:11:03.575Z,2026-10-06T23:35:37.927Z,https://avatars.githubusercontent.com/u/73219292?v=4,,Consumption,Mobility and Transportation,Germany,for-profit,,https://www.lfenergy.org/projects/everest/
Hotmaps,hotmaps,,,,1,,101,https://gitlab.com/hotmaps,https://gitlab.com/hotmaps/potential/WWTP,2023-05-22T15:00:47.402Z,2026-09-24T18:24:11.496Z,,,Natural Resources,Water Supply and Quality,Global,collaboration,,http://hotmaps-project.eu
sb-ai-lab,sb-ai-lab,We aim to share our AI-based solutions for both scientific and industrial purposes. Hope you will find them useful. Follow us in Telegram https://t.me/sb_ai_lab,,,1,,37,https://github.com/sb-ai-lab,https://github.com/sb-ai-lab/eco2ai,2022-11-14T09:56:01.128Z,2026-10-01T17:52:58.474Z,https://avatars.githubusercontent.com/u/103759388?v=4,,Consumption,Computation and Communication,Global,community,,https://t.me/sb_ai_lab
EMODnet,EMODnet,Your gateway to marine data in Europe,Belgium,secretariat@emodnet.ec.europa.eu,1,EMODnet,19,https://github.com/EMODnet,https://github.com/EMODnet/emodnet.wcs,2022-11-15T16:02:55.833Z,2026-10-06T21:06:39.845Z,https://avatars.githubusercontent.com/u/30047227?v=4,,Sustainable Development,Data Catalogs and Interfaces,EU,government agency,,https://emodnet.ec.europa.eu
US Integrated Ocean Observing System,ioos,"Software, tools, and technical documentation supporting IOOS Data Management and Cyberinfrastructure (DMAC).","Silver Spring, MD",data.ioos@noaa.gov,5,usioosgov,139,https://github.com/ioos,"https://github.com/ioos/ioos_qc, https://github.com/ioos/cloud-sandbox, https://github.com/ioos/compliance-checker, https://github.com/ioos/gliderpy, https://github.com/ioos/bio_data_guide",2022-11-03T14:01:18.424Z,2026-10-02T22:17:28.603Z,https://avatars.githubusercontent.com/u/5313832?v=4,,"Hydrosphere, Hydrosphere, Climate Change, Hydrosphere, Biosphere","Ocean and Hydrology Data Access, Coastal and Reefs, Climate Data Standards, Ocean and Hydrology Data Access, Biodiversity Data Cleaning and Standardization",USA,government agency,,http://ioos.github.io
USDA ARS Northwest Watershed Research Center,USDA-ARS-NWRC,,"Boise, ID",,1,,11,https://github.com/USDA-ARS-NWRC,https://github.com/USDA-ARS-NWRC/awsm,2022-11-11T13:24:19.781Z,2026-10-06T22:16:18.895Z,https://avatars.githubusercontent.com/u/31993374?v=4,,Natural Resources,Water Supply and Quality,USA,government agency,,https://www.ars.usda.gov/pacific-west-area/boise-id/northwest-watershed-research-center/
uDALES,uDALES,,,,1,,3,https://github.com/uDALES,https://github.com/uDALES/u-dales,2023-03-11T14:47:55.783Z,2026-10-06T22:42:31.272Z,https://avatars.githubusercontent.com/u/52163074?v=4,,Climate Change,Earth and Climate Modeling,Netherlands,community,,https://udales.github.io/u-dales/
MITRE Fireline,mitrefireline,,,fireline@mitre.org,1,,5,https://github.com/mitrefireline,https://github.com/mitrefireline/simfire,2023-04-28T05:43:31.259Z,2026-10-03T01:32:29.923Z,https://avatars.githubusercontent.com/u/116850943?v=4,,Biosphere,Wildfire,USA,academia,,http://fireline.mitre.org
HiveGuard AI,HiveGuard-AI,,United States of America,,1,,1,https://github.com/HiveGuard-AI,https://github.com/hiveguard-ai/taxonomy4good,2023-10-08T22:31:24.006Z,2026-10-06T21:06:37.889Z,https://avatars.githubusercontent.com/u/118774077?v=4,,Sustainable Development,Taxonomy and Ontology,USA,for-profit,,http://gooddatahub.co
TRanslating ENvironmental CHange,trenchproject,We build computational and visualization tools to translate environmental change into organismal responses.,"Biology Department, University of Washington, Seattle, WA",,1,,33,https://github.com/trenchproject,https://github.com/trenchproject/trenchr,2022-11-06T11:23:45.632Z,2026-10-03T03:55:50.150Z,https://avatars.githubusercontent.com/u/22244755?v=4,,Biosphere,Ecological and Environmental Modeling,Global,community,,https://trenchproject.github.io/
openamundsen,openamundsen,,,,1,,8,https://github.com/openamundsen,https://github.com/openamundsen/openamundsen,2022-11-15T23:30:14.171Z,2026-10-03T02:45:06.617Z,https://avatars.githubusercontent.com/u/79698184?v=4,,Cryosphere,Sea Ice,,,,
SESIT,sesit,The SESIT (Sustainable Energy Systems Integration & Transitions) Group is led by Dr. Madeleine McPherson at UVic. The team develops and applies models to understand the sustainable energy system transition. ,,,1,,17,https://gitlab.com/sesit,https://gitlab.com/sesit/copper,2025-02-20T19:40:41.788Z,2026-09-25T20:26:56.900Z,,,Energy Systems,Energy System Modeling Frameworks,Canada,academia,2025-10-25,https://sesit.cive.uvic.ca/
awebox,awebox,,,,1,,1,https://github.com/awebox,https://github.com/awebox/awebox,2022-11-13T10:28:27.180Z,2026-10-03T01:32:30.236Z,https://avatars.githubusercontent.com/u/49553965?v=4,,Renewable Energy,Wind Energy,Germany,for-profit,,http://Permanently closed
Microsoft,microsoft,Open source projects and samples from Microsoft,"Redmond, WA",opensource@microsoft.com,9,OpenAtMicrosoft,8079,https://github.com/microsoft,"https://github.com/microsoft/climax, https://github.com/microsoft/batteryml, https://github.com/microsoft/aerial_wildlife_detection, https://github.com/microsoft/AIforEarthDataSets, https://github.com/microsoft/biodiversity, https://github.com/microsoft/global-renewables-watch, https://github.com/microsoft/aurora, https://github.com/microsoft/PlanetaryComputerDataCatalog, https://github.com/microsoft/farmvibes-ai",2022-11-02T16:20:12.368Z,2026-10-05T05:50:08.243Z,https://avatars.githubusercontent.com/u/6154722?v=4,,"Climate Change, Energy Storage, Biosphere, Sustainable Development, Biosphere, Energy Systems, Atmosphere, Sustainable Development, Consumption","Earth and Climate Modeling, Battery, Terrestrial Wildlife, Data Catalogs and Interfaces, Terrestrial Wildlife, Energy Data Accessibility and Integration, Atmospheric Composition and Dynamics, Data Catalogs and Interfaces, Agriculture and Nutrition",USA,for-profit,,https://opensource.microsoft.com
wimlds-trojmiasto,wimlds-trojmiasto,,,,1,,9,https://github.com/wimlds-trojmiasto,https://github.com/wimlds-trojmiasto/detect-waste,2023-03-03T10:56:42.650Z,2026-10-02T21:52:35.642Z,https://avatars.githubusercontent.com/u/52125053?v=4,,Industrial Ecology,Circular Economy and Waste,Global,for-profit,,http://wimlds.org
Open Energy Family,OpenEnergyPlatform,The Open Energy Family and Open Energy Platform,"Magdeburg, Germany",,4,,25,https://github.com/OpenEnergyPlatform,"https://github.com/openenergyplatform/climate-energy-policy-ontology, https://github.com/OpenEnergyPlatform/ontology, https://github.com/openenergyplatform/open-mastr, https://github.com/OpenEnergyPlatform/oeplatform",2022-11-12T17:34:46.870Z,2026-10-07T16:56:35.571Z,https://avatars.githubusercontent.com/u/37101913?v=4,,"Sustainable Development, Sustainable Development, Energy Systems, Energy Systems","Taxonomy and Ontology, Taxonomy and Ontology, Energy Data Accessibility and Integration, Energy System Modeling Frameworks",Germany,collaboration,,https://github.com/OpenEnergyPlatform/organisation/blob/master/README.md
Data Clinic @ Two Sigma,tsdataclinic,"We bring Two Sigma’s people, data science skills, and technological know-how to help our partners to use data and tech more effectively.","New York, NY",,1,,32,https://github.com/tsdataclinic,https://github.com/tsdataclinic/TREC,2022-11-14T17:27:16.170Z,2026-10-03T03:51:56.425Z,https://avatars.githubusercontent.com/u/28900740?v=4,,Climate Change,Natural Hazard and Storms,USA,for-profit,,https://dataclinic.twosigma.com/
EnergyScope,energyscope,,,,1,,1,https://gitlab.com/energyscope,https://gitlab.com/energyscope/energyscope,2024-12-10T16:42:01.569Z,2026-09-25T21:12:11.473Z,,,Energy Systems,Energy System Modeling Frameworks,,,,
AtChem,AtChem,,,,1,,1,https://github.com/AtChem,https://github.com/atchem/atchem2,2022-11-08T23:27:17.948Z,2026-10-06T23:05:34.472Z,https://avatars.githubusercontent.com/u/26573296?v=4,,Atmosphere,Atmospheric Chemistry and Aerosol,,,,
Brightway LCA Software Framework,brightway-lca,Open source framework for Brightway framework,,,5,,74,https://github.com/brightway-lca,"https://github.com/brightway-lca/brightway2, https://github.com/brightway-lca/ecoinvent_interface, https://github.com/brightway-lca/bw_timex, https://github.com/brightway-lca/brightway2-data, https://github.com/brightway-lca/brightway-book",2022-11-15T23:26:10.702Z,2026-10-02T22:17:19.747Z,https://avatars.githubusercontent.com/u/26960762?v=4,,"Industrial Ecology, Industrial Ecology, Industrial Ecology, Industrial Ecology, Sustainable Development","Life Cycle Assessment, Life Cycle Assessment, Life Cycle Assessment, Life Cycle Assessment, Education",Global,community,,https://docs.brightway.dev/
Kleis Technology,kleis-technology,,,,2,,11,https://github.com/kleis-technology,"https://github.com/kleis-technology/lcaac, https://github.com/kleis-technology/cloud-assess",2023-04-28T21:39:57.461Z,2026-10-03T04:55:46.726Z,https://avatars.githubusercontent.com/u/69863653?v=4,,"Industrial Ecology, Consumption","Life Cycle Assessment, Computation and Communication",Switzerland,for-profit,,https://kleis.ch
MobilityData IO,MobilityData,Better transportation through data,Canada,hello@mobilitydata.org,2,,32,https://github.com/MobilityData,"https://github.com/mobilitydata/awesome-transit, https://github.com/MobilityData/gbfs",2022-11-03T15:08:55.841Z,2026-10-07T17:07:04.153Z,https://avatars.githubusercontent.com/u/41021710?v=4,,"Sustainable Development, Consumption","Curated Lists, Mobility and Transportation",Global,collaboration,,https://mobilitydata.org/
spatial-ews,spatial-ews,,,,1,,3,https://github.com/spatial-ews,https://github.com/spatial-ews/spatialwarnings,2022-11-13T04:47:00.661Z,2026-10-03T02:45:19.782Z,https://avatars.githubusercontent.com/u/25773075?v=4,,Biosphere,Conservation and Restoration,Global,community,,
ECSIM,ECSIM,Electrochemistry Simulation Tools,United States of America,info@ecsim.site,3,,4,https://github.com/ECSIM,"https://github.com/ECSIM/pem-dataset1, https://github.com/ecsim/opem, https://github.com/ECSIM/gopem",2022-11-11T14:07:04.284Z,2026-10-07T21:06:32.975Z,https://avatars.githubusercontent.com/u/34425602?v=4,,"Energy Storage, Energy Storage, Energy Storage","Hydrogen, Hydrogen, Hydrogen",Iran,academia,,https://ecsim.site
PRIMAP,primap-community,,,,3,,8,https://github.com/primap-community,"https://github.com/primap-community/climate_categories, https://github.com/primap-community/primap2, https://github.com/primap-community/unfccc_di_api",2023-03-05T19:48:36.726Z,2026-10-03T00:51:43.110Z,https://avatars.githubusercontent.com/u/114724539?v=4,,"Sustainable Development, Climate Change, Emissions","Taxonomy and Ontology, Integrated Assessment and Climate Policy, Emission Observation and Modeling",Germany,collaboration,,https://primap.org/
Weecology,weecology,,,,6,,207,https://github.com/weecology,"https://github.com/weecology/DeepTreeAttention, https://github.com/weecology/portalcasting, https://github.com/weecology/NeonTreeEvaluation, https://github.com/weecology/DeepForest, https://github.com/weecology/PortalData, https://github.com/weecology/forecasting-course",2022-11-02T21:15:58.355Z,2026-10-02T01:54:14.852Z,https://avatars.githubusercontent.com/u/1156696?v=4,,"Biosphere, Biosphere, Biosphere, Biosphere, Biosphere, Sustainable Development","Forest Remote Sensing, Ecological and Environmental Modeling, Forest Remote Sensing, Forest Remote Sensing, Biodiversity Data Access and Management, Education",USA,academia,,http://weecology.org
Sh**t! I Smoke,shootismoke,See your city's air pollution measured in daily cigarettes. Web/iOS/Android.,,hi@shootismoke.app,1,,5,https://github.com/shootismoke,https://github.com/shootismoke/mobile-app,2022-11-14T02:27:59.518Z,2026-10-03T04:27:18.181Z,https://avatars.githubusercontent.com/u/38987097?v=4,,Natural Resources,Air Quality,Global,community,,https://shootismoke.app
PyPSA,PyPSA,Python for Power System Analysis,,,10,,29,https://github.com/PyPSA,"https://github.com/pypsa/pypsa-china, https://github.com/pypsa/technology-data, https://github.com/PyPSA/pypsa-usa, https://github.com/PyPSA/PyPSA, https://github.com/PyPSA/whobs-server, https://github.com/PyPSA/powerplantmatching, https://github.com/pypsa/pypsa-eur, https://github.com/PyPSA/247-cfe, https://github.com/pypsa/atlite, https://github.com/pypsa/pypsa-de",2022-11-03T20:08:34.285Z,2026-10-07T23:05:12.794Z,https://avatars.githubusercontent.com/u/32890768?v=4,,"Energy Systems, Energy Systems, Energy Systems, Energy Systems, Energy Systems, Energy Systems, Energy Systems, Energy Systems, Energy Systems, Energy Systems","Global and Regional Energy System Models, Energy Data Accessibility and Integration, Global and Regional Energy System Models, Energy System Modeling Frameworks, Energy System Modeling Frameworks, Energy Data Accessibility and Integration, Global and Regional Energy System Models, Global and Regional Energy System Models, Renewable Energy Integration, Global and Regional Energy System Models",Global,community,,https://pypsa.org/
PowerAPI,powerapi-ng,,France,contact@powerapi.org,2,,18,https://github.com/powerapi-ng,"https://github.com/powerapi-ng/powerapi, https://github.com/powerapi-ng/pyjoules",2022-11-10T03:47:57.016Z,2026-10-03T01:32:17.447Z,https://avatars.githubusercontent.com/u/47974262?v=4,,"Consumption, Consumption","Computation and Communication, Computation and Communication",France,academia,,https://powerapi.org
Tennaxia,Traace-co,The platform that accelerates your sustainability progress,"Paris, France",contact@tennaxia.com,1,,1,https://github.com/Traace-co,https://github.com/Traace-co/ev-footprint,2023-08-09T14:39:02.075Z,2026-10-07T16:56:27.578Z,https://avatars.githubusercontent.com/u/78267248?v=4,,Consumption,Mobility and Transportation,France,for-profit,,https://tennaxia.com
USDA-ARS Adaptive Cropping Systems Laboratory,USDA-ARS-ACSL,A research lab in the USDA's Agricultural Research Service,United States of America,dtimlin@verizon.net,1,,8,https://github.com/USDA-ARS-ACSL,https://github.com/USDA-ARS-ACSL/MAIZSIM,2022-11-06T12:26:20.574Z,2026-10-06T22:29:57.875Z,https://avatars.githubusercontent.com/u/109162754?v=4,,Consumption,Agriculture and Nutrition,USA,government agency,,https://www.ars.usda.gov/nea/barc/acsl
Stichting Deltares,Deltares,Deltares is an independent institute for applied research in the field of water and subsurface.,Netherlands,fmsst@deltares.nl,9,,74,https://github.com/Deltares,"https://github.com/Deltares/Ribasim, https://deltares.github.io/imod-documentation, https://github.com/deltares/wflow.jl, https://github.com/deltares/imod-python, https://github.com/deltares/hydrolib-core, https://github.com/Deltares/hydromt, https://github.com/deltares/pyflwdir, https://github.com/Deltares/SFINCS, https://github.com/deltares/d-ecoimpact",2022-11-14T05:01:42.628Z,2026-10-07T07:33:40.221Z,https://avatars.githubusercontent.com/u/6613768?v=4,,"Natural Resources, Natural Resources, Hydrosphere, Hydrosphere, Hydrosphere, Hydrosphere, Hydrosphere, Climate Change, Biosphere","Water Supply and Quality, Water Supply and Quality, Freshwater and Hydrology, Freshwater and Hydrology, Freshwater and Hydrology, Freshwater and Hydrology, Freshwater and Hydrology, Natural Hazard and Storms, Ecological and Environmental Modeling",Netherlands,academia,,https://deltares.nl/en/
European Centre for Medium-Range Weather Forecasts,ecmwf,Providing software to work with meteorological data and services,"Shinfield Park, Reading, United Kingdom",software@ecmwf.int,15,,159,https://github.com/ecmwf,"https://github.com/ecmwf/ecpoint-calibrate, https://github.com/ecmwf/earthkit, https://github.com/ecmwf/cfgrib, https://github.com/ecmwf/thermofeel, https://github.com/ecmwf/climetlab, https://github.com/ecmwf/notebook-examples, https://github.com/ecmwf/atlas, https://github.com/ecmwf/caliver, https://github.com/ecmwf/anemoi, https://github.com/ecmwf/eccodes, https://github.com/ecmwf/ecmwf-opendata, https://github.com/ecmwf/weathergenerator, https://github.com/ecmwf/magics, https://github.com/ecmwf/cdsapi, https://github.com/ecmwf/metview-python",2022-11-12T21:17:56.440Z,2026-10-01T09:52:14.062Z,https://avatars.githubusercontent.com/u/6368067?v=4,,"Atmosphere, Climate Change, Climate Change, Consumption, Climate Change, Sustainable Development, Climate Change, Biosphere, Atmosphere, Atmosphere, Climate Change, Atmosphere, Atmosphere, Climate Change, Atmosphere","Meteorological Observation and Forecast, Climate Data Processing and Analysis, Climate Data Processing and Analysis, Buildings and Heating, Climate Data Access and Visualization, Education, Earth and Climate Modeling, Wildfire, Atmospheric Composition and Dynamics, Meteorological Observation and Forecast, Climate Data Access and Visualization, Meteorological Observation and Forecast, Meteorological Observation and Forecast, Climate Data Access and Visualization, Meteorological Observation and Forecast",,,,http://www.ecmwf.int
FluvialGeomorph,FluvialGeomorph,FG is a framework for extracting stream dimensions from high resolution terrain data. ,,,1,,4,https://github.com/FluvialGeomorph,https://github.com/fluvialgeomorph/fluvgeo,2023-07-22T00:46:55.415Z,2026-10-06T22:54:45.932Z,https://avatars.githubusercontent.com/u/63069569?v=4,,Hydrosphere,Freshwater and Hydrology,USA,community,,
Empa - Lab for Air Pollution and Environmental Technology,empa503,Website: https://www.empa.ch/web/s503/,,,1,,7,https://gitlab.com/empa503,https://gitlab.com/empa503/remote-sensing/ddeq,2023-06-15T09:31:44.154Z,2026-09-25T17:52:01.414Z,https://gitlab.com/uploads/-/system/group/avatar/3655903/company_logo.png,,Emissions,Carbon Intensity and Accounting,,,,
Big-Biodiversity-Collaborative,Big-Biodiversity-Collaborative,Code for analyzing biodiversity citizen science data,,klprudic@arizona.edu,1,,8,https://github.com/Big-Biodiversity-Collaborative,https://github.com/big-biodiversity-collaborative/swallowtailclimatechange,2022-11-15T05:49:39.130Z,2026-10-06T22:54:47.070Z,https://avatars.githubusercontent.com/u/66639571?v=4,,Biosphere,Biodiversity Analysis and Metrics,Global,collaboration,,https://www.gbif.org/
Norwegian Meteorological Institute,metno,MET Norway is the meteorological service for military and civil services as well as the general public in Norway.,Norway,post@met.no,4,,417,https://github.com/metno,"https://github.com/metno/esd, https://github.com/metno/snap, https://github.com/metno/pyaerocom, https://github.com/metno/emep-ctm",2022-11-03T02:26:39.379Z,2026-10-03T02:44:59.143Z,https://avatars.githubusercontent.com/u/893264?v=4,,"Climate Change, Atmosphere, Atmosphere, Natural Resources","Climate Downscaling, Atmospheric Dispersion and Transport, Atmospheric Chemistry and Aerosol, Air Quality",Norway,government agency,,https://www.met.no
umob,maasglobal,,Netherlands,,1,,41,https://github.com/maasglobal,https://github.com/maasglobal/maas-schemas,2022-11-09T09:19:59.313Z,2026-10-02T22:17:15.444Z,https://avatars.githubusercontent.com/u/17618385?v=4,,Consumption,Mobility and Transportation,Finland,for-profit,,https://umob.app
Wild Me by Conservation X Labs,WildMeOrg,Conservation meets machine learning,United States of America,opensource@wildme.org,4,WildMeORG,55,https://github.com/WildMeOrg,"https://github.com/WildMeOrg/Wildbook, https://github.com/wildmeorg/wildbook-ia, https://github.com/WildMeOrg/scoutbot, https://github.com/WildMeOrg/scout",2022-11-14T08:30:16.350Z,2026-10-06T22:54:46.159Z,https://avatars.githubusercontent.com/u/20192494?v=4,,"Biosphere, Biosphere, Biosphere, Biosphere","Terrestrial Wildlife, Terrestrial Wildlife, Terrestrial Wildlife, Terrestrial Wildlife",USA,non-profit,,https://wildme.org
Digital Earth Africa,digitalearthafrica,,,,1,,42,https://github.com/digitalearthafrica,https://github.com/digitalearthafrica/deafrica-sandbox-notebooks,2022-11-13T14:28:36.519Z,2026-10-03T04:55:05.984Z,https://avatars.githubusercontent.com/u/53030946?v=4,,Sustainable Development,Data Catalogs and Interfaces,Global,collaboration,,https://digitalearthafrica.org
Joint Global Change Research Institute,JGCRI,Advancing fundamental understanding of human and Earth systems,"College Park, MD, USA",,8,,129,https://github.com/JGCRI,"https://github.com/JGCRI/xanthos, https://github.com/jgcri/gcam-core, https://github.com/JGCRI/rfasst, https://github.com/jgcri/ceds, https://github.com/jgcri/hector, https://github.com/JGCRI/osiris, https://github.com/JGCRI/demeter, https://github.com/JGCRI/helios",2022-11-07T04:03:22.182Z,2026-10-06T23:05:47.430Z,https://avatars.githubusercontent.com/u/8431983?v=4,,"Hydrosphere, Climate Change, Natural Resources, Emissions, Climate Change, Consumption, Natural Resources, Climate Change","Freshwater and Hydrology, Integrated Assessment and Climate Policy, Air Quality, Emission Observation and Modeling, Earth and Climate Modeling, Agriculture and Nutrition, Soil and Land, Earth and Climate Modeling",USA,academia,,https://www.pnnl.gov/projects/jgcri
Atlas of Living Australia,AtlasOfLivingAustralia,Free and open source IT infrastructure for the aggregation and delivery of biodiversity data. Funded by the Australian government via NCRIS and hosted by CSIRO,Australia,support@ala.org.au,4,,180,https://github.com/AtlasOfLivingAustralia,"https://github.com/AtlasOfLivingAustralia/ALA4R, https://github.com/atlasoflivingaustralia/biocollect, https://github.com/AtlasOfLivingAustralia/galah-R, https://github.com/AtlasOfLivingAustralia/volunteer-portal",2022-11-02T20:55:46.285Z,2026-10-06T23:35:23.360Z,https://avatars.githubusercontent.com/u/7296572?v=4,,"Biosphere, Biosphere, Biosphere, Biosphere","Biodiversity Data Access and Management, Biodiversity Citizen Science, Biodiversity Data Access and Management, Biodiversity Citizen Science",Australia,government agency,,https://www.ala.org.au
Vizzuality,Vizzuality,,"Madrid, Cambridge, Barcelona, Washington DC",hello@vizzuality.com,6,,424,https://github.com/Vizzuality,"https://github.com/vizzuality/marxan-cloud, https://github.com/Vizzuality/landgriffon, https://github.com/Vizzuality/soils-revealed, https://github.com/Vizzuality/mangrove-atlas, https://github.com/Vizzuality/half-earth-v3, https://github.com/Vizzuality/trase",2022-11-02T20:52:05.757Z,2026-10-07T16:56:46.897Z,https://avatars.githubusercontent.com/u/305994?v=4,,"Biosphere, Consumption, Natural Resources, Biosphere, Biosphere, Industrial Ecology","Conservation and Restoration, Agriculture and Nutrition, Soil and Land, Forest Observation and Management, Conservation and Restoration, Life Cycle Assessment",Spain,for-profit,,http://www.vizzuality.com
National Institute of Environmental Health Sciences,NIEHS,The mission of the National Institute of Environmental Health Sciences is to discover how the environment affects people in order to promote healthier lives.,"Durham, NC",,3,,55,https://github.com/NIEHS,"https://github.com/niehs/geotox, https://github.com/niehs/beethoven, https://github.com/niehs/amadeus",2022-11-07T03:50:33.323Z,2026-10-06T23:05:30.467Z,https://avatars.githubusercontent.com/u/22938605?v=4,,"Natural Resources, Natural Resources, Climate Change","Ecotoxicology, Air Quality, Climate Data Access and Visualization",USA,government agency,,https://www.niehs.nih.gov/
National Laboratory of the Rockies,NatLabRockies,,"Golden, CO",,43,,599,https://github.com/NatLabRockies,"https://github.com/NatLabRockies/OpenStudio-ERI, https://github.com/NatLabRockies/reVX, https://github.com/NatLabRockies/EnergyPlus, https://github.com/NatLabRockies/reV, https://github.com/natlabrockies/pv_ice, https://github.com/natlabrockies/solar-data-tools, https://github.com/natlabrockies/celavi, https://github.com/natlabrockies/rosco, https://github.com/natlabrockies/bifacial_radiance, https://github.com/natlabrockies/h2integrate, https://github.com/natlabrockies/buildingmotif, https://github.com/natlabrockies/sam, https://github.com/natlabrockies/reopt_api, https://github.com/natlabrockies/ssc, https://github.com/NatLabRockies/OpenStudio-HPXML, https://github.com/NatLabRockies/Industry-Energy-Tool, https://github.com/NatLabRockies/altrios, https://github.com/NatLabRockies/resstock, https://github.com/NatLabRockies/HOPP, https://github.com/natlabrockies/bifacialvf, https://github.com/natlabrockies/inspire, https://github.com/natlabrockies/nrwal, https://github.com/NatLabRockies/turbine-models, https://github.com/NatLabRockies/ATB-calc, https://github.com/NatLabRockies/BLAST-Lite, https://github.com/natlabrockies/floris, https://github.com/NatLabRockies/ThermalNetwork, https://github.com/NatLabRockies/GEOPHIRES-X, https://github.com/natlabrockies/dgen, https://github.com/NatLabRockies/WAVES, https://github.com/natlabrockies/openoa, https://github.com/NatLabRockies/BioReactorDesign, https://github.com/NatLabRockies/ReEDS-2.0, https://github.com/NatLabRockies/OCHRE, https://github.com/NatLabRockies/ComStock, https://github.com/natlabrockies/pysam, https://github.com/natlabrockies/rdtools, https://github.com/NatLabRockies/sup3r, https://github.com/e-mission/e-mission-docs, https://github.com/natlabrockies/windse, https://github.com/natlabrockies/pvdegradationtools, https://github.com/natlabrockies/pras, https://github.com/natlabrockies/solarpilot",2022-11-02T20:42:15.539Z,2026-10-07T23:34:16.672Z,https://avatars.githubusercontent.com/u/1906800?v=4,,"Consumption, Energy Systems, Consumption, Energy Systems, Renewable Energy, Renewable Energy, Industrial Ecology, Renewable Energy, Renewable Energy, Energy Systems, Sustainable Development, Energy Systems, Energy Systems, Sustainable Development, Consumption, Consumption, Consumption, Consumption, Energy Systems, Renewable Energy, Renewable Energy, Renewable Energy, Renewable Energy, Energy Systems, Energy Storage, Renewable Energy, Renewable Energy, Renewable Energy, Renewable Energy, Renewable Energy, Renewable Energy, Renewable Energy, Energy Systems, Consumption, Consumption, Energy Systems, Renewable Energy, Energy Systems, Consumption, Renewable Energy, Renewable Energy, Energy Systems, Renewable Energy","Buildings and Heating, Renewable Energy Integration, Buildings and Heating, Renewable Energy Integration, Photovoltaics and Solar Energy, Photovoltaics and Solar Energy, Life Cycle Assessment, Wind Energy, Photovoltaics and Solar Energy, Energy System Modeling Frameworks, Taxonomy and Ontology, Energy System Modeling Frameworks, Energy System Modeling Frameworks, Sustainable Investment, Buildings and Heating, Production and Industry, Mobility and Transportation, Buildings and Heating, Renewable Energy Integration, Photovoltaics and Solar Energy, Photovoltaics and Solar Energy, Wind Energy, Wind Energy, Energy Data Accessibility and Integration, Battery, Wind Energy, Geothermal Energy, Geothermal Energy, Photovoltaics and Solar Energy, Wind Energy, Wind Energy, Bioenergy, Global and Regional Energy System Models, Buildings and Heating, Buildings and Heating, Energy System Modeling Frameworks, Photovoltaics and Solar Energy, Renewable Energy Integration, Mobility and Transportation, Wind Energy, Photovoltaics and Solar Energy, Load and Demand Forecasting, Photovoltaics and Solar Energy",,,,https://www.nlr.gov/
Architecture and Building Systems,architecture-building-systems,Research group at ETH Zürich with a focus on active and passive systems for the energy supply and climate control of buildings and cities.,Switzerland,hassoun@arch.ethz.ch,2,,64,https://github.com/architecture-building-systems,"https://github.com/architecture-building-systems/RC_BuildingSimulator, https://github.com/architecture-building-systems/CityEnergyAnalyst",2022-11-08T02:12:02.295Z,2026-10-02T22:38:12.386Z,https://avatars.githubusercontent.com/u/8478952?v=4,,"Consumption, Consumption","Buildings and Heating, Buildings and Heating",Switzerland,academia,,https://systems.arch.ethz.ch
CanAirIO,kike-canaries,"CanAirIO is a citizen science initiative for air quality tracking, visualization and dissemination",@canairq,info@canair.io,1,canairq,27,https://github.com/kike-canaries,https://github.com/kike-canaries/canairio_firmware,2022-11-16T15:02:07.939Z,2026-10-03T04:56:27.127Z,https://avatars.githubusercontent.com/u/38092532?v=4,,Natural Resources,Air Quality,Global,community,,http://canair.io
The Climate Tech Handbook,climate-tech-handbook,,,,1,,2,https://github.com/climate-tech-handbook,https://github.com/climate-tech-handbook/climate-tech-handbook,2023-04-26T22:31:54.291Z,2026-10-03T04:47:02.012Z,https://avatars.githubusercontent.com/u/127884163?v=4,,Sustainable Development,Knowledge Platforms,Global,community,,https://www.climatetechhandbook.com/
Open Global Glacier Model,OGGM,,,,2,,54,https://github.com/OGGM,"https://github.com/OGGM/world-glacier-explorer, https://github.com/oggm/oggm",2022-11-03T20:14:41.931Z,2026-10-06T19:36:02.783Z,https://avatars.githubusercontent.com/u/14758186?v=4,,"Sustainable Development, Cryosphere","Education, Glacier and Ice Sheets",Germany,non-profit,,http://www.oggm.org
SAP Archive,SAP-archive,Retired and frozen projects of SAP. Feel free to fork and continue using them on your own.,"Walldorf, Germany",ospo@sap.com,2,,449,https://github.com/SAP-archive,"https://github.com/sap-archive/btp-ai-sustainability-bootcamp, https://github.com/SAP-archive/emobility-smart-charging",2022-11-04T03:36:07.444Z,2026-10-07T01:06:53.923Z,https://avatars.githubusercontent.com/u/60968825?v=4,,"Consumption, Consumption","Production and Industry, Mobility and Transportation",,,,https://opensource.sap.com
we3lab,we3lab,,,,2,,28,https://github.com/we3lab,"https://github.com/we3lab/pype-schema, https://github.com/we3lab/eeco",2023-03-02T16:26:14.495Z,2026-10-03T01:32:35.645Z,https://avatars.githubusercontent.com/u/33632663?v=4,,"Natural Resources, Consumption","Water Supply and Quality, Computation and Communication",USA,collaboration,,http://we3lab.stanford.edu
SICE,GEUS-SICE,Pre-operational Sentinel-3 snow and ice products (SICE),,,1,,3,https://github.com/GEUS-SICE,https://github.com/geus-sice/sice,2023-03-04T01:55:18.848Z,2026-10-06T21:38:45.884Z,https://avatars.githubusercontent.com/u/71320507?v=4,,Cryosphere,Glacier and Ice Sheets,Denmark,collaboration,,http://snow.geus.dk/
Wild Mountain Farms,wildmountainfarms,Contains repositories for projects utilized on the ranch,,,1,,13,https://github.com/wildmountainfarms,https://github.com/wildmountainfarms/solarthing,2022-11-15T01:36:47.507Z,2026-10-03T03:56:16.386Z,https://avatars.githubusercontent.com/u/52333871?v=4,,Renewable Energy,Photovoltaics and Solar Energy,Global,community,,
CS GROUP,CS-SI,https://www.linkedin.com/company/cs-sopra-steria-company,France,cpll@csgroup.eu,1,,35,https://github.com/CS-SI,https://github.com/cs-si/eodag,2022-11-07T02:25:35.320Z,2024-04-14T17:16:25.851Z,https://avatars.githubusercontent.com/u/6223127?v=4,,Sustainable Development,Data Catalogs and Interfaces,France,for-profit,,http://www.csgroup.eu
Grid Parity Exchange,grid-parity-exchange,,,,1,,2,https://github.com/grid-parity-exchange,https://github.com/grid-parity-exchange/Egret,2022-11-14T01:25:43.799Z,2026-10-03T04:47:10.418Z,https://avatars.githubusercontent.com/u/47119915?v=4,,Energy Systems,Grid Analysis and Planning,Global,academia,,
Brazil Data Cube,brazil-data-cube,"Brazil Data Cube is a subproject of the project “Environmental Monitoring of Brazilian Biomes“, funded by the The Amazon Fund in BNDES financial collaboration","São José dos Campos, SP, BR",brazildatacube@dpi.inpe.br,2,,77,https://github.com/brazil-data-cube,"https://github.com/brazil-data-cube/rwlts, https://github.com/brazil-data-cube/wlts.py",2022-11-13T14:46:09.893Z,2026-10-03T01:28:58.847Z,https://avatars.githubusercontent.com/u/51197879?v=4,,"Climate Change, Natural Resources","Integrated Assessment and Climate Policy, Soil and Land",Brazil,government agency,,http://brazildatacube.org
CEA-Liten,CEA-Liten,"CEA-Liten is a R&D institute on energy efficiency and circular economy for the energy transition: solar PV, batteries, hydrogen, sustainable fuels, recycling.",France,,2,,1,https://github.com/CEA-Liten,"https://github.com/cea-liten/heatpro, https://github.com/cea-liten/cairnopen",2024-02-05T16:06:34.007Z,2026-10-06T22:15:46.563Z,https://avatars.githubusercontent.com/u/157691627?v=4,,"Consumption, Energy Systems","Buildings and Heating, Energy System Modeling Frameworks",France,government agency,,https://liten.cea.fr/cea-tech/liten/english/Pages/Welcome.aspx
Energy Modelling Toolkit ,energy-modelling-toolkit,A fully open inter-institutional energy modelling group. It serves as an umbrella organization that hosts open datasets and models.,,,2,,9,https://github.com/energy-modelling-toolkit,"https://github.com/energy-modelling-toolkit/hydro-power-database, https://github.com/energy-modelling-toolkit/Dispa-SET",2023-03-06T20:43:01.840Z,2026-10-03T01:28:58.412Z,https://avatars.githubusercontent.com/u/32776077?v=4,,"Renewable Energy, Energy Systems","Hydro Energy, Energy System Modeling Frameworks",Global,community,,http://energymodellinglab.com
Regional Ocean Modeling System (ROMS),myroms,,United States of America,arango@marine.rutgers.edu,1,,11,https://github.com/myroms,https://github.com/myroms/roms,2023-07-01T02:42:19.465Z,2026-10-03T01:32:33.087Z,https://avatars.githubusercontent.com/u/138157068?v=4,,Hydrosphere,Ocean Models,Global,community,,https://www.myroms.org/wiki
ELECTA,Electa-Git,Electrical Energy Systems and Applications research group at KU Leuven,Belgium,,2,,5,https://github.com/Electa-Git,"https://github.com/Electa-Git/PowerModelsACDC.jl, https://github.com/Electa-Git/FlexPlan.jl",2023-04-27T11:58:53.463Z,2026-10-06T21:39:07.012Z,https://avatars.githubusercontent.com/u/56425388?v=4,,"Energy Systems, Energy Systems","Grid Management and Microgrid, Grid Analysis and Planning",,,,https://www.esat.kuleuven.be/electa
Hydrology group @University of Freiburg,Hydrology-IFH,,Germany,,1,,5,https://github.com/Hydrology-IFH,https://github.com/hydrology-ifh/roger,2022-11-18T09:06:03.655Z,2026-10-06T22:54:48.930Z,https://avatars.githubusercontent.com/u/113505989?v=4,,Hydrosphere,Freshwater and Hydrology,Germany,academia,,http://www.hydro.uni-freiburg.de/
Toyota Research Institute - Accelerated Materials Design & Discovery (AMDD),TRI-AMDD,,,,2,,12,https://github.com/TRI-AMDD,"https://github.com/tri-amdd/beep, https://github.com/TRI-AMDD/mpet",2022-11-14T05:49:36.827Z,2026-10-06T23:15:17.841Z,https://avatars.githubusercontent.com/u/62159728?v=4,,"Energy Storage, Energy Storage","Battery, Battery",Global,for-profit,,https://www.tri.global/our-work/material-design/
Office of Science & Technology at NOAA Fisheries,nmfs-ost,"Providing the science behind how we manage sustainable fisheries, protected species, and healthy ecosystems.",,,2,,103,https://github.com/nmfs-ost,"https://github.com/nmfs-ost/ssmse, https://github.com/nmfs-ost/nmfspalette",2022-11-14T06:42:30.845Z,2026-10-02T03:51:33.019Z,https://avatars.githubusercontent.com/u/72827324?v=4,,"Biosphere, Biosphere","Marine Life and Fishery, Marine Life and Fishery",USA,government agency,,https://www.fisheries.noaa.gov/about/office-science-and-technology
ONE ARMY,ONEARMY,,,,2,,30,https://github.com/ONEARMY,"https://github.com/ONEARMY/precious-plastic, https://github.com/ONEARMY/community-platform",2022-11-14T01:50:08.040Z,2024-10-30T01:45:00.645Z,https://avatars.githubusercontent.com/u/43448126?v=4,,"Industrial Ecology, Sustainable Development","Circular Economy and Waste, Knowledge Platforms",Global,community,,https://www.onearmy.earth/
Energy Exascale Earth System Model Project,E3SM-Project,Repositories associated with the E3SM Project,,,4,,75,https://github.com/E3SM-Project,"https://github.com/E3SM-Project/gdess, https://github.com/e3sm-project/e3sm, https://github.com/E3SM-Project/polaris, https://github.com/E3SM-Project/e3sm_diags",2022-11-08T22:35:59.007Z,2026-10-06T23:05:46.611Z,https://avatars.githubusercontent.com/u/7558558?v=4,,"Climate Change, Climate Change, Cryosphere, Climate Change","Climate Data Processing and Analysis, Earth and Climate Modeling, Sea Ice, Earth and Climate Modeling",USA,government agency,,http://e3sm.org
Big Ladder Software,bigladder,Building Energy Simulation Tools,"Denver, CO",info@bigladdersoftware.com,2,,30,https://github.com/bigladder,"https://github.com/bigladder/kiva, https://github.com/bigladder/HPWHsim",2022-11-05T16:46:06.727Z,2026-10-03T02:45:28.773Z,https://avatars.githubusercontent.com/u/11000150?v=4,,"Consumption, Consumption","Buildings and Heating, Buildings and Heating",USA,for-profit,,https://bigladdersoftware.com
WildlifeDatasets,WildlifeDatasets,,,,1,,1,https://github.com/WildlifeDatasets,https://github.com/WildlifeDatasets/wildlife-datasets,2023-02-16T19:27:11.493Z,2026-10-06T22:54:48.903Z,https://avatars.githubusercontent.com/u/115085642?v=4,,Biosphere,Terrestrial Wildlife,Global,community,,https://wildlifedatasets.github.io/wildlife-datasets/
Thermodynamic Equation Of Seawater - 2010 (TEOS-10),TEOS-10,,,help@TEOS-10.org,1,,17,https://github.com/TEOS-10,https://github.com/teos-10/gsw-python,2022-11-05T23:41:39.300Z,2026-10-06T22:54:48.486Z,https://avatars.githubusercontent.com/u/9031633?v=4,,Hydrosphere,Ocean Carbon and Temperature,Global,academia,,http://www.TEOS-10.org
Center for Infrastructure Modeling and Management,CIMM-ORG,CIMM is a not-for-profit research and technology transfer organization focused in collaboration of infrastructure research and practioners.,United States of America,cwb@cimm.org,1,,2,https://github.com/CIMM-ORG,https://github.com/CIMM-ORG/SWMM5plus,2023-02-23T23:41:06.517Z,2026-10-06T21:38:58.741Z,https://avatars.githubusercontent.com/u/95253184?v=4,,Natural Resources,Water Supply and Quality,USA,non-profit,,http://www.cimm.org
Meteostat,meteostat,The Weather's Record Keeper,,info@meteostat.net,2,,13,https://github.com/meteostat,"https://github.com/meteostat/weather-stations, https://github.com/meteostat/meteostat",2022-11-14T05:24:13.163Z,2026-10-01T21:34:53.578Z,https://avatars.githubusercontent.com/u/29773680?v=4,'https://github.com/sponsors/meteostat',"Atmosphere, Climate Change","Meteorological Observation and Forecast, Climate Data Access and Visualization",Canada,community,,https://meteostat.net
EcologicalSemantics,EcologicalSemantics,,,,1,,1,https://github.com/EcologicalSemantics,https://github.com/EcologicalSemantics/ecocore,2026-09-25T19:14:18.512Z,2026-10-06T22:16:21.937Z,https://avatars.githubusercontent.com/u/31016150?v=4,,Sustainable Development,Taxonomy and Ontology,,,,
StratusGeo: Accelerating discovery for geoscience communities,CryoInTheCloud,,,,1,,3,https://github.com/CryoInTheCloud,https://github.com/CryoInTheCloud/CryoCloudWebsite,2023-05-18T00:34:12.528Z,2026-10-06T20:23:56.920Z,https://avatars.githubusercontent.com/u/113642779?v=4,,Cryosphere,Glacier and Ice Sheets,Netherlands,academia,,https://cryointhecloud.com
foodsharing-dev,foodsharing-dev,"Issue tracker and development for https://foodsharing.de, https://foodsharing.at, and https://foodsharingschweiz.ch

Dev blog at https://devblog.foodsharing.de",,,1,,16,https://gitlab.com/foodsharing-dev,https://gitlab.com/foodsharing-dev/foodsharing,2023-03-11T17:23:29.722Z,2026-09-25T21:12:20.319Z,https://gitlab.com/uploads/-/system/group/avatar/761945/gabel-bg.png,,Consumption,Agriculture and Nutrition,Global,community,,http://foodsharing.de
bcgov,bcgov,This is the home for code that is open,Canada,Developer.Experience@gov.bc.ca,20,,2785,https://github.com/bcgov,"https://github.com/bcgov/groundwater-levels-indicator, https://github.com/bcgov/cas-ggircs, https://github.com/bcgov/gwells, https://github.com/bcgov/tfrs, https://github.com/bcgov/shinyssdtools, https://github.com/bcgov/ssdtools, https://github.com/bcgov/wqbc, https://github.com/bcgov/biohubbc, https://github.com/bcgov/invasivesbc, https://github.com/bcgov/castor, https://github.com/bcgov/cciss_shinyapp, https://github.com/bcgov/climr, https://github.com/bcgov/fasstr, https://github.com/bcgov/bcgroundwater, https://github.com/bcgov/wps, https://github.com/bcgov/lcfs, https://github.com/bcgov/wqbench, https://github.com/bcgov/nrpti, https://github.com/bcgov/ghg-emissions-indicator, https://github.com/bcgov/canwqdata",2022-11-05T11:06:51.523Z,2026-10-01T21:37:43.582Z,https://avatars.githubusercontent.com/u/916280?v=4,,"Natural Resources, Emissions, Natural Resources, Consumption, Biosphere, Biosphere, Natural Resources, Biosphere, Biosphere, Biosphere, Biosphere, Climate Change, Natural Resources, Natural Resources, Biosphere, Renewable Energy, Natural Resources, Sustainable Development, Emissions, Natural Resources","Water Supply and Quality, Carbon Intensity and Accounting, Water Supply and Quality, Mobility and Transportation, Species Distribution Modeling, Species Distribution Modeling, Water Supply and Quality, Biodiversity Data Access and Management, Terrestrial Wildlife, Forest Observation and Management, Deforestation and Reforestation, Climate Downscaling, Water Supply and Quality, Water Supply and Quality, Wildfire, Bioenergy, Water Supply and Quality, Knowledge Platforms, Emission Observation and Modeling, Water Supply and Quality",Canada,government agency,,https://developer.gov.bc.ca
radical-collaboration,radical-collaboration,,,,1,,47,https://github.com/radical-collaboration,https://github.com/radical-collaboration/facts,2022-11-14T04:58:16.276Z,2026-10-03T01:32:36.460Z,https://avatars.githubusercontent.com/u/20081081?v=4,,Climate Change,Natural Hazard and Storms,USA,academia,,https://radical.rutgers.edu/
Scope3,scope3data,,,,1,,22,https://github.com/scope3data,https://github.com/scope3data/methodology,2024-06-25T19:31:09.947Z,2026-10-02T22:17:16.670Z,https://avatars.githubusercontent.com/u/97109212?v=4,,Emissions,Carbon Intensity and Accounting,USA,for-profit,,https://scope3.com
ETCE Lab,ETCE-LAB,"Emerging Technologies for the Circular Economy (Clausthal University of Technology, Germany)",Germany,benjamin.leiding@tu-clausthal.de,1,,1,https://github.com/ETCE-LAB,https://github.com/etce-lab/teaching-material,2023-02-14T20:45:21.531Z,2026-10-06T23:34:43.514Z,https://avatars.githubusercontent.com/u/92326191?v=4,,Sustainable Development,Education,Germany,academia,,http://www.etce-lab.com
Google Cloud Platform,GoogleCloudPlatform,,,,1,,1124,https://github.com/GoogleCloudPlatform,https://github.com/googlecloudplatform/region-carbon-info,2022-11-02T16:23:10.997Z,2026-10-07T20:07:06.783Z,https://avatars.githubusercontent.com/u/2810941?v=4,,Consumption,Computation and Communication,USA,for-profit,,https://cloud.google.com
Environmental Science Associates,esassoc,,,,2,,50,https://github.com/esassoc,"https://github.com/esassoc/projectfirma, https://github.com/esassoc/qanat-community",2022-11-13T04:03:12.940Z,2026-10-02T11:37:06.844Z,https://avatars.githubusercontent.com/u/12927586?v=4,,"Biosphere, Hydrosphere","Conservation and Restoration, Freshwater and Hydrology",,,,https://esassoc.com
Forschungszentrum Jülich - Jülich Systems Analysis (ICE-2),FZJ-IEK3-VSA,Institute of Climate and Energy Systems (ICE),Forschungszentrum Jülich,,10,,16,https://github.com/FZJ-IEK3-VSA,"https://github.com/FZJ-IEK3-VSA/bslib, https://github.com/FZJ-IEK3-VSA/FINE, https://github.com/FZJ-IEK3-VSA/RESKit, https://github.com/FZJ-IEK3-VSA/HiSim, https://github.com/fzj-iek3-vsa/tsam, https://github.com/fzj-iek3-vsa/glaes, https://github.com/FZJ-IEK3-VSA/hplib, https://github.com/FZJ-IEK3-VSA/HIM, https://github.com/FZJ-IEK3-VSA/LoadProfileGenerator, https://github.com/FZJ-IEK3-VSA/tsib",2022-11-09T17:00:52.191Z,2026-10-07T16:56:34.565Z,https://avatars.githubusercontent.com/u/28654423?v=4,,"Energy Storage, Energy Systems, Energy Systems, Consumption, Energy Systems, Energy Systems, Consumption, Energy Storage, Consumption, Consumption","Battery, Energy System Modeling Frameworks, Renewable Energy Integration, Buildings and Heating, Energy System Modeling Frameworks, Energy System Modeling Frameworks, Buildings and Heating, Hydrogen, Buildings and Heating, Buildings and Heating",Germany,government agency,,https://www.fz-juelich.de/en/ice/ice-2
ONE Campaign,ONEcampaign,ONE is a global movement campaigning to end extreme poverty and preventable disease by 2030.,,,1,onecampaign,23,https://github.com/ONEcampaign,https://github.com/onecampaign/climate-finance-package,2022-11-09T04:04:58.560Z,2026-10-06T22:16:27.910Z,https://avatars.githubusercontent.com/u/6450343?v=4,,Sustainable Development,Sustainable Investment,Germany,non-profit,,https://www.one.org
WorldPop,wpgp,Open Spatial Demographic Data and Research,University of Southampton,info@worldpop.org,1,WorldPopProject,62,https://github.com/wpgp,https://github.com/wpgp/wopr,2022-11-17T09:21:34.229Z,2026-10-03T01:29:13.909Z,https://avatars.githubusercontent.com/u/33325143?v=4,,Sustainable Development,Population and Poverty,UK,academia,,https://www.worldpop.org
OpenSCM,openscm,"Building a set of open, single-interface, simple climate models",,,2,,15,https://github.com/openscm,"https://github.com/openscm/pymagicc, https://github.com/openscm/AR6-WG1-Data-Compilation",2022-11-18T18:59:52.962Z,2026-10-02T02:56:39.074Z,https://avatars.githubusercontent.com/u/62363211?v=4,,"Climate Change, Climate Change","Earth and Climate Modeling, Climate Data Processing and Analysis",Global,community,,https://www.climate-resource.com/
COAL Capstone,capstone-coal,Coal and Open-pit surface mining impacts on American Lands (COAL) Capstone Project,,coal-capstone@googlegroups.com,1,,9,https://github.com/capstone-coal,https://github.com/capstone-coal/pycoal,2023-02-22T12:06:31.088Z,2026-10-03T03:52:01.759Z,https://avatars.githubusercontent.com/u/22801081?v=4,,Natural Resources,Soil and Land,Global,community,,https://capstone-coal.github.io
re:Mobidyc,ReMobidyc,,,,1,,2,https://github.com/ReMobidyc,https://github.com/ReMobidyc/ReMobidyc,2022-11-14T10:58:23.750Z,2026-10-06T22:16:21.287Z,https://avatars.githubusercontent.com/u/86707456?v=4,,Biosphere,Ecological and Environmental Modeling,Japan,community,,
Open Source UK Energy Data,OSUKED,"OSUKED is a combination of API wrappers, git-scrapers and Python tools for the UK energy sector",,,3,,8,https://github.com/OSUKED,"https://github.com/OSUKED/ETS-Watch, https://github.com/osuked/power-station-dictionary, https://github.com/OSUKED/ElexonDataPortal",2022-11-14T19:52:45.544Z,2026-10-06T23:34:07.540Z,https://avatars.githubusercontent.com/u/75696139?v=4,,"Emissions, Energy Systems, Energy Systems","Carbon Offsets and Trading, Energy Data Accessibility and Integration, Energy Data Accessibility and Integration",UK,community,,https://osuked.com/
OpenTreeMap,OpenTreeMap,OpenTreeMap is a platform for crowdsourced urban tree inventory and community engagement.,,,1,opentreemap,13,https://github.com/OpenTreeMap,https://github.com/OpenTreeMap/otm-core,2022-11-02T21:08:00.024Z,2026-10-06T22:54:46.915Z,https://avatars.githubusercontent.com/u/1125635?v=4,,Biosphere,Forest Observation and Management,USA,for-profit,,http://www.opentreemap.org
Mila,mila-iqia,Quebec Artificial Intelligence Institute,,,1,,123,https://github.com/mila-iqia,https://github.com/mila-iqia/climate-cooperation-competition,2022-11-09T20:51:53.913Z,2026-10-03T03:52:03.416Z,https://avatars.githubusercontent.com/u/11724251?v=4,,Climate Change,Integrated Assessment and Climate Policy,Canada,non-profit,,https://mila.quebec/
Scout,scout-bto,,United States of America,,1,,2,https://github.com/scout-bto,https://github.com/scout-bto/scout,2023-05-02T20:28:46.160Z,2026-10-02T07:48:06.126Z,https://avatars.githubusercontent.com/u/50632608?v=4,,Consumption,Buildings and Heating,,,,http://scout.energy.gov
PalMA Ice sheet modeling group,palma-ice,,"Madrid, Spain",,1,,17,https://github.com/palma-ice,https://github.com/palma-ice/yelmo,2022-11-14T10:19:11.638Z,2026-10-03T01:32:36.113Z,https://avatars.githubusercontent.com/u/23148337?v=4,,Cryosphere,Glacier and Ice Sheets,Spain,community,,http://www.palma-ucm.es/palma-ice
Microsoft Azure,Azure,"APIs, SDKs and open source projects from Microsoft Azure",United States of America,,2,Azure,2270,https://github.com/Azure,"https://github.com/Azure/opendigitaltwins-energygrid, https://github.com/azure/kubernetes-carbon-intensity-exporter",2022-11-02T16:20:18.910Z,2026-10-07T21:34:33.015Z,https://avatars.githubusercontent.com/u/6844498?v=4,,"Sustainable Development, Emissions","Taxonomy and Ontology, Carbon Intensity and Accounting",USA,for-profit,,https://docs.microsoft.com/en-us/azure/
Inverse Tampere,InverseTampere,Inverse problems research group at Tampere University,"Tampere, Finland",,1,InverseTampere,2,https://github.com/InverseTampere,https://github.com/InverseTampere/TreeQSM,2023-10-19T18:53:07.995Z,2026-10-06T23:34:43.670Z,https://avatars.githubusercontent.com/u/27767416?v=4,,Biosphere,Forest Remote Sensing,Finland,academia,,https://webpages.tuni.fi/inverse/
w3c-cg,w3c-cg,,,,1,,117,https://github.com/w3c-cg,https://github.com/w3c-cg/sustyweb,2023-02-20T13:31:58.911Z,2026-10-02T07:48:08.342Z,https://avatars.githubusercontent.com/u/105727638?v=4,,Consumption,Computation and Communication,,,,
The Joular Project,joular,"The Joular project aims to advance knowledge in software energy efficiency throughout the life cycle of software, and across a variety of software systems",,,1,,18,https://github.com/joular,https://github.com/joular/powerjoular,2023-10-13T04:31:44.408Z,2026-10-03T01:32:38.809Z,https://avatars.githubusercontent.com/u/78238145?v=4,,Consumption,Computation and Communication,France,academia,,https://www.noureddine.org/research/joular
GeoSMART,geo-smart,,,GeoScience MAchine Learning Resources and Training,1,,65,https://github.com/geo-smart,https://github.com/geo-smart/deep-snow,2022-11-16T01:49:01.092Z,2026-10-03T01:29:00.871Z,https://avatars.githubusercontent.com/u/93010221?v=4,,Cryosphere,Snow and Permafrost,,,,https://geo-smart.github.io/
A Library of IEEE PES Power Grid Benchmarks,power-grid-lib,,,,1,,4,https://github.com/power-grid-lib,https://github.com/power-grid-lib/pglib-opf,2022-11-19T17:55:01.461Z,2026-10-02T06:29:43.268Z,https://avatars.githubusercontent.com/u/21188896?v=4,,Energy Systems,Grid Analysis and Planning,Global,community,,https://power-grid-lib.github.io/
NSF National Center for Atmospheric Research,NCAR,NSF NCAR is sponsored by the U.S. National Science Foundation and managed by the University Corporation for Atmospheric Research.,"Boulder, CO",,15,,934,https://github.com/NCAR,"https://github.com/NCAR/noahmp, https://github.com/ncar/musica, https://github.com/NCAR/ccpp-physics, https://github.com/NCAR/wrf-python, https://github.com/NCAR/VAPOR, https://github.com/ncar/micm, https://github.com/NCAR/wrf_hydro_py, https://github.com/ncar/miles-credit, https://github.com/NCAR/lrose-core, https://github.com/ncar/fasteddy-model, https://github.com/ncar/melodies-monet, https://github.com/NCAR/wrf_hydro_nwm_public, https://github.com/NCAR/ncl, https://github.com/NCAR/icar, https://github.com/NCAR/rwrfhydro",2022-11-03T15:09:03.642Z,2026-10-07T20:07:07.561Z,https://avatars.githubusercontent.com/u/2007542?v=4,,"Natural Resources, Atmosphere, Hydrosphere, Atmosphere, Hydrosphere, Atmosphere, Hydrosphere, Atmosphere, Atmosphere, Atmosphere, Atmosphere, Hydrosphere, Climate Change, Sustainable Development, Hydrosphere","Soil and Land, Atmospheric Chemistry and Aerosol, Ocean Models, Meteorological Observation and Forecast, Ocean and Hydrology Data Access, Atmospheric Chemistry and Aerosol, Ocean Models, Meteorological Observation and Forecast, Atmospheric Composition and Dynamics, Atmospheric Composition and Dynamics, Atmospheric Chemistry and Aerosol, Freshwater and Hydrology, Climate Data Processing and Analysis, Education, Freshwater and Hydrology",USA,government agency,,http://ncar.ucar.edu
citylearn-project,citylearn-project,,,,1,,1,https://github.com/citylearn-project,https://github.com/citylearn-project/citylearn,2026-03-08T04:28:33.592Z,2026-10-02T07:48:22.353Z,https://avatars.githubusercontent.com/u/253625035?v=4,,Energy Systems,Load and Demand Forecasting,,,,
3DFin,3DFin,3D Forest Inventory in terrestrial point clouds,Spain,,1,,1,https://github.com/3DFin,https://github.com/3dfin/3dfin,2023-04-27T12:38:43.232Z,2026-10-06T21:38:47.057Z,https://avatars.githubusercontent.com/u/125979752?v=4,,Biosphere,Forest Remote Sensing,Spain,academia,,
EDF-Lab,EDF-Lab,GitHub organization of EDF Research & Development,France,,1,,2,https://github.com/EDF-Lab,https://github.com/EDF-Lab/BuildSysPro,2022-11-19T16:00:55.684Z,2026-10-06T22:16:22.195Z,https://avatars.githubusercontent.com/u/16956822?v=4,,Consumption,Buildings and Heating,France,for-profit,,https://www.edf.fr/en/the-edf-group/inventing-the-future-of-energy/r-d-global-expertise
iTEM: International Transport Energy Modeling,transportenergy,An open group of people and organizations interested in the role of energy in the world's transport system,Worldwide,mail@transportenergy.org,1,,5,https://github.com/transportenergy,https://github.com/transportenergy/database,2023-02-14T23:19:24.889Z,2026-10-02T06:29:44.299Z,https://avatars.githubusercontent.com/u/25395954?v=4,,Consumption,Mobility and Transportation,Global,community,,https://transportenergy.org
Stockholm Environment Institute,sei-international,"We are an international non-profit research institute that tackles climate, environment and sustainable development challenges.",Sweden,github@sei.org,1,,26,https://github.com/sei-international,https://github.com/sei-international/nemomod.jl,2022-11-15T04:16:25.824Z,2026-10-02T06:29:43.205Z,https://avatars.githubusercontent.com/u/14920927?v=4,,Energy Systems,Energy System Modeling Frameworks,Sweden,non-profit,,https://www.sei.org/
pvlib,pvlib,,,,4,,10,https://github.com/pvlib,"https://github.com/pvlib/pvlib-python, https://github.com/pvlib/solposx, https://github.com/pvlib/pvanalytics, https://github.com/pvlib/twoaxistracking",2022-11-02T16:36:37.102Z,2026-10-02T22:59:40.110Z,https://avatars.githubusercontent.com/u/11037261?v=4,,"Renewable Energy, Renewable Energy, Renewable Energy, Renewable Energy","Photovoltaics and Solar Energy, Photovoltaics and Solar Energy, Photovoltaics and Solar Energy, Photovoltaics and Solar Energy",Global,community,,https://pvlib-python.readthedocs.io/en/stable/
The Green Web Foundation,thegreenwebfoundation,The Green Web Foundation - Let's make the web green,The Internet,dev@thegreenwebfoundation.org,3,greenwebfound,69,https://github.com/thegreenwebfoundation,"https://github.com/thegreenwebfoundation/grid-intensity-go, https://github.com/thegreenwebfoundation/co2.js, https://github.com/thegreenwebfoundation/carbon.txt",2022-11-09T20:08:07.264Z,2024-10-30T03:50:10.533Z,https://avatars.githubusercontent.com/u/8995024?v=4,,"Consumption, Consumption, Consumption","Computation and Communication, Computation and Communication, Computation and Communication",Netherlands,non-profit,,https://www.thegreenwebfoundation.org
Reiner Lemoine Institut,rl-institut,,Berlin/Germany,,3,,114,https://github.com/rl-institut,"https://github.com/rl-institut/spice_ev, https://github.com/rl-institut/offgridders, https://github.com/rl-institut/multi-vector-simulator",2022-11-11T20:55:21.162Z,2026-10-02T22:59:28.701Z,https://avatars.githubusercontent.com/u/18393972?v=4,,"Consumption, Energy Systems, Energy Systems","Mobility and Transportation, Grid Management and Microgrid, Energy System Modeling Frameworks",Germany,non-profit,,http://www.reiner-lemoine-institut.de
Berkeley Lab - Modeling & Simulation,lbl-srg,,,,3,,24,https://github.com/lbl-srg,"https://github.com/lbl-srg/MPCPy, https://github.com/lbl-srg/obc, https://github.com/lbl-srg/modelica-buildings",2022-11-03T06:23:54.972Z,2026-10-02T22:38:16.161Z,https://avatars.githubusercontent.com/u/3753398?v=4,,"Consumption, Consumption, Consumption","Buildings and Heating, Buildings and Heating, Buildings and Heating",USA,government agency,,https://buildings.lbl.gov/modeling-simulation
SEPAL contrib,sepal-contrib,A collection of SEPAL modules maintained by SEPAL team.,Italy,,1,,44,https://github.com/sepal-contrib,https://github.com/sepal-contrib/se.plan,2022-11-15T04:39:11.398Z,2026-10-03T01:32:37.232Z,https://avatars.githubusercontent.com/u/89985077?v=4,,Biosphere,Deforestation and Reforestation,,,,https://sepal.io
Dark Matter Labs,Dark-Matter-Labs,We are building options for the next economies.,,info@darkmatterlabs.org,1,DarkMatter_Labs,6,https://github.com/Dark-Matter-Labs,https://github.com/Dark-Matter-Labs/circulaw,2022-11-15T03:31:27.438Z,2026-10-06T23:34:42.249Z,https://avatars.githubusercontent.com/u/72501105?v=4,,Industrial Ecology,Circular Economy and Waste,Netherlands,for-profit,,https://darkmatterlabs.org
Code for Boston,codeforboston,Improving civic life and social good in Greater Boston.,"Boston, MA",hello@codeforboston.org,2,codeforboston,119,https://github.com/codeforboston,"https://github.com/codeforboston/safe-water, https://github.com/codeforboston/home-energy-analysis-tool",2022-11-04T15:15:45.019Z,2024-04-15T11:19:09.060Z,https://avatars.githubusercontent.com/u/2533182?v=4,'https://www.codeforboston.org/donate/',"Natural Resources, Consumption","Water Supply and Quality, Buildings and Heating",USA,non-profit,,https://www.codeforboston.org
Collectif Conception Numérique Responsable,cnumr,,France,,1,cnumr,26,https://github.com/cnumr,https://github.com/cnumr/ecoindex_browser-plugin,2022-11-14T07:51:06.149Z,2026-10-03T01:32:37.391Z,https://avatars.githubusercontent.com/u/52161143?v=4,,Consumption,Computation and Communication,France,non-profit,,https://collectif.greenit.fr
EarthSystemDiagnostics,EarthSystemDiagnostics,Code respository for the Earth System Diagnostics research team including the SPACE ERC Starting grant project,,,1,,15,https://github.com/EarthSystemDiagnostics,https://github.com/EarthSystemDiagnostics/sedproxy,2022-11-15T23:06:05.554Z,2026-10-06T21:38:48.082Z,https://avatars.githubusercontent.com/u/45169479?v=4,,Climate Change,Earth and Climate Modeling,Germany,academia,,https://www.awi.de/en/science/geosciences/polar-terrestrial-environmental-systems/research-foci/earth-system-diagnostics.html
thetisproject,thetisproject,,,,1,,2,https://github.com/thetisproject,https://github.com/thetisproject/thetis,2022-11-18T03:31:57.276Z,2026-10-02T22:59:32.558Z,https://avatars.githubusercontent.com/u/17277005?v=4,,Hydrosphere,Coastal and Reefs,Global,collaboration,,https://thetisproject.org/
NLRWindSystems,NLRWindSystems,"The home of wind energy systems models developed, released, and maintained by the National Laboratory of the Rockies, formerly named NREL ",United States of America,systems.engineering@nrel.gov,6,,40,https://github.com/NLRWindSystems,"https://github.com/nlrwindsystems/wisdem, https://github.com/nlrwindsystems/orbit, https://github.com/nlrwindsystems/airfoilpreppy, https://github.com/nlrwindsystems/weis, https://github.com/nlrwindsystems/wombat, https://github.com/nlrwindsystems/landbosse",2022-11-06T18:00:11.891Z,2026-10-07T04:04:39.129Z,https://avatars.githubusercontent.com/u/5444272?v=4,,"Renewable Energy, Renewable Energy, Renewable Energy, Renewable Energy, Renewable Energy, Renewable Energy","Wind Energy, Wind Energy, Wind Energy, Wind Energy, Wind Energy, Wind Energy",,,,https://www.nrel.gov/wind/systems-engineering.html
Long Term Ecological Research Network,lter,"Projects in this organization support ecological research, coordination, and communication by and related to the LTER Network.  ",United States,,1,uslter,101,https://github.com/lter,https://github.com/lter/lterdatasampler,2022-11-05T12:20:44.477Z,2026-10-03T01:29:23.299Z,https://avatars.githubusercontent.com/u/5386476?v=4,,Biosphere,Conservation and Restoration,USA,academia,,https://lternet.edu
Canadian Centre for Climate Services,ECCC-CCCS,The Canadian Centre for Climate Services (CCCS) is a dedicated multi-disciplinary team with expertise across a broad range of climate-related disciplines.,,,1,,6,https://github.com/ECCC-CCCS,https://github.com/ECCC-CCCS/geomet-climate,2022-11-13T02:58:09.615Z,2026-10-06T22:16:20.530Z,https://avatars.githubusercontent.com/u/40633470?v=4,,Climate Change,Climate Data Processing and Analysis,Canada,government agency,,https://canada.ca/climate-services
Australian Ocean Data Network,aodn,,Australia,info@aodn.org.au,1,,79,https://github.com/aodn,https://github.com/aodn/aodn-portal,2022-11-03T02:06:32.432Z,2026-10-03T04:47:14.660Z,https://avatars.githubusercontent.com/u/2802166?v=4,,Hydrosphere,Ocean and Hydrology Data Access,Australia,collaboration,,https://portal.aodn.org.au/
JuMP-dev,jump-dev,An organization for the JuMP modeling language and related repositories.,,,1,JuMPjl,66,https://github.com/jump-dev,https://github.com/jump-dev/open-energy-modeling-benchmarks,2022-11-04T07:04:56.689Z,2026-10-03T04:47:17.030Z,https://avatars.githubusercontent.com/u/48496332?v=4,,Energy Systems,Energy System Modeling Frameworks,USA,community,,https://jump.dev/
NOAA - Geophysical Fluid Dynamics Laboratory,NOAA-GFDL,"U.S Department of Commerce, National Oceanic and Atmospheric Administration","Princeton, New Jersey",gfdl.climate.model.info@noaa.gov,7,,47,https://github.com/NOAA-GFDL,"https://github.com/NOAA-GFDL/icebergs, https://github.com/NOAA-GFDL/MOM6, https://github.com/NOAA-GFDL/FMS, https://github.com/NOAA-GFDL/MDTF-diagnostics, https://github.com/NOAA-GFDL/SIS2, https://github.com/NOAA-GFDL/FMScoupler, https://github.com/NOAA-GFDL/pace",2022-11-07T04:28:52.091Z,2026-10-06T23:15:16.875Z,https://avatars.githubusercontent.com/u/11219395?v=4,,"Cryosphere, Hydrosphere, Climate Change, Climate Change, Cryosphere, Climate Change, Atmosphere","Sea Ice, Ocean Models, Earth and Climate Modeling, Earth and Climate Modeling, Glacier and Ice Sheets, Earth and Climate Modeling, Atmospheric Composition and Dynamics",USA,government agency,,http://www.gfdl.noaa.gov
Greensway AB,GreenswayAB,,Sweden,analys@greensway.se,1,GreenswayEco,1,https://github.com/GreenswayAB,https://github.com/GreenswayAB/BIRDS,2023-07-12T12:46:49.387Z,2026-10-06T22:16:23.145Z,https://avatars.githubusercontent.com/u/67310826?v=4,,Biosphere,Biodiversity Data Cleaning and Standardization,Sweden,non-profit,,https://greensway.se/
eBird Status & Trends,ebird,"Using eBird data to monitor bird populations and power research, conservation, and education.",United States of America,,1,,12,https://github.com/ebird,https://github.com/ebird/ebirdst,2022-11-20T08:54:09.046Z,2026-10-02T06:29:43.576Z,https://avatars.githubusercontent.com/u/3780849?v=4,,Biosphere,Avian Monitoring and Analysis,USA,academia,,https://science.ebird.org/en/status-and-trends
GEUS Glaciology and Climate,GEUS-Glaciology-and-Climate,GEUS Department of Glaciology and Climate,"Copenhagen, Denmark",,3,,41,https://github.com/GEUS-Glaciology-and-Climate,"https://github.com/GEUS-Glaciology-and-Climate/pypromice, https://github.com/geus-glaciology-and-climate/griml, https://github.com/GEUS-Glaciology-and-Climate/freshwater",2022-11-15T17:48:53.331Z,2026-10-06T23:15:15.705Z,https://avatars.githubusercontent.com/u/71171316?v=4,,"Cryosphere, Cryosphere, Cryosphere","Glacier and Ice Sheets, Glacier and Ice Sheets, Glacier and Ice Sheets",Denmark,academia,,https://eng.geus.dk/about/organisation/departments/glaciology-and-climate
EMRG-SFU,EMRG-SFU,,,,1,,1,https://github.com/EMRG-SFU,https://github.com/emrg-sfu/cims,2025-07-04T18:26:44.175Z,2026-10-06T23:34:43.904Z,https://avatars.githubusercontent.com/u/92178114?v=4,,Climate Change,Earth and Climate Modeling,Canada,academia,,
"European Commission, Joint Research Centre (JRC)",ec-jrc,,,,2,,70,https://github.com/ec-jrc,"https://github.com/ec-jrc/lisflood-code, https://github.com/ec-jrc/nrt",2022-11-13T09:33:54.756Z,2026-10-02T22:37:30.621Z,https://avatars.githubusercontent.com/u/39263635?v=4,,"Climate Change, Biosphere","Natural Hazard and Storms, Forest Remote Sensing",EU,government agency,,https://ec.europa.eu/jrc/
SPF Institute for Solar Technology,SPF-OST,,"Rapperswil, Switzerland",,1,,8,https://github.com/SPF-OST,https://github.com/spf-ost/optihood,2022-11-15T05:03:59.637Z,2026-10-06T22:42:16.026Z,https://avatars.githubusercontent.com/u/50168589?v=4,,Energy Systems,Renewable Energy Integration,Switzerland,academia,,http://www.spf.ch
CF Conventions,cf-convention,Source code repository for CF Conventions documents at http://cf-convention.github.io,github,,1,,9,https://github.com/cf-convention,https://github.com/cf-convention/cf-conventions,2022-11-07T14:56:04.905Z,2026-10-02T22:59:35.389Z,https://avatars.githubusercontent.com/u/6909709?v=4,,Climate Change,Climate Data Standards,Global,community,,http://cf-convention.github.io
Birds Canada,BirdsCanada,"Together, we are Canada's voice for birds",Canada,,1,,4,https://github.com/BirdsCanada,https://github.com/birdscanada/naturecounts,2022-11-18T13:23:12.796Z,2026-10-06T22:54:50.707Z,https://avatars.githubusercontent.com/u/39635484?v=4,,Biosphere,Avian Monitoring and Analysis,Canada,non-profit,,https://www.birdscanada.org
Ladybug Tools,ladybug-tools,Ladybug Tools is a collection of free computer applications that support environmentally-conscious design and simulation.,Worldwide,info@ladybug.tools,3,ladybug_tools,124,https://github.com/ladybug-tools,"https://github.com/ladybug-tools/uwg, https://github.com/ladybug-tools/dragonfly-legacy, https://github.com/ladybug-tools/honeybee",2022-11-04T12:25:59.361Z,2026-10-03T01:28:58.949Z,https://avatars.githubusercontent.com/u/14942270?v=4,,"Climate Change, Climate Change, Renewable Energy","Earth and Climate Modeling, Earth and Climate Modeling, Photovoltaics and Solar Energy",Global,for-profit,,http://ladybug.tools
icepack,icepack,,,,1,,24,https://github.com/icepack,https://github.com/icepack/icepack,2022-11-11T21:43:31.616Z,2026-10-03T02:45:36.599Z,https://avatars.githubusercontent.com/u/32472811?v=4,,Cryosphere,Glacier and Ice Sheets,USA,government agency,,
IEA-ETSAP,etsap-TIMES,,,,2,,2,https://github.com/etsap-TIMES,"https://github.com/etsap-TIMES/TIMES_model, https://github.com/etsap-times/xl2times",2023-05-05T14:32:59.717Z,2026-10-06T22:16:22.218Z,https://avatars.githubusercontent.com/u/59050833?v=4,,"Energy Systems, Energy Systems","Energy System Modeling Frameworks, Energy System Modeling Frameworks",Global,collaboration,,https://iea-etsap.org/
RAMP,RAMP-project,Stochastic multi-energy load profiles,,,2,,2,https://github.com/RAMP-project,"https://github.com/RAMP-project/RAMP-mobility, https://github.com/RAMP-project/RAMP",2022-11-16T16:45:34.450Z,2026-10-06T21:29:37.668Z,https://avatars.githubusercontent.com/u/65850039?v=4,,"Consumption, Energy Systems","Mobility and Transportation, Energy System Modeling Frameworks",Global,community,,https://rampdemand.org/
Autofracture,hsbay,Repository for next generation climate and energy systems projects.,"Horseshoe Bay, California",onccode@autofracture.com,1,,3,https://github.com/hsbay,https://github.com/hsbay/cdrmex,2022-11-19T14:56:18.857Z,2026-10-02T06:28:54.023Z,https://avatars.githubusercontent.com/u/35169692?v=4,,Emissions,Carbon Capture,USA,for-profit,,http://www.autofracture.com/netzeroasap
wind-python,wind-python,,,,1,,2,https://github.com/wind-python,https://github.com/wind-python/windpowerlib,2026-09-25T21:12:25.341Z,2026-10-03T04:54:37.850Z,https://avatars.githubusercontent.com/u/21263042?v=4,,Renewable Energy,Wind Energy,,,,
Laboratory for Energy Systems Analysis,Laboratory-for-Energy-Systems-Analysis,The interdivisional PSI Laboratory for Energy Systems Analysis conducts analytical research on diverse energy technologies and systems.,Switzerland,romain.sacchi@psi.ch,1,,1,https://github.com/Laboratory-for-Energy-Systems-Analysis,https://github.com/laboratory-for-energy-systems-analysis/carculator,2024-11-27T15:28:21.207Z,2026-10-06T23:15:02.798Z,https://avatars.githubusercontent.com/u/189872484?v=4,,Industrial Ecology,Life Cycle Assessment,Switzerland,government agency,,https://www.psi.ch/en/lea
RMI-PACTA,RMI-PACTA,,,,3,,31,https://github.com/RMI-PACTA,"https://github.com/rmi-pacta/r2dii.match, https://github.com/RMI-PACTA/pactaverse, https://github.com/rmi-pacta/r2dii.analysis",2022-11-16T19:18:02.451Z,2026-10-07T21:06:35.990Z,https://avatars.githubusercontent.com/u/106075608?v=4,,"Sustainable Development, Sustainable Development, Sustainable Development","Sustainable Investment, Sustainable Investment, Sustainable Investment",Germany,non-profit,,https://pacta.rmi.org/
sciserver,sciserver,,,,1,,89,https://github.com/sciserver,https://github.com/sciserver/giverny,2022-11-04T09:10:39.116Z,2024-04-14T06:42:22.592Z,https://avatars.githubusercontent.com/u/15526376?v=4,,Atmosphere,Atmospheric Composition and Dynamics,,,,
Tampa Bay Estuary Program,tbep-tech,"Tampa Bay Estuary Program is an independent, special district of the State of Florida, and 1 of 28 national estuary programs administered by the USEPA.","St. Petersburg, FL 33701",mbeck@tbep.org,1,,150,https://github.com/tbep-tech,https://github.com/tbep-tech/wqtrends,2022-11-15T04:46:39.136Z,2026-10-03T02:44:24.517Z,https://avatars.githubusercontent.com/u/49565964?v=4,,Natural Resources,Water Supply and Quality,USA,government agency,,https://tbep-tech.github.io/
PermafrostNet,permafrostnet,"Welcome to the GitLab repository for [NSERC PermafrostNet](www.permafrostnet.ca). 

## Guide to software for permafrost research
[See the Wiki pages](https://gitlab.com/groups/permafrostnet/-/wikis/home)",,,1,,10,https://gitlab.com/permafrostnet,https://gitlab.com/permafrostnet/teaspoon,2023-06-12T18:35:38.347Z,2026-09-25T17:52:11.674Z,https://gitlab.com/uploads/-/system/group/avatar/7682572/Permafrost_logo_4color_stack_crop.png,,Cryosphere,Snow and Permafrost,Canada,collaboration,,http://permafrostnet.ca
Energy Efficient Buildings @EURAC,EURAC-EEBgroup,This research group focuses on energy flexible buildings and building clusters.,Bolzano - Bozen,,1,,3,https://github.com/EURAC-EEBgroup,https://github.com/eurac-eebgroup/pybuildingenergy,2024-03-13T11:40:41.093Z,2026-10-06T21:38:48.856Z,https://avatars.githubusercontent.com/u/15102177?v=4,,Consumption,Buildings and Heating,Italy,for-profit,,http://www.eurac.edu/en/research/technologies/renewableenergy/researchfields/Pages/Energy-management-in-buildings.aspx
OpenLitterMap,OpenLitterMap,Join us and share data,"Cork, Ireland",info@openlittermap.com,1,OpenLitterMap,2,https://github.com/OpenLitterMap,https://github.com/OpenLitterMap/openlittermap-web,2022-11-15T07:40:39.387Z,2026-10-06T22:54:48.938Z,https://avatars.githubusercontent.com/u/62770201?v=4,,Industrial Ecology,Circular Economy and Waste,Ireland,for-profit,,https://openlittermap.com
Data Carpentry,datacarpentry,"Workshops teaching scientists basic skills for retrieving, viewing, managing, and manipulating data in an open and reproducible way.",,team@carpentries.org,4,,115,https://github.com/datacarpentry,"https://github.com/datacarpentry/OpenRefine-ecology-lesson, https://github.com/datacarpentry/r-intro-geospatial, https://github.com/datacarpentry/python-ecology-lesson, https://github.com/datacarpentry/R-ecology-lesson",2022-11-03T05:35:33.263Z,2026-10-02T01:54:26.239Z,https://avatars.githubusercontent.com/u/6666450?v=4,"'https://github.com/sponsors/carpentries', 'https://www.zeffy.com/en-US/donation-form/donate-to-make-a-difference-7497'","Sustainable Development, Sustainable Development, Sustainable Development, Sustainable Development","Education, Education, Education, Education",USA,non-profit,,https://datacarpentry.org/
EnergySystemsModellingLab,EnergySystemsModellingLab,,,,2,,1,https://github.com/EnergySystemsModellingLab,"https://github.com/energysystemsmodellinglab/muse2, https://github.com/EnergySystemsModellingLab/MUSE_OS",2022-11-15T05:03:37.205Z,2026-10-07T17:34:49.336Z,https://avatars.githubusercontent.com/u/11629231?v=4,,"Energy Systems, Energy Systems","Energy System Modeling Frameworks, Energy System Modeling Frameworks",UK,academia,,https://energysystemsmodellinglab.github.io/MUSE2/introduction.html
BirdNET-Team,birdnet-team,The AI toolkit for conservation,Germany,ccb-birdnet@cornell.edu,3,,27,https://github.com/birdnet-team,"https://github.com/birdnet-team/birdnetr, https://github.com/birdnet-team/birdnet-analyzer, https://github.com/birdnet-team/birdnet",2024-05-31T10:44:38.349Z,2026-10-02T11:37:16.250Z,https://avatars.githubusercontent.com/u/118534182?v=4,,"Biosphere, Biosphere, Biosphere","Bioacoustics and Acoustic Data Analysis, Avian Monitoring and Analysis, Avian Monitoring and Analysis",Germany,community,2025-10-25,http://birdnet.cornell.edu
Digital Public Goods Alliance,DPGAlliance,The Digital Public Goods Alliance is an initiative endorsed by the UN Secretary-General that facilitates the discovery and deployment of digital public goods.,,support@digitalpublicgoods.net,1,dpgalliance,12,https://github.com/DPGAlliance,https://github.com/dpgalliance/publicgoods-candidates,2022-11-14T05:12:26.298Z,2026-10-06T22:42:15.362Z,https://avatars.githubusercontent.com/u/67749530?v=4,,Sustainable Development,Knowledge Platforms,Global,collaboration,,http://digitalpublicgoods.net
WildEye Conservation,WildEyeConservation,AI-Powered Conservation,South Africa,nicholas@wildeyeconservation.org,1,,1,https://github.com/WildEyeConservation,https://github.com/wildeyeconservation/traptagger,2022-11-15T10:48:29.083Z,2026-10-06T22:54:53.221Z,https://avatars.githubusercontent.com/u/103252266?v=4,,Biosphere,Terrestrial Wildlife,South Africa,community,,https://wildeyeconservation.org/
World Ozone and Ultraviolet Radiation Data Centre,woudc,"Collaborative software, issue tracker and wiki for WOUDC, one of six World Data Centres as part of the Global Atmosphere Watch programme of the WMO.",Canada,,1,,10,https://github.com/woudc,https://github.com/woudc/woudc-data-registry,2022-11-03T14:11:16.719Z,2026-10-03T05:47:00.785Z,https://avatars.githubusercontent.com/u/10194891?v=4,,Atmosphere,Radiative Transfer,Global,government agency,,https://woudc.org
Ribbit Network,Ribbit-Network,The world's largest crowdsourced network of open-source CO2 Gas Detection Sensors.,,hello@ribbitnetwork.org,1,RibbitNetwork,6,https://github.com/Ribbit-Network,https://github.com/Ribbit-Network/ribbit-network-frog-hardware,2022-11-17T22:15:42.739Z,2026-10-06T19:36:02.285Z,https://avatars.githubusercontent.com/u/88076953?v=4,,Emissions,Emission Observation and Modeling,Global,community,,https://ribbitnetwork.org/
Open Energy Transition,open-energy-transition,Non-profit that accelerates the energy transition with open data and open source software solutions.,,info@openenergytransition.org,9,,142,https://github.com/open-energy-transition,"https://github.com/open-energy-transition/awesome-electricity-demand, https://github.com/open-energy-transition/pypsa-wal, https://github.com/open-energy-transition/open-tyndp, https://github.com/open-energy-transition/demandcast, https://github.com/open-energy-transition/solver-benchmark, https://github.com/open-energy-transition/earthpv, https://github.com/open-energy-transition/open-tyndp-workshops, https://github.com/open-energy-transition/mapyourgrid, https://github.com/open-energy-transition/Awesome-Electrical-Grid-Mapping",2023-05-03T12:28:56.289Z,2026-10-01T21:36:20.559Z,https://avatars.githubusercontent.com/u/131007753?v=4,,"Energy Systems, Energy Systems, Energy Systems, Energy Systems, Energy Systems, Renewable Energy, Sustainable Development, Energy Systems, Sustainable Development","Energy Data Accessibility and Integration, Global and Regional Energy System Models, Energy System Modeling Frameworks, Load and Demand Forecasting, Energy System Modeling Frameworks, Photovoltaics and Solar Energy, Education, Energy Data Accessibility and Integration, Curated Lists",Berlin,non-profit,,https://openenergytransition.org/
R For Water Resources Data Science,r4wrds,"A water-resources based R course for folks who work with data, from analysts and program staff to engineers and scientists. ",United States of America,,1,,4,https://github.com/r4wrds,https://github.com/r4wrds/r4wrds,2022-11-18T21:44:53.658Z,2026-10-03T01:29:19.520Z,https://avatars.githubusercontent.com/u/87592719?v=4,,Sustainable Development,Education,USA,community,,https://www.r4wrds.com
Urban Institute Research,UI-Research,UI Research and Web  projects,,jkelly@urban.org,1,,30,https://github.com/UI-Research,https://github.com/ui-research/mobility-from-poverty,2022-11-14T02:54:15.009Z,2026-10-06T23:34:41.968Z,https://avatars.githubusercontent.com/u/6865050?v=4,,Sustainable Development,Population and Poverty,USA,academia,,http://urban.org
Ecohydrology Team,EcohydrologyTeam,"🍃💦 Ecohydrology, Water Quality Modeling, Ecological Engineering, Engineering with Nature",,,2,,3,https://github.com/EcohydrologyTeam,"https://github.com/ecohydrologyteam/clearwater-modules, https://github.com/EcohydrologyTeam/ClearWater-riverine",2023-05-02T22:22:01.930Z,2026-10-06T22:16:29.167Z,https://avatars.githubusercontent.com/u/112780631?v=4,,"Natural Resources, Hydrosphere","Water Supply and Quality, Freshwater and Hydrology",USA,government agency,,
Data For Good France,dataforgoodfr,,France,hellodataforgood@gmail.com,2,,176,https://github.com/dataforgoodfr,"https://github.com/dataforgoodfr/quotaclimat, https://github.com/dataforgoodfr/batch7_satellite_ges",2022-11-12T03:41:41.220Z,2026-10-02T01:58:03.528Z,https://avatars.githubusercontent.com/u/11797105?v=4,,"Sustainable Development, Emissions","Knowledge Platforms, Emission Observation and Modeling",France,community,,http://www.dataforgood.fr
GERICS,climate-service-center,Climate Service Center Germany | An Institution of Helmholtz-Zentrum Hereon,Germany,,1,,14,https://github.com/climate-service-center,https://github.com/climate-service-center/index_calculator,2023-12-22T06:07:57.165Z,2026-10-03T04:47:17.453Z,https://avatars.githubusercontent.com/u/154221270?v=4,,Climate Change,Climate Data Processing and Analysis,Germany,academia,,http://www.gerics.de
NYC Department of Health and Mental Hygiene,nychealth,,"New York, NY",,1,,26,https://github.com/nychealth,https://github.com/nychealth/eh-dataportal,2022-11-14T18:05:14.811Z,2026-10-02T06:29:06.500Z,https://avatars.githubusercontent.com/u/62506468?v=4,,Sustainable Development,Data Catalogs and Interfaces,USA,government agency,,http://www.nyc.gov/health
open-atmos,open-atmos,,,,2,,11,https://github.com/open-atmos,"https://github.com/open-atmos/camp, https://github.com/open-atmos/PySDM",2022-11-14T07:23:50.125Z,2026-10-01T22:52:25.302Z,https://avatars.githubusercontent.com/u/87869712?v=4,,"Atmosphere, Atmosphere","Atmospheric Chemistry and Aerosol, Atmospheric Chemistry and Aerosol",Global,community,,
U.S. Greenhouse Gas Center,US-GHG-Center,,,,1,,1,https://github.com/US-GHG-Center,https://us-ghg-center.github.io/ams-2024-workshop/,2023-07-25T22:29:08.144Z,2026-10-06T21:38:54.325Z,https://avatars.githubusercontent.com/u/140534100?v=4,,Sustainable Development,Education,Global,government agency,,https://earth.gov/ghgcenter/
Bureau du forestier en chef,Bureau-du-Forestier-en-chef,Le Forestier en chef a pour mission principale de déterminer les possibilités forestières des forêts publiques du Québec.,Canada,bureau@fec.gouv.qc.ca,1,Forestierenchef,2,https://github.com/Bureau-du-Forestier-en-chef,https://github.com/bureau-du-forestier-en-chef/fmt,2022-11-15T23:14:24.267Z,2026-10-06T19:36:03.583Z,https://avatars.githubusercontent.com/u/99218695?v=4,,Biosphere,Forest Observation and Management,Canada,government agency,,https://forestierenchef.gouv.qc.ca/
Thinking Machines Data Science,thinkingmachines,Thinking Machines is a leading-edge data technology consultancy that transforms organizations by building enterprise AI and cloud data platforms.,,hello@thinkingmachin.es,1,thinkdatasci,68,https://github.com/thinkingmachines,https://github.com/thinkingmachines/unicef-ai4d-poverty-mapping,2022-11-14T06:17:55.045Z,2026-10-03T01:29:22.344Z,https://avatars.githubusercontent.com/u/18002528?v=4,,Sustainable Development,Population and Poverty,Singapore,for-profit,,https://thinkingmachin.es
Scott Logic Ltd,ScottLogic,All together smarter,,it@scottlogic.com,1,Scott_Logic,33,https://github.com/ScottLogic,https://github.com/scottlogic/technology-carbon-standard,2022-11-06T03:46:39.726Z,2026-10-06T22:54:53.048Z,https://avatars.githubusercontent.com/u/2046037?v=4,,Emissions,Carbon Intensity and Accounting,UK,for-profit,,https://www.scottlogic.com/our-commitment-open-source
cityflow-project,cityflow-project,,,,1,,7,https://github.com/cityflow-project,https://github.com/cityflow-project/CityFlow,2022-11-15T17:43:32.603Z,2026-10-02T06:29:46.053Z,https://avatars.githubusercontent.com/u/48002753?v=4,,Consumption,Mobility and Transportation,Global,community,,http://cityflow-project.github.io
U-Shift lab,U-Shift,Mobility research lab at Instituto Superior Técnico - University of Lisbon,"Lisbon, Portugal",ushift@tecnico.ulisboa.pt,1,u_shift,11,https://github.com/U-Shift,https://github.com/u-shift/biclar,2022-11-14T21:03:51.078Z,2026-10-06T23:05:11.909Z,https://avatars.githubusercontent.com/u/67201314?v=4,,Consumption,Mobility and Transportation,,,,https://ushift.tecnico.ulisboa.pt
UNDP,undp,United Nations Development Programme,International,,2,undp,59,https://github.com/undp,"https://github.com/undp/National-Climate-Transparency-Platform, https://github.com/undp/undp-national-carbon-registry",2022-11-04T12:26:26.765Z,2026-10-03T04:55:15.337Z,https://avatars.githubusercontent.com/u/2916543?v=4,,"Emissions, Emissions","Emission Observation and Modeling, Carbon Offsets and Trading",Global,government agency,,https://www.undp.org
Open ET,Open-ET,"Repositories for the Open ET project, which aims to provide open and easily accessible evapotranspiration data for improved water management",,,2,,5,https://github.com/Open-ET,"https://github.com/Open-ET/openet-ssebop, https://github.com/Open-ET/flux-data-qaqc",2022-11-13T13:22:07.306Z,2026-10-06T22:16:29.167Z,https://avatars.githubusercontent.com/u/18035656?v=4,,"Natural Resources, Atmosphere","Water Supply and Quality, Meteorological Observation and Forecast",USA,non-profit,,https://etdata.org/
protontypes,protontypes,A Free Community Accelerating Open and Sustainable Technology,,,3,,20,https://github.com/protontypes,"https://github.com/protontypes/continuous-reforestation, https://github.com/protontypes/open-sustainable-technology, https://github.com/protontypes/climate-triage",2022-11-14T05:19:52.827Z,2026-10-02T02:56:27.485Z,https://avatars.githubusercontent.com/u/55761070?v=4,'https://opencollective.com/open-sustainable-technology',"Biosphere, Sustainable Development, Sustainable Development","Deforestation and Reforestation, Knowledge Platforms, Knowledge Platforms",Germany,community,,https://protontypes.eu
Potsdam Integrated Assessment Modelling (PIAM),pik-piam,Tools developed for use with data and models related to PIK's research.,"Potsdam Institute for Climate Impact Research (PIK), Germany",,4,,100,https://github.com/pik-piam,"https://github.com/pik-piam/flodym, https://github.com/pik-piam/mrremind, https://github.com/pik-piam/remind, https://github.com/pik-piam/edgeTransport",2022-11-10T20:11:55.333Z,2026-10-03T01:32:36.398Z,https://avatars.githubusercontent.com/u/29039634?v=4,,"Industrial Ecology, Climate Change, Climate Change, Climate Change","Life Cycle Assessment, Integrated Assessment and Climate Policy, Integrated Assessment and Climate Policy, Integrated Assessment and Climate Policy",Germany,non-profit,,https://www.pik-potsdam.de/
BirdLife International,BirdLifeInternational,,,,1,,7,https://github.com/BirdLifeInternational,https://github.com/birdlifeinternational/track2kba,2023-04-10T22:39:10.266Z,2026-10-06T21:38:54.311Z,https://avatars.githubusercontent.com/u/56396160?v=4,,Biosphere,Conservation and Restoration,USA,non-profit,,http://www.birdlife.org
Neuromatch,neuromatch,"Online community of computational neuroscientists, mission to foster inclusive global interactions for learning, mentorship, networking, and profession dev",,,1,neuromatch,32,https://github.com/neuromatch,https://github.com/neuromatch/climate-course-content,2022-11-15T17:14:44.730Z,2026-10-02T06:29:48.782Z,https://avatars.githubusercontent.com/u/64085422?v=4,,Sustainable Development,Education,USA,non-profit,,http://neuromatch.io
BIOSCAN,bioscan-ml,Illuminating biodiversity with DNA-based identification systems,,contact@bioscancanada.org,2,,10,https://github.com/bioscan-ml,"https://github.com/bioscan-ml/clibd, https://github.com/bioscan-ml/bioscan-5m",2024-10-29T05:17:09.653Z,2026-10-02T03:51:12.518Z,https://avatars.githubusercontent.com/u/175227258?v=4,,"Biosphere, Biosphere","Biodiversity Analysis and Metrics, Biodiversity Data Access and Management",Canada,academia,,https://biodiversitygenomics.net/research/bioscan/
Karrot Dev,karrot-dev,"Start a group, become a community",,info@karrot.world,1,,28,https://github.com/karrot-dev,https://github.com/karrot-dev/karrot-frontend,2022-11-14T05:11:38.319Z,2026-10-03T04:47:14.971Z,https://avatars.githubusercontent.com/u/14811840?v=4,,Consumption,Agriculture and Nutrition,Global,community,,https://karrot.world
Open Source Mentorship,OpenSourceFellows,A 501c3 nonprofit that helps new developers practice their portfolio building projects withsustainability groups,United States of America,team@progamearth.org,1,,12,https://github.com/OpenSourceFellows,https://github.com/opensourcefellows/map-dashboard,2022-11-15T07:54:57.445Z,2026-10-06T23:34:45.328Z,https://avatars.githubusercontent.com/u/66801808?v=4,,Biosphere,Biodiversity Analysis and Metrics,USA,non-profit,,https://www.programearth.org
Ecosystem Dynamics and Assessment Branch,NOAA-EDAB,Code depot and project planning for NOAA/NEFSC/READ/EDAB,,,2,,23,https://github.com/NOAA-EDAB,"https://github.com/NOAA-EDAB/ecodata, https://github.com/noaa-edab/rpath",2022-11-13T07:59:57.737Z,2026-10-06T22:30:13.281Z,https://avatars.githubusercontent.com/u/38220006?v=4,,"Biosphere, Biosphere","Marine Life and Fishery, Ecological and Environmental Modeling",USA,government agency,,https://www.nefsc.noaa.gov/ecosys/
Real-time water systems lab,kLabUM,,,,1,,28,https://github.com/kLabUM,https://github.com/kLabUM/pystorms,2022-11-05T16:16:12.286Z,2026-10-06T23:05:18.788Z,https://avatars.githubusercontent.com/u/4870591?v=4,,Natural Resources,Water Supply and Quality,USA,collaboration,,
Aquatic EcoDynamics research group,AquaticEcoDynamics,,"Perth, Australia",,2,,19,https://github.com/AquaticEcoDynamics,"https://github.com/AquaticEcoDynamics/libaed2, https://github.com/AquaticEcoDynamics/GLM",2022-11-15T02:24:34.212Z,2026-10-06T21:38:55.707Z,https://avatars.githubusercontent.com/u/16325047?v=4,,"Natural Resources, Natural Resources","Water Supply and Quality, Water Supply and Quality",Australia,government agency,,http://aquatic.science.uwa.edu.au
Patch,patch-technology,Rebalance the planet,San Francisco,engineering@patch.io,1,usepatch,7,https://github.com/patch-technology,https://github.com/patch-technology/patch-node,2022-11-16T20:18:49.088Z,2026-10-03T04:47:18.224Z,https://avatars.githubusercontent.com/u/63677591?v=4,,Consumption,Computation and Communication,USA,for-profit,,https://patch.io
SOGNO,sogno-platform,,,,2,,35,https://github.com/sogno-platform,"https://github.com/sogno-platform/dpsim, https://github.com/sogno-platform/cimpy",2022-11-15T02:50:34.328Z,2026-10-02T05:40:42.944Z,https://avatars.githubusercontent.com/u/73550268?v=4,,"Energy Systems, Energy Systems","Energy System Modeling Frameworks, Energy Data Accessibility and Integration",Global,community,,https://sogno.energy/
Klimabevægelsen,Klimabevaegelsen,,Denmark,kontakt@klimabev.dk,1,,1,https://github.com/Klimabevaegelsen,https://github.com/klimabevaegelsen/landbruget.dk,2025-02-25T03:30:50.937Z,2026-10-06T23:34:44.470Z,https://avatars.githubusercontent.com/u/200558581?v=4,,Consumption,Agriculture and Nutrition,,,,http://klimabev.dk
Center for Crisis Early Warning,ccew-unibw,Projects developed at the Center for Crisis Early Warning @ UniBw M,Germany,kompzkfe@unibw.de,1,,5,https://github.com/ccew-unibw,https://github.com/ccew-unibw/ccvi-data,2025-05-23T11:07:46.127Z,2026-10-03T03:57:05.826Z,https://avatars.githubusercontent.com/u/212884315?v=4,,Climate Change,Climate Data Processing and Analysis,Germany,academia,,https://www.unibw.de/ciss-en/ccew
kynema,kynema,Suite of open-source computational fluid dynamics and structural dynamics codes.,,,2,,11,https://github.com/kynema,"https://github.com/kynema/kynema-ugf, https://github.com/kynema/kynema-sgf",2025-09-18T22:51:37.742Z,2026-10-03T10:04:01.890Z,https://avatars.githubusercontent.com/u/230028768?v=4,,"Renewable Energy, Renewable Energy","Wind Energy, Wind Energy",,,,
WSDA,WA-Department-of-Agriculture,,United States of America,,1,,1,https://github.com/WA-Department-of-Agriculture,https://github.com/wa-department-of-agriculture/soils,2022-11-15T17:26:31.173Z,2026-10-06T22:16:33.265Z,https://avatars.githubusercontent.com/u/104865467?v=4,,Natural Resources,Soil and Land,USA,government agency,,http://agr.wa.gov/AgScience
MicroHH,microhh,,,,1,,8,https://github.com/microhh,https://github.com/microhh/microhh,2022-11-06T15:24:59.399Z,2026-10-03T05:47:10.861Z,https://avatars.githubusercontent.com/u/6048730?v=4,,Atmosphere,Atmospheric Composition and Dynamics,,,,
Geoscience Australia,GeoscienceAustralia,,"Canberra, Australia",,6,,333,https://github.com/GeoscienceAustralia,"https://github.com/GeoscienceAustralia/dea-notebooks, https://github.com/GeoscienceAustralia/dea-coastlines, https://github.com/GeoscienceAustralia/tcrm, https://github.com/geoscienceaustralia/eo-tides, https://github.com/geoscienceaustralia/fc, https://github.com/geoscienceaustralia/anuga_core",2022-11-03T14:04:11.584Z,2024-04-14T15:26:26.969Z,https://avatars.githubusercontent.com/u/4704285?v=4,,"Sustainable Development, Hydrosphere, Climate Change, Hydrosphere, Natural Resources, Climate Change","Knowledge Platforms, Coastal and Reefs, Natural Hazard and Storms, Waves and Currents, Soil and Land, Natural Hazard and Storms",Australia,government agency,,http://www.ga.gov.au/
LifeWatch.be,lifewatch,,Belgium,info@lifewatch.be,1,LifeWatchVLIZ,51,https://github.com/lifewatch,https://github.com/lifewatch/pypam,2022-11-15T04:10:21.626Z,2026-10-03T02:45:46.039Z,https://avatars.githubusercontent.com/u/15125074?v=4,,Biosphere,Bioacoustics and Acoustic Data Analysis,,,,https://www.lifewatch.be
EcoForecast,EcoForecast,,,,1,,25,https://github.com/EcoForecast,https://github.com/ecoforecast/ef_activities,2022-11-06T04:32:54.662Z,2026-10-06T21:38:55.396Z,https://avatars.githubusercontent.com/u/5479184?v=4,,Sustainable Development,Education,Global,community,,http://ecoforecast.org
OpenDSM,opendsm,Collaboratively advancing the future of demand-side energy,,info@lfenergy.org,2,,5,https://github.com/opendsm,"https://github.com/opendsm/opendsm, https://github.com/opendsm/caltrack",2022-11-06T02:44:17.093Z,2026-10-02T05:40:42.863Z,https://avatars.githubusercontent.com/u/19336002?v=4,,"Energy Systems, Consumption","Building Energy Monitoring, Production and Industry",Global,collaboration,,https://lfenergy.org/projects/opendsm/
Tech Matters,techmatters,"We help social change leaders understand what tech can and can’t do, and build the tech solutions behind solving a social problem.",,,1,techmatters,33,https://github.com/techmatters,https://github.com/techmatters/terraso-backend,2022-11-14T09:02:18.450Z,2026-10-02T06:29:16.077Z,https://avatars.githubusercontent.com/u/53062258?v=4,,Natural Resources,Soil and Land,USA,non-profit,,https://techmatters.org/
IEA Wind Systems,IEAWindSystems,Organization for projects related to wind energy systems engineering supported by IEA Wind.,,,1,,12,https://github.com/IEAWindSystems,https://github.com/ieawindsystems/iea-15-240-rwt,2022-11-16T05:48:14.164Z,2026-10-06T22:54:54.318Z,https://avatars.githubusercontent.com/u/36546446?v=4,,Renewable Energy,Wind Energy,Global,Collaboration,,http://ieawindsystems.github.io
Climate Strike License,climate-strike,,,,1,,2,https://github.com/climate-strike,https://github.com/climate-strike/license,2026-09-24T18:50:29.342Z,2026-10-02T06:29:08.525Z,https://avatars.githubusercontent.com/u/52013222?v=4,,Sustainable Development,Knowledge Platforms,,,,
UNDP India,undpindia,,India,,1,,9,https://github.com/undpindia,https://github.com/undpindia/dicra,2022-11-14T20:36:56.260Z,2026-10-03T03:56:19.299Z,https://avatars.githubusercontent.com/u/92578095?v=4,,Consumption,Agriculture and Nutrition,India,government agency,,https://www.in.undp.org/
DrivenData,drivendataorg,Data & AI solutions for problems that matter.,,info@drivendata.org,1,drivendataorg,141,https://github.com/drivendataorg,https://github.com/drivendataorg/zamba,2022-11-10T04:56:05.994Z,2026-10-01T17:52:48.644Z,https://avatars.githubusercontent.com/u/9515608?v=4,,Biosphere,Terrestrial Wildlife,,,,https://www.drivendata.org
CML-IE-EB,CMLPlatform,,,,2,,4,https://github.com/CMLPlatform,"https://github.com/CMLPlatform/ramascene, https://github.com/CMLPlatform/pycirk",2022-11-18T12:25:03.644Z,2026-10-06T23:34:05.162Z,https://avatars.githubusercontent.com/u/29304416?v=4,,"Industrial Ecology, Industrial Ecology","Input Output Model, Input Output Model",Netherlands,academia,,https://www.universiteitleiden.nl/en/science/environmental-sciences/research
European Centre for Medium-Range Weather Forecasts (IFS),ecmwf-ifs,Open-source components of and auxiliary software closely related to ECMWF's Integrated Forecasting System,"Shinfield Park, Reading, United Kingdom",,3,,24,https://github.com/ecmwf-ifs,"https://github.com/ecmwf-ifs/ecwam, https://github.com/ecmwf-ifs/ecrad, https://github.com/ecmwf-ifs/dwarf-p-cloudsc",2022-11-16T14:44:42.885Z,2026-10-03T02:35:45.085Z,https://avatars.githubusercontent.com/u/84339824?v=4,,"Hydrosphere, Atmosphere, Atmosphere","Waves and Currents, Radiative Transfer, Atmospheric Chemistry and Aerosol",Europe,government agency,,https://www.ecmwf.int
NMF.earth,NMF-earth,Understand and reduce your carbon footprint 🌱 🌍,Denmark,nmf.earth@gmail.com,1,,3,https://github.com/NMF-earth,https://github.com/NMF-earth/nmf-app,2023-06-03T20:22:39.809Z,2026-10-06T22:54:54.079Z,https://avatars.githubusercontent.com/u/63661783?v=4,,Emissions,Carbon Intensity and Accounting,Global,community,,https://nmf-earth.github.io
Green Coding Solutions,green-coding-solutions,We create open source tools to measure software energy consumption,Germany,info@green-coding.io,2,,95,https://github.com/green-coding-solutions,"https://github.com/green-coding-solutions/eco-ci-energy-estimation, https://github.com/green-coding-solutions/green-metrics-tool",2022-11-14T07:19:18.816Z,2026-10-01T21:36:05.294Z,https://avatars.githubusercontent.com/u/97227681?v=4,,"Consumption, Consumption","Computation and Communication, Computation and Communication",,,,https://www.green-coding.io
ESMValGroup,ESMValGroup,Earth System Model eValuation Tool,,,2,ESMValTool,8,https://github.com/ESMValGroup,"https://github.com/ESMValGroup/ESMValTool, https://github.com/esmvalgroup/esmvalcore",2022-11-15T01:49:54.190Z,2026-10-06T23:34:46.553Z,https://avatars.githubusercontent.com/u/24584460?v=4,,"Climate Change, Climate Change","Earth and Climate Modeling, Climate Data Processing and Analysis",Germany,government agency,,https://esmvaltool.org
OpenEnergyMonitor,openenergymonitor,"Open-source energy monitoring tools to help us relate to our use of energy, our energy systems and the challenge of sustainable energy. ",United Kingdom,contact@openenergymonitor.zendesk.com,4,Openenergymon,127,https://github.com/openenergymonitor,"https://github.com/openenergymonitor/heatpumpmonitor.org, https://github.com/openenergymonitor/emonpi, https://github.com/openenergymonitor/EmonLib, https://github.com/openenergymonitor/STM32",2022-11-03T01:55:10.133Z,2026-10-02T01:54:15.641Z,https://avatars.githubusercontent.com/u/758944?v=4,,"Consumption, Energy Systems, Energy Systems, Energy Systems","Buildings and Heating, Building Energy Monitoring, Building Energy Monitoring, Building Energy Monitoring",UK,community,,https://openenergymonitor.org
ai2cm,ai2cm,Ai2 Climate Modeling,"Seattle WA, USA",,2,ai2_climate,66,https://github.com/ai2cm,"https://github.com/ai2cm/pace, https://github.com/ai2cm/ace",2022-11-14T05:06:54.570Z,2026-10-02T01:54:24.751Z,https://avatars.githubusercontent.com/u/55798839?v=4,,"Atmosphere, Atmosphere","Atmospheric Composition and Dynamics, Atmospheric Composition and Dynamics",USA,non-profit,,https://allenai.org/climate-modeling
Open Climate Fix,openclimatefix,Using open science to mitigate climate change,London,info@openclimatefix.org,6,openclimatefix,88,https://github.com/openclimatefix,"https://github.com/openclimatefix/graph_weather, https://github.com/openclimatefix/open-source-quartz-solar-forecast, https://github.com/openclimatefix/metnet, https://github.com/openclimatefix/solar-consumer, https://github.com/openclimatefix/pvnet, https://github.com/openclimatefix/quartz-frontend",2022-11-13T14:36:57.075Z,2024-04-15T07:33:23.163Z,https://avatars.githubusercontent.com/u/48357542?v=4,"'https://github.com/sponsors/openclimatefix', 'https://opencollective.com/openclimatefix'","Atmosphere, Renewable Energy, Atmosphere, Renewable Energy, Renewable Energy, Renewable Energy","Meteorological Observation and Forecast, Photovoltaics and Solar Energy, Meteorological Observation and Forecast, Photovoltaics and Solar Energy, Photovoltaics and Solar Energy, Photovoltaics and Solar Energy",UK,non-profit,,http://openclimatefix.org
OpenEVSE,OpenEVSE,Open Source Electric Vehicle Charging Station (EVSE),,info@openevse.com,2,,7,https://github.com/OpenEVSE,"https://github.com/OpenEVSE/ESP8266_WiFi_v2.x, https://github.com/OpenEVSE/open_evse",2022-11-12T23:59:20.255Z,2026-10-06T21:39:10.686Z,https://avatars.githubusercontent.com/u/14914533?v=4,,"Consumption, Consumption","Mobility and Transportation, Mobility and Transportation",USA,for-profit,,http://www.openevse.com
USGS Coastal and Marine Geology Program,USGS-CMG,,,,1,,14,https://github.com/USGS-CMG,https://github.com/USGS-CMG/stglib,2022-11-09T06:39:42.971Z,2026-10-06T23:15:16.325Z,https://avatars.githubusercontent.com/u/11758291?v=4,,Hydrosphere,Ocean and Hydrology Data Access,USA,government agency,,http://marine.usgs.gov
OpenGridFM,gridfm,,,,1,,3,https://github.com/gridfm,https://github.com/gridfm/gridfm-graphkit,2022-11-12T11:38:04.530Z,2026-10-04T05:58:48.109Z,https://avatars.githubusercontent.com/u/194820172?v=4,,Energy Systems,Grid Analysis and Planning,,community,,https://lfenergy.org/projects/opengridfm/
Kausal Tech,kausaltech,We help cities bridge the gap between climate goals and actions.,Helsinki,info@kausal.tech,1,kausaltech,30,https://github.com/kausaltech,https://github.com/kausaltech/kausal-paths,2022-11-15T23:35:03.324Z,2026-10-02T06:29:28.576Z,https://avatars.githubusercontent.com/u/61085507?v=4,,Emissions,Emission Observation and Modeling,Finland,for-profit,,https://kausal.tech
emit-sds,emit-sds,,,,1,,30,https://github.com/emit-sds,https://github.com/emit-sds/emit-ghg,2022-11-16T05:58:04.317Z,2026-10-03T02:45:45.332Z,https://avatars.githubusercontent.com/u/98183721?v=4,,Emissions,Carbon Intensity and Accounting,,,,
Elia Group - Open Source,eliagroup,For a successful energy transition in a sustainable world,Belgium,opensource@eliagroup.eu,1,,9,https://github.com/eliagroup,https://github.com/eliagroup/toop,2023-11-17T09:53:06.547Z,2026-10-02T06:29:40.754Z,https://avatars.githubusercontent.com/u/90860157?v=4,,Energy Systems,Grid Analysis and Planning,,,,http://www.eliagroup.eu
Land Ecosystem Modeling Collective,LandEcosystems,,,,1,,1,https://github.com/LandEcosystems,https://github.com/landecosystems/sindbad.jl,2025-12-20T15:52:26.567Z,2026-10-06T22:16:35.561Z,https://avatars.githubusercontent.com/u/249120204?v=4,,Emissions,Emission Observation and Modeling,,,,
Earth Lab,earthlab,Capitalizing on the data deluge to accelerate science,"Boulder, Colorado, USA",,2,EarthLabCU,112,https://github.com/earthlab,"https://github.com/earthlab/earthlab.github.io, https://github.com/earthlab/firedpy",2022-11-12T02:00:00.919Z,2026-10-02T21:27:34.772Z,https://avatars.githubusercontent.com/u/19476722?v=4,,"Sustainable Development, Biosphere","Education, Wildfire",USA,academia,,https://www.earthdatascience.org/
FernLab,fernlab,Remote Sensing for a Sustainable Use of Resources - FERN.Lab.,,,1,,8,https://git.gfz-potsdam.de/fernlab,https://git.gfz-potsdam.de/fernlab/products/furuno/wrainfo,2024-07-18T14:56:23.496Z,2026-10-03T03:51:51.226Z,https://git.gfz-potsdam.de/uploads/-/system/group/avatar/710/FERN_Lab_Logo.png?v=1777290903,,Atmosphere,Meteorological Observation and Forecast,Germany,non-profit,,
GreenScheduler,GreenScheduler,,,,1,,1,https://github.com/GreenScheduler,https://github.com/GreenScheduler/cats,2023-05-04T10:58:20.447Z,2026-10-06T22:54:56.437Z,https://avatars.githubusercontent.com/u/132558689?v=4,,Emissions,Carbon Intensity and Accounting,USA,government agency,,https://www.jpl.nasa.gov/go/opera/products/
TDcoSim Team,tdcosim,PSSE + OpenDSS + DER co-simulation project,Chicago,kbalasubramaniam@anl.gov,1,,2,https://github.com/tdcosim,https://github.com/tdcosim/SolarPV-DER-simulation-tool,2022-11-19T15:22:55.441Z,2026-10-03T01:54:28.862Z,https://avatars.githubusercontent.com/u/52003368?v=4,,Renewable Energy,Photovoltaics and Solar Energy,USA,government agency,,https://www.anl.gov/aet/article/cutting-edge-software-will-clarify-impact-of-distributed-energy-resources
Breakthrough Energy,Breakthrough-Energy,Open source software for a clean energy future,,,2,,13,https://github.com/Breakthrough-Energy,"https://github.com/Breakthrough-Energy/REISE.jl, https://github.com/Breakthrough-Energy/PowerSimData",2022-11-16T00:29:46.697Z,2026-10-06T21:38:59.434Z,https://avatars.githubusercontent.com/u/68243594?v=4,,"Energy Systems, Energy Systems","Renewable Energy Integration, Grid Analysis and Planning",USA,for-profit,,https://breakthrough-energy.github.io/docs/
Brightband,brightbandtech,"Brightband is making weather and climate predictable for all, to help humanity adapt to increasingly extreme weather.",United States of America,hello@brightband.com,1,brightbandtech,4,https://github.com/brightbandtech,https://github.com/brightbandtech/extremeweatherbench,2024-09-18T00:32:40.556Z,2026-10-02T06:29:43.722Z,https://avatars.githubusercontent.com/u/159490539?v=4,,Atmosphere,Meteorological Observation and Forecast,,for-profit,,http://brightband.com
California Department of Water Resources Delta Modeling Section,CADWRDeltaModeling,,United States of America,,1,,43,https://github.com/CADWRDeltaModeling,https://github.com/cadwrdeltamodeling/baydeltaschism,2022-11-09T20:02:17.268Z,2026-10-06T22:54:58.356Z,https://avatars.githubusercontent.com/u/28572631?v=4,,Hydrosphere,Coastal and Reefs,USA,government agency,,https://cadwrdeltamodeling.github.io/html/index.html
SINTEF Digital - Mathematics and Cybernetics,sintefmath,,"Oslo, Norway",knut-andreas.lie@sintef.no,3,,58,https://github.com/sintefmath,"https://github.com/sintefmath/fimbul.jl, https://github.com/sintefmath/mocca.jl, https://github.com/sintefmath/surfacewaterintegratedmodeling.jl",2022-11-03T22:22:10.398Z,2026-10-03T02:45:58.777Z,https://avatars.githubusercontent.com/u/1901550?v=4,,"Renewable Energy, Emissions, Hydrosphere","Geothermal Energy, Carbon Capture, Freshwater and Hydrology",,,,https://www.sintef.no/en/digital/departments/department-of-mathematics-and-cybernetics/
Green Code Initiative,green-code-initiative,Let's write low-carbon software,France,contact@green-code-initiative.org,2,,40,https://github.com/green-code-initiative,"https://github.com/green-code-initiative/creedengo-rules-specifications, https://github.com/green-code-initiative/EcoSonar",2023-02-28T22:20:25.527Z,2026-10-02T05:45:33.968Z,https://avatars.githubusercontent.com/u/117859860?v=4,'https://github.com/sponsors/green-code-initiative',"Consumption, Consumption","Computation and Communication, Computation and Communication",,,,http://green-code-initiative.org
IIASA,iiasa,International Institute for Applied Systems Analysis,"Laxenburg, Austria",github-owners@iiasa.ac.at,9,,207,https://github.com/iiasa,"https://github.com/iiasa/message-ix-models, https://github.com/iiasa/eccb2024, https://github.com/iiasa/ixmp, https://github.com/iiasa/message_ix, https://github.com/iiasa/ibis.iSDM, https://github.com/iiasa/RE4AFAGRI_platform, https://github.com/iiasa/ipcc_sr15_scenario_analysis, https://github.com/iiasa/CWatM, https://github.com/iiasa/ENGAGE-netzero-analysis",2022-11-11T19:41:36.337Z,2026-10-01T21:36:06.916Z,https://avatars.githubusercontent.com/u/15230149?v=4,,"Climate Change, Sustainable Development, Climate Change, Climate Change, Biosphere, Energy Systems, Climate Change, Natural Resources, Climate Change","Integrated Assessment and Climate Policy, Education, Integrated Assessment and Climate Policy, Integrated Assessment and Climate Policy, Species Distribution Modeling, Energy Data Accessibility and Integration, Integrated Assessment and Climate Policy, Water Supply and Quality, Integrated Assessment and Climate Policy",Austria,academia,,https://www.iiasa.ac.at
OperatorFabric,opfab,"OperatorFabric is a modular, extensible, industrial-strength and field-tested platform for use in electricity, water, and other utility operations.",,,1,,10,https://github.com/opfab,https://github.com/opfab/operatorfabric-core,2022-11-14T20:26:44.402Z,2026-10-02T22:38:43.840Z,https://avatars.githubusercontent.com/u/43637906?v=4,,Energy Systems,Grid Management and Microgrid,Global,collaboration,,https://opfab.github.io/
CliMT,CliMT,,,,1,,2,https://github.com/CliMT,https://github.com/climt/climt,2023-02-22T10:37:17.292Z,2026-10-06T22:54:58.004Z,https://avatars.githubusercontent.com/u/23116436?v=4,,Climate Change,Earth and Climate Modeling,Global,community,,https://climt.readthedocs.io/en/latest/
IBPSA,ibpsa,International Building Performance Simulation Association,Worldwide,president@ibpsa.org,3,,12,https://github.com/ibpsa,"https://github.com/ibpsa/modelica-ibpsa, https://github.com/ibpsa/project1-boptest, https://github.com/ibpsa/project1-boptest-gym",2022-11-06T04:12:44.713Z,2026-10-02T22:17:28.570Z,https://avatars.githubusercontent.com/u/16223588?v=4,,"Consumption, Consumption, Consumption","Buildings and Heating, Buildings and Heating, Buildings and Heating",Global,collaboration,,http://www.ibpsa.org
Open Geospatial Solutions,opengeos,A collection of open-source software packages for the geospatial community,,opengeos@outlook.com,3,,1,https://github.com/opengeos,"https://github.com/opengeos/leafmap, https://github.com/opengeos/hypercoast, https://github.com/opengeos/geospatial-data-catalogs",2023-04-06T18:19:50.495Z,2023-04-06T18:19:50.495Z,https://avatars.githubusercontent.com/u/129896036?v=4,,"Sustainable Development, Hydrosphere, Sustainable Development","Data Catalogs and Interfaces, Coastal and Reefs, Curated Lists",Global,community,,https://opengeos.github.io
Penn State Earth System Modeling Team,PSUmodeling,,"University Park, PA",,1,,6,https://github.com/PSUmodeling,https://github.com/PSUmodeling/Cycles,2022-11-10T00:19:46.480Z,2026-10-06T21:38:59.650Z,https://avatars.githubusercontent.com/u/10535881?v=4,,Consumption,Agriculture and Nutrition,USA,academia,,https://psumodeling.github.io/
ItziModel,ItziModel,,,,1,,1,https://github.com/ItziModel,https://github.com/itzimodel/itzi,2023-02-28T18:21:59.718Z,2026-10-06T22:16:36.152Z,https://avatars.githubusercontent.com/u/65320729?v=4,,Climate Change,Natural Hazard and Storms,,,,
Oasis Loss Modelling Framework,OasisLMF,"An open source catastrophe modelling platform, free to use by anyone.",London,support@oasislmf.org,2,,24,https://github.com/OasisLMF,"https://github.com/OasisLMF/OasisPiWind, https://github.com/OasisLMF/oasislmf",2022-11-11T07:59:59.533Z,2026-10-06T19:42:10.156Z,https://avatars.githubusercontent.com/u/8616323?v=4,,"Climate Change, Climate Change","Natural Hazard and Storms, Natural Hazard and Storms",UK,for-profit,,http://oasislmf.github.io
NHERI-SimCenter,NHERI-SimCenter,,,,2,,36,https://github.com/NHERI-SimCenter,"https://github.com/nheri-simcenter/pelicun, https://github.com/nheri-simcenter/hydrouq",2022-11-09T20:47:46.201Z,2026-10-06T22:16:20.582Z,https://avatars.githubusercontent.com/u/9965185?v=4,,"Climate Change, Climate Change","Natural Hazard and Storms, Natural Hazard and Storms",,,,
"3DGeo Research Group, Heidelberg University",3dgeo-heidelberg,The 3DGeo Research Group investigates and develops computational methods for the geographic analysis of 3D/4D point clouds. ,"Heidelberg, DE",,2,,26,https://github.com/3dgeo-heidelberg,"https://github.com/3dgeo-heidelberg/etrainee, https://github.com/3dgeo-heidelberg/pytreedb",2022-11-14T05:07:56.157Z,2026-10-02T21:52:35.632Z,https://avatars.githubusercontent.com/u/75726016?v=4,,"Sustainable Development, Biosphere","Education, Forest Remote Sensing",Germany,academia,,https://uni-heidelberg.de/3dgeo
SI des parcs nationaux français,PnX-SI,,,,2,,47,https://github.com/PnX-SI,"https://github.com/pnx-si/bam-widget, https://github.com/pnx-si/geonature-citizen",2022-11-05T19:32:29.960Z,2026-10-07T17:06:52.744Z,https://avatars.githubusercontent.com/u/10531541?v=4,,"Biosphere, Biosphere","Biodiversity Data Access and Management, Biodiversity Citizen Science",France,government agency,,https://www.parcsnationaux.fr/fr
HabitatMap,HabitatMap,,,,1,,7,https://github.com/HabitatMap,https://github.com/HabitatMap/AirCasting,2022-11-03T08:15:12.398Z,2026-10-06T23:34:49.535Z,https://avatars.githubusercontent.com/u/4368191?v=4,,Natural Resources,Air Quality,USA,non-profit,,http://www.habitatmap.org
SolarNetwork,SolarNetwork,,,info@solarnetwork.net,1,,67,https://github.com/SolarNetwork,https://github.com/solarnetwork/solarnetwork-node,2022-11-04T06:32:19.869Z,2024-04-14T08:09:32.577Z,https://avatars.githubusercontent.com/u/2671279?v=4,,Energy Systems,Building Energy Monitoring,New Zealand,non-profit,,https://solarnetwork.net/
Brinjel,brinjel,,,,1,,2,https://framagit.org/brinjel,https://framagit.org/brinjel/brinjel,2026-01-10T22:54:44.738Z,2026-10-03T02:44:05.232Z,https://framagit.org/uploads/-/system/group/avatar/198519/logo.png?v=1773998052,,Consumption,Agriculture and Nutrition,,,,
Visual Computing Lab - ISTI - CNR,cnr-isti-vclab,,Italy,,1,VisualCnr,43,https://github.com/cnr-isti-vclab,https://github.com/cnr-isti-vclab/taglab,2022-11-09T03:27:26.518Z,2026-10-03T02:45:52.231Z,https://avatars.githubusercontent.com/u/13378289?v=4,,Biosphere,Marine Life and Fishery,,,,http://vcg.isti.cnr.it
RWTH Aachen University - E.ON Energy Research Center - Institute for Energy Efficient Buildings and Indoor Climate,RWTH-EBC,,"RWTH Aachen University, Aachen, Germany",ebc-tools@eonerc.rwth-aachen.de,5,,52,https://github.com/RWTH-EBC,"https://github.com/RWTH-EBC/districtgenerator, https://github.com/RWTH-EBC/AixLib, https://github.com/RWTH-EBC/ebcpy, https://github.com/RWTH-EBC/pyCity, https://github.com/rwth-ebc/teaser",2022-11-06T02:05:26.237Z,2026-10-07T16:55:37.259Z,https://avatars.githubusercontent.com/u/8121773?v=4,,"Consumption, Consumption, Consumption, Consumption, Consumption","Buildings and Heating, Buildings and Heating, Buildings and Heating, Buildings and Heating, Buildings and Heating",Germany,academia,,http://www.ebc.eonerc.rwth-aachen.de/
EnergyTransition,EnergyTransition,,,,1,,16,https://github.com/EnergyTransition,https://github.com/EnergyTransition/ESDL,2023-02-24T16:41:43.927Z,2026-10-06T22:29:30.193Z,https://avatars.githubusercontent.com/u/40061405?v=4,,Energy Systems,Energy System Modeling Frameworks,Netherlands,academia,,https://www.tno.nl/nl/aandachtsgebieden/informatie-communicatie-technologie/expertisegroepen/monitoring-control-services/grip-op-de-energietransitie-met-esdl/
AFSC GAP Survey Data Products,afsc-gap-products,An organization for tracking and fulfilling data requests by the survey team in the AFSC Groundfish Assessment Program.,United States of America,nmfs.afsc.gap.metadata@noaa.gov,2,NOAAFisheriesAK,43,https://github.com/afsc-gap-products,"https://github.com/afsc-gap-products/coldpool, https://github.com/afsc-gap-products/survey-live-temperature-map",2022-11-16T02:55:25.736Z,2026-10-03T02:00:50.613Z,https://avatars.githubusercontent.com/u/91760178?v=4,,"Biosphere, Biosphere","Marine Life and Fishery, Marine Life and Fishery",USA,government agency,,https://www.fisheries.noaa.gov/alaska/science-data/groundfish-assessment-program-bottom-trawl-surveys
MeteoSwiss,MeteoSwiss,Federal Office of Meteorology and Climatology MeteoSwiss,"Zurich, Geneva, Locarno, Payerne",,3,meteoschweiz,22,https://github.com/MeteoSwiss,"https://github.com/meteoswiss/ldcast, https://github.com/MeteoSwiss/publication-opendata, https://github.com/meteoswiss/pyrad",2022-11-17T00:42:02.515Z,2026-10-07T06:05:05.923Z,https://avatars.githubusercontent.com/u/10277948?v=4,,"Natural Resources, Climate Change, Atmosphere","Water Supply and Quality, Climate Data Access and Visualization, Meteorological Observation and Forecast",Switzerland,government agency,,https://www.meteoswiss.ch
Quintel,quintel,,Amsterdam,info@quintel.com,4,,47,https://github.com/quintel,"https://github.com/quintel/etsource, https://github.com/quintel/etlocal, https://github.com/quintel/etengine, https://github.com/quintel/etmodel",2022-11-02T21:24:44.845Z,2026-10-01T22:46:32.253Z,https://avatars.githubusercontent.com/u/2242291?v=4,,"Energy Systems, Energy Systems, Energy Systems, Energy Systems","Energy System Modeling Frameworks, Energy Data Accessibility and Integration, Energy System Modeling Frameworks, Energy System Modeling Frameworks",Netherlands,for-profit,,https://quintel.com/
Ocean Navigator,DFO-Ocean-Navigator,,,oceandatamap@gmail.com,1,,23,https://github.com/DFO-Ocean-Navigator,https://github.com/dfo-ocean-navigator/ocean-data-map-project,2022-11-12T04:14:21.715Z,2026-10-06T19:36:12.333Z,https://avatars.githubusercontent.com/u/29958846?v=4,,Hydrosphere,Ocean and Hydrology Data Access,Canada,academia,,https://oceannavigator.ca
Stochastic Hydrogeology Group - University of Neuchatel,randlab,,,,1,,27,https://github.com/randlab,https://github.com/randlab/archpy,2022-11-14T19:03:47.007Z,2026-10-02T01:54:19.173Z,https://avatars.githubusercontent.com/u/57805380?v=4,,Hydrosphere,Freshwater and Hydrology,,,,
Helmholtz AI Energy,Helmholtz-AI-Energy,,"Karlsruhe, Germany",consultant-helmholtz.ai@kit.edu,1,,9,https://github.com/Helmholtz-AI-Energy,https://github.com/helmholtz-ai-energy/perun,2022-11-18T21:01:51.200Z,2026-10-06T22:54:56.432Z,https://avatars.githubusercontent.com/u/72967658?v=4,,Consumption,Computation and Communication,Germany,government agency,,https://www.helmholtz.ai/
"Institute of Energy Systems, Energy Efficiency and Energy Economics - ie3",ie3-institute,Official github account of the ie3 - one of the leading German higher education research institutes in the field of energy,"Dortmund, Germany ",,3,,41,https://github.com/ie3-institute,"https://github.com/ie3-institute/simona, https://github.com/ie3-institute/powersystemdatamodel, https://github.com/ie3-institute/OSMoGrid",2022-11-14T05:09:43.628Z,2026-10-01T21:37:11.122Z,https://avatars.githubusercontent.com/u/58265273?v=4,,"Energy Systems, Energy Systems, Energy Systems","Grid Analysis and Planning, Energy System Modeling Frameworks, Grid Analysis and Planning",Germany,academia,,https://ie3.etit.tu-dortmund.de/
ACCESS-NRI,ACCESS-NRI,Australia's Climate Simulator - National Research Infrastructure,Australia,access.nri@anu.edu.au,1,,17,https://github.com/ACCESS-NRI,https://github.com/access-nri/access-nri-intake-catalog,2023-02-15T06:44:48.278Z,2026-10-06T23:34:54.334Z,https://avatars.githubusercontent.com/u/105186864?v=4,,Climate Change,Climate Data Access and Visualization,Australia,collaboration,,https://www.access-nri.org.au/
OpenSimHub,OpenSimHub,,Norway,,1,,2,https://github.com/OpenSimHub,https://github.com/OpenSimHub/OpenHPL,2023-05-16T20:33:57.942Z,2026-10-06T22:29:30.159Z,https://avatars.githubusercontent.com/u/90337436?v=4,,Renewable Energy,Hydro Energy,Norway,academia,,https://opensimhub.org
Chair of Renewable and Sustainable Energy Systems,tum-ens,,Technical University of Munich,,4,,28,https://github.com/tum-ens,"https://github.com/tum-ens/hamlet, https://github.com/tum-ens/pygreta, https://github.com/tum-ens/urbs, https://github.com/tum-ens/entise",2022-11-08T23:47:06.127Z,2026-10-03T02:44:11.179Z,https://avatars.githubusercontent.com/u/8157454?v=4,,"Energy Systems, Energy Systems, Energy Systems, Energy Systems","Energy Markets, Renewable Energy Integration, Energy System Modeling Frameworks, Load and Demand Forecasting",Germany,academia,,http://www.ens.ei.tum.de
The Environment Ontology,EnvironmentOntology,"The public code repository of the Environmental Ontology project and GAZ, a gazetteer build on ontological principles",,,2,,5,https://github.com/EnvironmentOntology,"https://github.com/environmentontology/envo, https://github.com/EnvironmentOntology/environmental-exposure-ontology",2022-11-12T07:30:41.274Z,2026-10-06T19:36:09.032Z,https://avatars.githubusercontent.com/u/11706544?v=4,,"Sustainable Development, Sustainable Development","Taxonomy and Ontology, Taxonomy and Ontology",Global,academia,,http://www.environmentontology.org
UGR-SAIL,ugr-sail,Research group at the University of Granada focused on developing AI tools for climate-neutral buildings and networks,Spain,,1,,4,https://github.com/ugr-sail,https://github.com/ugr-sail/sinergym,2022-11-15T03:30:22.696Z,2026-10-03T04:47:27.240Z,https://avatars.githubusercontent.com/u/100535102?v=4,,Consumption,Buildings and Heating,Spain,academia,,https://sail.ugr.es
Weather Radar Data Processing,wradlib,,,,1,,14,https://github.com/wradlib,https://github.com/wradlib/wradlib,2022-11-04T09:28:00.944Z,2026-10-03T05:47:27.958Z,https://avatars.githubusercontent.com/u/17337229?v=4,,Atmosphere,Meteorological Observation and Forecast,,,,https://wradlib.org
DSMR-reader,dsmrreader,"Open-source, non-commercial reader for (Dutch) smart meters supporting the DSMR protocol.",Netherlands,,1,,1,https://github.com/dsmrreader,https://github.com/dsmrreader/dsmr-reader,2022-11-15T06:35:50.835Z,2026-10-01T17:55:28.244Z,https://avatars.githubusercontent.com/u/57727360?v=4,,Consumption,Buildings and Heating,Netherlands,community,,https://dsmr-reader.readthedocs.io
Deltares,deltares,,,,1,,43,https://gitlab.com/deltares,https://gitlab.com/deltares/rtc-tools,2023-02-16T11:31:36.250Z,2026-09-25T19:26:23.323Z,https://gitlab.com/uploads/-/system/group/avatar/225518/deltares-squarelogo-1426660510788.png,,Natural Resources,Water Supply and Quality,,,,
Food and Agriculture Organization of the United Nations (FAO),un-fao,Food and Agriculture Organization of the United Nations (FAO),Italy,sdlc-support-list@fao.org,1,unfao,43,https://github.com/un-fao,https://github.com/un-fao/gleam,2023-09-21T18:42:50.610Z,2026-10-02T14:28:44.030Z,https://avatars.githubusercontent.com/u/100308443?v=4,,Consumption,Agriculture and Nutrition,,,,http://www.fao.org
COSIMA,COSIMA,Consortium for Ocean-Sea Ice Modelling in Australia,Australia,,2,,70,https://github.com/COSIMA,"https://github.com/COSIMA/access-om2, https://github.com/cosima/cosima-recipes",2022-11-07T21:41:37.204Z,2026-10-06T23:35:34.934Z,https://avatars.githubusercontent.com/u/12704607?v=4,,"Cryosphere, Cryosphere","Sea Ice, Sea Ice",Australia,collaboration,,http://cosima.org.au
Measurement of Biodiversity (MoB),MoBiodiv,The repositories related to an iDiv working group examining best practices in the measurement of biodiversity,,danmcglinn@gmail.com,1,,4,https://github.com/MoBiodiv,https://github.com/MoBiodiv/mobr,2022-11-12T23:23:59.029Z,2026-10-06T22:29:31.256Z,https://avatars.githubusercontent.com/u/12683972?v=4,,Biosphere,Biodiversity Analysis and Metrics,Germany,academia,,https://www.idiv.de/en
MPAS-Dev,MPAS-Dev,,,,2,,16,https://github.com/MPAS-Dev,"https://github.com/mpas-dev/mpas-analysis, https://github.com/MPAS-Dev/MPAS-Model",2022-11-03T21:05:17.158Z,2026-10-07T16:56:27.565Z,https://avatars.githubusercontent.com/u/4063217?v=4,,"Climate Change, Climate Change","Climate Data Processing and Analysis, Earth and Climate Modeling",USA,government agency,,https://ncar.ucar.edu/what-we-offer/models/model-prediction-across-scales-mpas
Berkeley Sand Project,BerkeleySandProject,"A set of projects run by the School of Information at UC Berkeley, around sand mining",,,1,,4,https://github.com/BerkeleySandProject,https://github.com/berkeleysandproject/sandmining-watch,2023-04-25T16:41:25.171Z,2026-10-06T22:55:00.276Z,https://avatars.githubusercontent.com/u/127349565?v=4,,Natural Resources,Soil and Land,USA,academia,,http://www.globalpolicy.science
OS-Climate,os-climate,Open Source Solutions to Enable Climate-Smart Investing,,admin@os-climate.org,3,,97,https://github.com/os-climate,"https://github.com/os-climate/physrisk, https://github.com/os-climate/os_c_data_commons, https://github.com/os-climate/witness-core",2022-11-15T03:34:03.017Z,2026-10-02T02:59:24.414Z,https://avatars.githubusercontent.com/u/85121681?v=4,,"Sustainable Development, Sustainable Development, Sustainable Development","Sustainable Investment, Sustainable Investment, Sustainable Investment",Global,collaboration,,http://os-climate.org
Hoare Lea,HoareLea,,,,1,,21,https://github.com/HoareLea,https://github.com/hoarelea/sam,2022-11-15T03:14:58.417Z,2026-10-06T21:39:03.843Z,https://avatars.githubusercontent.com/u/58226090?v=4,,Consumption,Buildings and Heating,UK,for-profit,,http://www.hoarelea.com
National Infrastructure Systems Model,nismod,,United Kingdom,,3,,95,https://github.com/nismod,"https://github.com/nismod/snail, https://github.com/nismod/open-gira, https://github.com/nismod/infra-risk-vis",2022-11-11T19:45:27.922Z,2026-10-02T16:42:03.986Z,https://avatars.githubusercontent.com/u/21081508?v=4,,"Climate Change, Climate Change, Climate Change","Natural Hazard and Storms, Natural Hazard and Storms, Natural Hazard and Storms",UK,academia,,http://www.itrc.org.uk
croco-ocean,croco-ocean,"CROCO is a modeling platform to study the regional, coastal and nearshore ocean (ocean dynamics, sedimentary dynamics, biogeochemistry) on time scales ranging from event to multi-decadal, and spatial scales ranging from kilometric to metric resolutions. CROCO’s flexible equation system, including non-hydrostatic capabilities, and its computational efficiency enable it to simulate very fine scales (especially in the coastal area up to individual waves), and their interactions with larger scales.",,,1,,6,https://gitlab.inria.fr/croco-ocean,https://gitlab.inria.fr/croco-ocean/croco,2024-07-18T13:14:24.126Z,2026-10-03T03:24:07.606Z,https://gitlab.inria.fr/uploads/-/system/group/avatar/2367/logo_Croco2.png,,Hydrosphere,Ocean Models,,,,
B-Open,bopen,,,,1,,63,https://github.com/bopen,https://github.com/bopen/xarray-sentinel,2022-11-04T13:45:28.772Z,2026-10-03T01:30:41.600Z,https://avatars.githubusercontent.com/u/384309?v=4,,Sustainable Development,Environmental Satellites,Italy,for-profit,,https://bopen.eu
ESA DUE Sentinel-2 For Agriculture,Sen2Agri,The Sen2Agri consortium has been funded by ESA (European Space Agency),,,1,,3,https://github.com/Sen2Agri,https://github.com/Sen2Agri/Sen2Agri-System,2023-02-21T23:28:01.378Z,2026-10-06T23:05:25.967Z,https://avatars.githubusercontent.com/u/29768870?v=4,,Consumption,Agriculture and Nutrition,Global,collaboration,,http://www.esa-sen2agri.org/
Deadwood-ai,Deadwood-ai,,,,1,,1,https://github.com/Deadwood-ai,https://github.com/deadwood-ai/deadtrees,2024-02-12T08:58:40.143Z,2026-10-06T22:30:37.111Z,https://avatars.githubusercontent.com/u/158443411?v=4,,Biosphere,Forest Remote Sensing,,,,
PyGEM-Community,PyGEM-Community,,,,1,,1,https://github.com/PyGEM-Community,https://github.com/pygem-community/pygem,2024-04-29T08:52:52.507Z,2026-10-06T23:34:52.750Z,https://avatars.githubusercontent.com/u/165918217?v=4,,Cryosphere,Glacier and Ice Sheets,,,,
OpenData-Apps,opendata-apps,"Advancing open-source solutions for freely accessible data, powered by a collaborative community",Germany,,1,,3,https://github.com/opendata-apps,https://github.com/opendata-apps/mantis,2024-01-24T13:27:55.666Z,2026-10-03T04:47:23.923Z,https://avatars.githubusercontent.com/u/157598851?v=4,,Biosphere,Biodiversity Citizen Science,Germany,community,,https://gottesanbeterin-gesucht.de
OpenElectricity (OpenNEM),opennem,"Formerly OpenNEM, Open Electricity aims to make the wealth of public energy data more accessible","Melbourne, Australia",github@opennem.org.au,1,opennem,18,https://github.com/opennem,https://github.com/opennem/opennem-fe,2022-11-13T02:30:43.665Z,2026-10-03T04:47:26.505Z,https://avatars.githubusercontent.com/u/39894852?v=4,,Energy Systems,Energy Data Accessibility and Integration,Australia,community,,https://explore.openelectricity.org.au/
EUMETlab,eumetlab,"Welcome to EUMET Lab! This page contains groups of code repositories that have been made open to the public by EUMETSAT and our collaborators as part of ""EUMET"" - EUMETSAT engagement and technologies.

If you have any questions or feedback, please get in touch through ops@eumetsat.int",,,1,,1,https://gitlab.eumetsat.int/eumetlab,https://gitlab.eumetsat.int/eumetlab/atmosphere/atmosphere,2026-10-03T03:25:03.711Z,2026-10-03T03:25:03.711Z,https://gitlab.eumetsat.int/uploads/-/system/group/avatar/762/EUMET_Logo_Bold_full_colour.png?v=1787838465,,Sustainable Development,Education,,,,
pyregence.org,pyregence,EPIC: Open Fire Modeling Environment,"San Francisco, CA USA",dssaah@usfca.edu,2,,8,https://github.com/pyregence,"https://github.com/pyregence/pyregence, https://github.com/pyregence/pyretechnics",2023-06-28T20:27:20.481Z,2026-10-03T01:32:35.793Z,https://avatars.githubusercontent.com/u/61761393?v=4,,"Biosphere, Biosphere","Wildfire, Wildfire",,,,https://pyregence.org
carbonplan,carbonplan,Data and science for climate action,earth,hello@carbonplan.org,5,carbonplanorg,141,https://github.com/carbonplan,"https://github.com/carbonplan/offsets-db-data, https://github.com/carbonplan/cmip6-downscaling, https://github.com/carbonplan/cdr-database, https://github.com/carbonplan/forest-offsets, https://github.com/carbonplan/forest-risks",2022-11-02T16:30:09.000Z,2026-10-02T22:17:32.144Z,https://avatars.githubusercontent.com/u/58278235?v=4,"'https://github.com/sponsors/carbonplan', 'https://carbonplan.org/donate'","Emissions, Climate Change, Emissions, Emissions, Emissions","Carbon Offsets and Trading, Climate Downscaling, Carbon Offsets and Trading, Emission Observation and Modeling, Carbon Offsets and Trading",Global,non-profit,,http://carbonplan.org
Continental Limnology,cont-limno,NSF funded interdisciplinary project-- A macrosystems ecology framework for continental-scale prediction and understanding of lakes.,,,1,,24,https://github.com/cont-limno,https://github.com/cont-limno/lagosne,2022-11-07T03:26:49.961Z,2026-10-03T03:51:34.342Z,https://avatars.githubusercontent.com/u/24610902?v=4,,Hydrosphere,Freshwater and Hydrology,USA,academia,,https://lagoslakes.org
Databank Ondergrond Vlaanderen,DOV-Vlaanderen,,,,1,,21,https://github.com/DOV-Vlaanderen,https://github.com/DOV-Vlaanderen/pydov,2022-11-07T14:23:12.346Z,2026-10-06T21:57:31.922Z,https://avatars.githubusercontent.com/u/24718915?v=4,,Natural Resources,Soil and Land,Belgium,government agency,,https://www.dov.vlaanderen.be
GENƎSIS,project-gen3sis,General Engine for Eco-Evolutionary Simulations,,oskar@hagen.bio,1,,2,https://github.com/project-gen3sis,https://github.com/project-Gen3sis/R-package,2023-02-23T19:23:11.565Z,2026-10-03T01:32:01.879Z,https://avatars.githubusercontent.com/u/39705186?v=4,,Biosphere,Ecological and Environmental Modeling,Global,community,,https://project-gen3sis.github.io/R-package/
FLARE-forecast,FLARE-forecast,,,,1,,17,https://github.com/FLARE-forecast,https://github.com/FLARE-forecast/FLAREr,2022-11-14T18:22:13.049Z,2026-10-06T21:39:02.141Z,https://avatars.githubusercontent.com/u/62960078?v=4,,Hydrosphere,Freshwater and Hydrology,Global,collaboration,,https://flare-forecast.org/
r-earthengine,r-earthengine,,,,1,,10,https://github.com/r-earthengine,https://github.com/r-earthengine/ee_extra,2022-11-20T07:10:02.959Z,2026-10-03T01:31:49.233Z,https://avatars.githubusercontent.com/u/76627601?v=4,,Sustainable Development,Data Catalogs and Interfaces,Global,community,,
OpenOlitor,OpenOlitor,Administration platform for Community Supported Agriculture and for direct selling farming projects based on a subscription model,,info@openolitor.ch,1,,17,https://github.com/OpenOlitor,https://github.com/OpenOlitor/openolitor-server,2022-11-03T11:35:16.744Z,2026-10-06T22:55:00.062Z,https://avatars.githubusercontent.com/u/15780650?v=4,'https://github.com/sponsors/OpenOlitor',Consumption,Agriculture and Nutrition,Global,community,,http://www.openolitor.org
ncss-tech,ncss-tech,Collection of repositories contributed by members of the National Cooperative Soil Survey,United States of America,,5,,78,https://github.com/ncss-tech,"https://github.com/ncss-tech/sharpshootR, https://github.com/ncss-tech/soilReports, https://github.com/ncss-tech/aqp, https://github.com/ncss-tech/stats_for_soil_survey, https://github.com/ncss-tech/soilDB",2022-11-05T08:45:53.259Z,2026-10-02T22:59:33.134Z,https://avatars.githubusercontent.com/u/10520265?v=4,,"Natural Resources, Natural Resources, Natural Resources, Natural Resources, Natural Resources","Soil and Land, Soil and Land, Soil and Land, Soil and Land, Soil and Land",USA,collaboration,,http://ncss-tech.github.io/AQP/
Open Climate Fix (Archives),openclimatefix-archives,Archived repositories from the Open Climate Fix organisation,United Kingdom,info@openclimatefix.org,3,,63,https://github.com/openclimatefix-archives,"https://github.com/openclimatefix-archives/Elexonpy, https://github.com/openclimatefix-archives/pvoutput, https://github.com/openclimatefix-archives/satip",2025-10-10T00:33:46.352Z,2026-10-02T00:57:03.904Z,https://avatars.githubusercontent.com/u/237017945?v=4,,"Energy Systems, Renewable Energy, Sustainable Development","Energy Data Accessibility and Integration, Photovoltaics and Solar Energy, Environmental Satellites",UK,non-profit,,https://openclimatefix.org
Cryologger,cryologger,"The Cryologger project is focused on the development low-cost, open-source technology to create sensor platforms for cryospheric research applications.",,,2,,4,https://github.com/cryologger,"https://github.com/cryologger/glacier-velocity-tracker, https://github.com/cryologger/ice-tracking-beacon",2023-03-05T03:57:36.191Z,2026-10-02T16:42:02.628Z,https://avatars.githubusercontent.com/u/59800437?v=4,,"Cryosphere, Cryosphere","Glacier and Ice Sheets, Glacier and Ice Sheets",,,,https://cryologger.org
World Bank,worldbank,"Welcome to the World Bank Open Source Software Repository. Content does not necessarily represent official World Bank positions, policies and recommendations.",,github@worldbank.org,4,,310,https://github.com/worldbank,"https://github.com/worldbank/geoe3, https://github.com/worldbank/blackmarblepy, https://github.com/worldbank/pip-methodology, https://github.com/worldbank/pipr",2022-11-06T13:33:41.859Z,2026-10-02T03:51:21.870Z,https://avatars.githubusercontent.com/u/6454132?v=4,,"Energy Systems, Sustainable Development, Sustainable Development, Sustainable Development","Energy Data Accessibility and Integration, Environmental Satellites, Population and Poverty, Population and Poverty",Global,government agency,2025-10-25,https://www.worldbank.org/
PYFOREST,cp-PYFOREST,"Analyzing deforestation in Paraguayan Chaco, evaluating land use plans impacts, and providing INFONA a dynamic assessment tool.",,,1,,1,https://github.com/cp-PYFOREST,https://github.com/cp-pyforest/land-use-assessment,2023-02-26T18:20:09.128Z,2026-10-06T22:14:54.803Z,https://avatars.githubusercontent.com/u/123590267?v=4,,Biosphere,Forest Observation and Management,USA,academia,,https://bren.ucsb.edu/projects/informing-forest-conservation-regulations-paraguay
AI4S2S,AI4S2S,,,,1,,3,https://github.com/AI4S2S,https://github.com/ai4s2s/s2spy,2022-11-14T05:26:42.405Z,2026-10-06T22:15:45.524Z,https://avatars.githubusercontent.com/u/102533890?v=4,,Climate Change,Climate Data Processing and Analysis,Global,community,,
Nordic Earth System Modeling Hub,NordicESMhub,,,,1,,94,https://github.com/NordicESMhub,https://nordicesmhub.github.io/geo4962,2022-11-14T23:27:40.979Z,2026-10-06T23:05:21.613Z,https://avatars.githubusercontent.com/u/43247073?v=4,,Sustainable Development,Education,Global,collaboration,,http://nordicesmhub.github.io
CycleStreets,cyclestreets,"Cycle journey planning and tools, for cyclists, by cyclists","Cambridge, UK",,1,cyclestreets,35,https://github.com/cyclestreets,https://github.com/cyclestreets/cyclestreets-r,2022-11-02T22:25:29.353Z,2026-10-02T16:44:28.691Z,https://avatars.githubusercontent.com/u/361419?v=4,,Consumption,Mobility and Transportation,UK,non-profit,,https://www.cyclestreets.org/
Cloud Carbon Footprint,cloud-carbon-footprint,Cloud Carbon Footprint is an open source tool to measure and reduce cloud carbon emissions.,,green-cloud@thoughtworks.com,1,,4,https://github.com/cloud-carbon-footprint,https://github.com/cloud-carbon-footprint/cloud-carbon-footprint,2022-11-14T06:19:02.805Z,2026-10-03T05:47:28.714Z,https://avatars.githubusercontent.com/u/79275027?v=4,,Consumption,Computation and Communication,USA,community,,https://cloudcarbonfootprint.org
Zooniverse,zooniverse,,Everywhere!,contact@zooniverse.org,1,,376,https://github.com/zooniverse,https://github.com/zooniverse/panoptes,2022-11-03T07:20:41.156Z,2026-10-02T06:30:00.376Z,https://avatars.githubusercontent.com/u/106856?v=4,,Biosphere,Biodiversity Citizen Science,,,,https://www.zooniverse.org
dynamical.org,dynamical-org,"Advancing humanity’s ability to access, understand, and act on accurate weather and climate data.",,feedback@dynamical.org,1,,13,https://github.com/dynamical-org,https://github.com/dynamical-org/reformatters,2024-01-20T21:33:46.044Z,2026-10-02T22:17:28.565Z,https://avatars.githubusercontent.com/u/156974863?v=4,,Atmosphere,Meteorological Observation and Forecast,,,,http://dynamical.org
xCDAT,xCDAT,Xarray Climate Data Analysis Tools,,,1,,2,https://github.com/xCDAT,https://github.com/xCDAT/xcdat,2022-11-15T08:18:05.214Z,2026-10-06T22:55:06.325Z,https://avatars.githubusercontent.com/u/87787695?v=4,,Climate Change,Climate Data Processing and Analysis,Global,community,,https://xcdat.readthedocs.org
ISEA,isea,Institut fuer Stromrichtertechnik und Elektrische Antriebe,,,1,,11,https://git.rwth-aachen.de/isea,https://git.rwth-aachen.de/isea/framework,2024-07-18T17:02:19.795Z,2026-09-25T21:12:23.699Z,https://git.rwth-aachen.de/uploads/-/system/group/avatar/5906/logo.png,,Energy Storage,Battery,Germany,academia,,https://www.cce.rwth-aachen.de/cms/cce/das-center/institute-und-lehrstuehle/~piclc/institut-fuer-stromrichtertechnik-und-el/
DAS4Whales,DAS4Whales,,,,1,,2,https://github.com/DAS4Whales,https://github.com/das4whales/das4whales,2025-03-11T21:33:01.651Z,2026-10-06T23:34:41.580Z,https://avatars.githubusercontent.com/u/172039531?v=4,,Biosphere,Marine Life and Fishery,,,,
Pangeo,pangeo-data,A community effort for big data geoscience,earth,,6,pangeo_data,108,https://github.com/pangeo-data,"https://github.com/pangeo-data/pangeo-docker-images, https://github.com/pangeo-data/awesome-open-climate-science, https://github.com/pangeo-data/climpred, https://github.com/pangeo-data/egu-2025-course, https://github.com/pangeo-data/scikit-downscale, https://github.com/pangeo-data/pangeo",2022-11-10T17:43:22.445Z,2026-10-03T02:36:04.189Z,https://avatars.githubusercontent.com/u/23299451?v=4,,"Climate Change, Sustainable Development, Climate Change, Sustainable Development, Climate Change, Climate Change","Earth and Climate Modeling, Curated Lists, Climate Data Processing and Analysis, Education, Climate Downscaling, Earth and Climate Modeling",Global,community,,http://pangeo.io
PFMC assessments,pfmc-assessments,Repositories related to stock assessments for the Pacific Fishery Management Council,,,1,,39,https://github.com/pfmc-assessments,https://github.com/pfmc-assessments/nwfscsurvey,2022-11-10T02:16:50.938Z,2026-10-02T16:45:14.957Z,https://avatars.githubusercontent.com/u/9087871?v=4,,Biosphere,Marine Life and Fishery,USA,government agency,,https://www.fisheries.noaa.gov/about/northwest-fisheries-science-center
Building & Environmental Thermal Systems Research Group (OK State),BETSRG,Oklahoma State University Thermal Systems Research Group,"Stillwater, OK",,1,,1,https://github.com/BETSRG,https://github.com/betsrg/ghedesigner,2022-11-12T10:28:14.941Z,2026-10-06T23:15:22.587Z,https://avatars.githubusercontent.com/u/7966120?v=4,,Renewable Energy,Geothermal Energy,,,,http://hvac.okstate.edu
SunPower,SunPower,SunPower,,,2,,30,https://github.com/SunPower,"https://github.com/SunPower/PVMismatch, https://github.com/sunpower/pvfactors",2022-11-04T18:43:42.782Z,2026-10-06T22:29:33.408Z,https://avatars.githubusercontent.com/u/1341977?v=4,,"Renewable Energy, Renewable Energy","Photovoltaics and Solar Energy, Photovoltaics and Solar Energy",USA,for-profit,,https://sunpower.github.io/
CICE Consortium,CICE-Consortium,Sea ice modeling,,,2,,3,https://github.com/CICE-Consortium,"https://github.com/CICE-Consortium/Icepack, https://github.com/CICE-Consortium/CICE",2022-11-15T11:04:33.411Z,2026-10-06T22:55:00.438Z,https://avatars.githubusercontent.com/u/28584507?v=4,,"Cryosphere, Cryosphere","Glacier and Ice Sheets, Sea Ice",Global,collaboration,,http://cice-consortium-cice.readthedocs.io
KnowFlowTeam,KnowFlow,KnowFlow focus on providing the low cost and technically advanced tools to improve the ability of solving Increasingly serious environment and issues.,China,shanh0510@gmail.com,1,,2,https://github.com/KnowFlow,https://github.com/KnowFlow/KnowFlow_AWM,2024-05-02T14:24:54.454Z,2026-10-06T23:34:36.518Z,https://avatars.githubusercontent.com/u/29268263?v=4,,Natural Resources,Water Supply and Quality,China,community,,https://publiclab.org/wiki/knowflow
WEC-Sim,WEC-Sim,,,,1,,8,https://github.com/WEC-Sim,https://github.com/WEC-Sim/WEC-Sim,2022-11-08T14:56:26.431Z,2026-10-06T19:36:11.040Z,https://avatars.githubusercontent.com/u/7662103?v=4,,Renewable Energy,Hydro Energy,USA,government agency,,https://wec-sim.github.io/WEC-Sim/
xarray-contrib ,xarray-contrib,xarray compatible projects,,,4,xarray_dev,23,https://github.com/xarray-contrib,"https://github.com/xarray-contrib/xskillscore, https://github.com/xarray-contrib/cf-xarray, https://github.com/xarray-contrib/xeofs, https://github.com/xarray-contrib/xarray-tutorial",2022-11-14T08:18:19.804Z,2023-03-04T02:29:00.289Z,https://avatars.githubusercontent.com/u/35757293?v=4,,"Climate Change, Climate Change, Climate Change, Sustainable Development","Climate Data Processing and Analysis, Climate Data Standards, Climate Data Processing and Analysis, Education",Global,community,,https://xarray.dev
r-spatialecology,r-spatialecology,,,,1,,15,https://github.com/r-spatialecology,https://github.com/r-spatialecology/landscapemetrics,2022-11-17T03:37:20.913Z,2026-10-03T02:35:40.135Z,https://avatars.githubusercontent.com/u/42056187?v=4,,Natural Resources,Soil and Land,Global,community,,
atmtools,atmtools,,,,3,,27,https://github.com/atmtools,"https://github.com/atmtools/konrad, https://github.com/atmtools/arts, https://github.com/atmtools/typhon",2022-11-04T08:57:51.492Z,2026-10-03T02:45:30.904Z,https://avatars.githubusercontent.com/u/17474833?v=4,,"Atmosphere, Atmosphere, Atmosphere","Radiative Transfer, Radiative Transfer, Atmospheric Composition and Dynamics",Global,academia,,https://www.radiativetransfer.org/
PO.DAAC,podaac,Physical Oceanography Distributed Active Archive Center (PO.DAAC),United States of America,podaac@podaac.jpl.nasa.gov,2,NASAEarthData,135,https://github.com/podaac,"https://github.com/podaac/hydrocron, https://github.com/podaac/tutorials",2022-11-14T05:51:32.583Z,2026-10-02T22:17:49.697Z,https://avatars.githubusercontent.com/u/22459078?v=4,,"Hydrosphere, Sustainable Development","Ocean and Hydrology Data Access, Education",USA,government agency,,http://podaac.jpl.nasa.gov
PAMGuard,PAMGuard,"Detection, Classification, and Localisation of marine mammal sounds",United Kingdom,pamguard@st-andrews.ac.uk,1,,4,https://github.com/PAMGuard,https://github.com/pamguard/pamguard,2022-11-14T09:33:13.839Z,2026-10-06T22:55:00.349Z,https://avatars.githubusercontent.com/u/96987438?v=4,,Biosphere,Terrestrial Wildlife,,,,http://www.pamguard.org
Developmental Testbed Center,dtcenter,DTC is a distributed facility where the NWP community can test and evaluate new models and techniques for use in research and operations.,,,1,,38,https://github.com/dtcenter,https://github.com/dtcenter/METplus,2022-11-15T05:48:26.586Z,2026-10-02T22:59:54.468Z,https://avatars.githubusercontent.com/u/67171881?v=4,,Atmosphere,Meteorological Observation and Forecast,USA,collaboration,,https://dtcenter.org
RUBISCO Science Focus Area,rubisco-sfa,Reducing Uncertainties in Biogeochemical Interactions through Synthesis and Computation (RUBISCO) Science Focus Area,,,1,,17,https://github.com/rubisco-sfa,https://github.com/rubisco-sfa/ILAMB,2023-04-12T00:40:36.798Z,2026-10-03T03:51:31.807Z,https://avatars.githubusercontent.com/u/36375040?v=4,,Natural Resources,Soil and Land,USA,collaboration,,https://www.bgc-feedbacks.org/
tobac-project,tobac-project,,,,1,,5,https://github.com/tobac-project,https://github.com/tobac-project/tobac,2022-11-14T05:27:47.840Z,2026-10-03T04:47:24.648Z,https://avatars.githubusercontent.com/u/104212171?v=4,,Atmosphere,Atmospheric Chemistry and Aerosol,Global,academia,,http://tobac.readthedocs.io
The Alan Turing Institute,alan-turing-institute,The UK's national institute for data science and artificial intelligence.,,info@turing.ac.uk,4,,667,https://github.com/alan-turing-institute,"https://github.com/alan-turing-institute/cloudcasting, https://github.com/alan-turing-institute/clim-recal, https://github.com/alan-turing-institute/deepsensor, https://github.com/alan-turing-institute/monitoring-ecosystem-resilience",2022-11-09T04:45:51.433Z,2026-10-03T02:45:29.194Z,https://avatars.githubusercontent.com/u/18304793?v=4,,"Atmosphere, Climate Change, Climate Change, Biosphere","Meteorological Observation and Forecast, Climate Data Processing and Analysis, Climate Downscaling, Plants and Vegetation",UK,government agency,,https://turing.ac.uk
Weather and Climate Risks Group,CLIMADA-project,Research group at ETH Zurich,"Zurich, Switzerland",,1,,3,https://github.com/CLIMADA-project,https://github.com/climada-project/climada_python,2022-11-14T05:13:09.023Z,2026-10-07T10:34:09.843Z,https://avatars.githubusercontent.com/u/44439051?v=4,,Climate Change,Natural Hazard and Storms,Switzerland,academia,,http://www.climada.ethz.ch
python filesystem spec,fsspec,data storage IO layer for python,,,1,,22,https://github.com/fsspec,https://github.com/fsspec/kerchunk,2022-11-02T16:23:23.754Z,2026-10-05T05:50:06.245Z,https://avatars.githubusercontent.com/u/92825505?v=4,,Climate Change,Climate Data Standards,Global,community,,https://filesystem-spec.readthedocs.io/en/latest/
Our Planscape,OurPlanscape,,United States of America,,1,,2,https://github.com/OurPlanscape,https://github.com/ourplanscape/planscape,2025-10-23T20:40:47.477Z,2026-10-06T23:35:48.955Z,https://avatars.githubusercontent.com/u/115884554?v=4,,Biosphere,Wildfire,,,,https://planscape.org
Open-Agriculture,Open-Agriculture,,,,1,,1,https://github.com/Open-Agriculture,https://github.com/open-agriculture/agisostack-plus-plus,2023-05-28T18:23:19.295Z,2026-10-06T22:55:08.018Z,https://avatars.githubusercontent.com/u/134075515?v=4,,Consumption,Agriculture and Nutrition,Global,academia,,
OSeMOSYS,OSeMOSYS,Open-Source Energy Modelling System,,,3,,11,https://github.com/OSeMOSYS,"https://github.com/osemosys/muio, https://github.com/OSeMOSYS/osemosys_global, https://github.com/OSeMOSYS/OSeMOSYS",2022-11-13T10:29:57.448Z,2026-10-06T22:29:54.348Z,https://avatars.githubusercontent.com/u/14215860?v=4,,"Energy Systems, Energy Systems, Energy Systems","Energy System Modeling Frameworks, Global and Regional Energy System Models, Energy System Modeling Frameworks",Global,community,,https://energy-modelling-tools.github.io/osemosys/
Open Foris,openforis,Free open-source solutions for environmental monitoring,"Rome, Italy",openforisinitiative@gmail.com,3,,61,https://github.com/openforis,"https://github.com/openforis/collect-earth-online, https://github.com/openforis/arena, https://github.com/openforis/sepal",2022-11-03T05:34:40.096Z,2026-10-01T21:36:19.785Z,https://avatars.githubusercontent.com/u/1212750?v=4,,"Natural Resources, Biosphere, Biosphere","Soil and Land, Biodiversity Citizen Science, Forest Observation and Management",Italy,collaboration,,http://www.openforis.org
Materials Design Group,WMD-group,Research group in computational chemistry & physics led by @aronwalsh at @ImperialCollegeLondon,London,,1,,57,https://github.com/WMD-group,https://github.com/wmd-group/carriercapture.jl,2022-11-04T00:30:39.239Z,2026-10-06T23:16:47.313Z,https://avatars.githubusercontent.com/u/1716969?v=4,,Renewable Energy,Photovoltaics and Solar Energy,UK,academia,,https://wmd-group.github.io
Trait Ecology and Evolution,traitecoevo,,Australia,,2,,107,https://github.com/traitecoevo,"https://github.com/traitecoevo/austraits, https://github.com/traitecoevo/plant",2022-11-05T07:08:49.796Z,2026-10-03T01:31:51.727Z,https://avatars.githubusercontent.com/u/11747619?v=4,,"Biosphere, Biosphere","Plants and Vegetation, Plants and Vegetation",Australia,community,,https://traitecoevo.github.io/plant/
nasaharvest,nasaharvest,,,,2,,30,https://github.com/nasaharvest,"https://github.com/nasaharvest/street2sat, https://github.com/nasaharvest/cropharvest",2022-11-14T06:25:31.031Z,2026-10-02T13:55:19.453Z,https://avatars.githubusercontent.com/u/54071172?v=4,,"Consumption, Consumption","Agriculture and Nutrition, Agriculture and Nutrition",USA,government agency,,https://nasaharvest.org/
Simulation and Data Laboratory Climate Science,slcs-jsc,,"Forschungszentrum Jülich, Germany",slcs_jsc@fz-juelich.de,2,,15,https://github.com/slcs-jsc,"https://github.com/slcs-jsc/mptrac, https://github.com/slcs-jsc/jurassic",2022-11-15T21:40:20.225Z,2026-10-02T22:17:33.321Z,https://avatars.githubusercontent.com/u/14200814?v=4,,"Atmosphere, Atmosphere","Atmospheric Dispersion and Transport, Radiative Transfer",Germany,government agency,,http://www.fz-juelich.de/ias/jsc/slcs
TransitionZero,transition-zero,Open software and data for energy transition planning,United Kingdom,info@transitionzero.org,2,transitionzero,24,https://github.com/transition-zero,"https://github.com/transition-zero/tza-google-cfe, https://github.com/transition-zero/tz-osemosys",2023-03-01T18:22:29.163Z,2026-10-03T02:44:23.775Z,https://avatars.githubusercontent.com/u/73114765?v=4,,"Energy Systems, Energy Systems","Global and Regional Energy System Models, Energy System Modeling Frameworks",UK,non-profit,,https://transitionzero.org/
OpenSTEF,OpenSTEF,Open Short Term Energy Forecaster project,,,1,,6,https://github.com/OpenSTEF,https://github.com/OpenSTEF/openstef,2022-11-16T23:58:23.428Z,2026-10-06T20:24:03.152Z,https://avatars.githubusercontent.com/u/93986058?v=4,,Energy Systems,Load and Demand Forecasting,Netherlands,for-profit,,https://wiki.lfenergy.org/display/HOME/OpenSTEF
CodeCarbon,mlco2,,,,3,,15,https://github.com/mlco2,"https://github.com/mlco2/impact, https://github.com/mlco2/ecologits, https://github.com/mlco2/codecarbon",2022-11-14T20:59:51.817Z,2026-09-30T22:51:10.729Z,https://avatars.githubusercontent.com/u/54071934?v=4,'https://github.com/sponsors/mlco2',"Consumption, Consumption, Consumption","Computation and Communication, Computation and Communication, Computation and Communication",Global,community,,https://codecarbon.io
funecology,funecology,,,,1,,1,https://github.com/funecology,https://github.com/funecology/fundiversity,2022-11-16T08:42:00.056Z,2026-10-03T03:25:44.654Z,https://avatars.githubusercontent.com/u/112716431?v=4,,Biosphere,Biodiversity Analysis and Metrics,Global,community,,https://funecology.github.io/fundiversity/
Cornell Lab of Ornithology,CornellLabofOrnithology,,"Ithaca, NY",,1,,10,https://github.com/CornellLabofOrnithology,https://github.com/CornellLabofOrnithology/auk,2022-11-04T14:17:38.932Z,2026-10-06T22:29:34.663Z,https://avatars.githubusercontent.com/u/1395442?v=4,,Biosphere,Avian Monitoring and Analysis,USA,academia,,http://www.birds.cornell.edu
AntaresSimulatorTeam,AntaresSimulatorTeam,,,dev@antares-simulator.org,1,,20,https://github.com/AntaresSimulatorTeam,https://github.com/antaressimulatorteam/antares_simulator,2022-11-14T05:33:25.478Z,2026-10-06T23:35:28.101Z,https://avatars.githubusercontent.com/u/40797821?v=4,,Energy Systems,Energy System Modeling Frameworks,France,for-profit,,https://antares-simulator.org/
ClimateGlobalChange,ClimateGlobalChange,,,,1,,8,https://github.com/ClimateGlobalChange,https://github.com/ClimateGlobalChange/tempestextremes,2022-11-07T13:06:39.421Z,2026-10-06T21:39:03.890Z,https://avatars.githubusercontent.com/u/6710953?v=4,,Climate Change,Climate Data Processing and Analysis,USA,academia,,https://climate.ucdavis.edu/tempestextremes.php
DOS Group at TU Berlin,dos-group,Distributed and Operating Systems group at Technische Universität Berlin,Technische Universität Berlin,,2,,89,https://github.com/dos-group,"https://github.com/dos-group/vessim, https://github.com/dos-group/leaf",2022-11-06T11:37:21.536Z,2026-10-02T01:54:26.231Z,https://avatars.githubusercontent.com/u/5664005?v=4,,"Energy Systems, Consumption","Grid Management and Microgrid, Computation and Communication",Germany,academia,,https://tu.berlin/en/dos
Land Ice Verification and Validation toolkit,LIVVkit,,,,1,,4,https://github.com/LIVVkit,https://github.com/livvkit/livvkit,2022-11-12T21:42:13.103Z,2026-10-06T19:36:02.381Z,https://avatars.githubusercontent.com/u/12449792?v=4,,Cryosphere,Glacier and Ice Sheets,USA,government agency,,https://climatemodeling.science.energy.gov/technical-highlights/land-ice-verification-and-validation-toolkit-livvkit
FloatingArrayDesign,FloatingArrayDesign,,,,1,,1,https://github.com/FloatingArrayDesign,https://github.com/floatingarraydesign/moordyn,2023-03-23T12:12:42.776Z,2026-10-06T22:55:06.601Z,https://avatars.githubusercontent.com/u/122942148?v=4,,Renewable Energy,Wind Energy,USA,government agency,,
e2nIEE,e2nIEE,"Joint account of the pandapower development team at the University of Kassel, Department e2n and the Fraunhofer IEE","Kassel, Germany",info@pandapower.org,3,,7,https://github.com/e2nIEE,"https://github.com/e2niee/pandapower, https://github.com/e2nIEE/simbench, https://github.com/e2nIEE/pandapipes",2022-11-15T02:11:42.815Z,2026-10-06T23:34:43.355Z,https://avatars.githubusercontent.com/u/40853245?v=4,,"Energy Systems, Energy Systems, Energy Storage","Energy System Modeling Frameworks, Grid Analysis and Planning, Hydrogen",Germany,academia,,http://www.pandapower.org/
PEcAn Project,PecanProject,,,,2,,22,https://github.com/PecanProject,"https://github.com/PecanProject/pecan, https://github.com/PecanProject/bety",2022-11-04T12:02:35.332Z,2026-10-06T23:35:33.322Z,https://avatars.githubusercontent.com/u/2879854?v=4,,"Biosphere, Renewable Energy","Ecological and Environmental Modeling, Bioenergy",USA,community,,http://pecanproject.org
Dynaωo,dynawo,,,rte-dynawo@rte-france.com,1,,15,https://github.com/dynawo,https://github.com/dynawo/dynawo,2022-11-13T07:26:15.979Z,2026-10-02T22:37:56.392Z,https://avatars.githubusercontent.com/u/47146698?v=4,,Energy Systems,Energy System Modeling Frameworks,France,government agency,,https://www.rte-france.com/
rebase.energy,rebase-energy,,Stockholm,,1,,35,https://github.com/rebase-energy,https://github.com/rebase-energy/emflow,2023-03-21T12:08:10.033Z,2026-10-02T20:00:48.252Z,https://avatars.githubusercontent.com/u/68502348?v=4,,Energy Systems,Energy System Modeling Frameworks,,,,https://www.rebase.energy/
NLR distribution suite,NLR-Distribution-Suite,A unified software ecosystem for modern distribution grid research. Welcome to the next generation of AI-driven power systems modeling.,United States of America,aadil.latif@nlr.gov,1,,3,https://github.com/NLR-Distribution-Suite,https://github.com/nlr-distribution-suite/erad,2024-04-13T13:08:26.902Z,2026-10-07T04:04:39.204Z,https://avatars.githubusercontent.com/u/165042207?v=4,,Energy Systems,Grid Analysis and Planning,,,,https://nlr-distribution-suite.github.io/distribution_software_suite/
Les e-novateurs,les-enovateurs,"Our media is dedicated to a sustainable, ethical and accessible digital tech",Lyon,contact@les-enovateurs.com,1,,39,https://github.com/les-enovateurs,https://github.com/les-enovateurs/estimate-good-website,2022-11-08T03:30:59.222Z,2026-10-03T03:55:53.140Z,https://avatars.githubusercontent.com/u/47403052?v=4,,Emissions,Carbon Intensity and Accounting,France,for-profit,,https://les-enovateurs.com/
The Centre for AI and Climate,centre-for-ai-and-climate,,United Kingdom,,1,,3,https://github.com/centre-for-ai-and-climate,https://github.com/centre-for-ai-and-climate/weave,2024-07-17T12:03:40.067Z,2026-10-03T04:47:29.206Z,https://avatars.githubusercontent.com/u/174358006?v=4,,Energy Systems,Energy Data Accessibility and Integration,London,for-profit,,https://www.c-ai-c.org/
Global freshwater biodiversity research,glowabio,,Germany,,1,,6,https://github.com/glowabio,https://github.com/glowabio/hydrographr,2023-03-08T22:20:47.243Z,2026-10-03T03:35:30.917Z,https://avatars.githubusercontent.com/u/113365150?v=4,,Hydrosphere,Ocean and Hydrology Data Access,,,,https://glowabio.org/
Wikirate International e.V.,wikirate,"Let's make companies better, together. A world in which everyone can understand and shape company impacts.",,info@wikirate.org,1,wikirate,27,https://github.com/wikirate,https://github.com/wikirate/wikirate,2022-11-06T22:48:54.020Z,2026-10-03T04:47:29.860Z,https://avatars.githubusercontent.com/u/8244867?v=4,,Sustainable Development,Sustainable Investment,Germany,non-profit,,https://wikirate.org/
MicroGridsPy,MicroGridsPy,,,,1,,2,https://github.com/MicroGridsPy,https://github.com/microgridspy/microgridspy,2024-06-05T16:56:36.907Z,2026-10-06T22:42:12.311Z,https://avatars.githubusercontent.com/u/35714111?v=4,,Energy Systems,Grid Analysis and Planning,Italy,academia,,
Solar Forecast Arbiter,SolarArbiter,,United States of America,forecastarbiter@epri.com,1,,5,https://github.com/SolarArbiter,https://github.com/SolarArbiter/solarforecastarbiter-core,2022-11-13T02:12:43.017Z,2026-10-06T22:29:35.352Z,https://avatars.githubusercontent.com/u/43686373?v=4,,Renewable Energy,Photovoltaics and Solar Energy,USA,government agency,,https://forecastarbiter.epri.com
Hedera,hashgraph,,United States of America,admin@hedera.com,1,,95,https://github.com/hashgraph,https://github.com/hashgraph/guardian,2022-11-12T02:06:00.054Z,2026-10-02T06:29:57.942Z,https://avatars.githubusercontent.com/u/31002956?v=4,,Emissions,Carbon Offsets and Trading,USA,for-profit,,https://hedera.com
pysiral,pysiral,python tools for sea ice radar altimetry,,,1,,8,https://github.com/pysiral,https://github.com/pysiral/pysiral,2022-11-17T05:35:02.248Z,2026-10-03T03:51:34.327Z,https://avatars.githubusercontent.com/u/109336011?v=4,,Cryosphere,Sea Ice,,,,
Sylvan Energy Analytics,sylvan-energy,,United States of America,info@sylvan.energy,1,,1,https://github.com/sylvan-energy,https://github.com/sylvan-energy/gridpath,2026-07-04T01:02:49.623Z,2026-10-02T20:26:28.547Z,https://avatars.githubusercontent.com/u/181288765?v=4,,Energy Systems,Energy System Modeling Frameworks,,,,http://www.sylvan.energy
Energy Web Foundation,energywebfoundation,,Germany,,1,,237,https://github.com/energywebfoundation,https://github.com/energywebfoundation/origin,2022-11-13T00:00:23.702Z,2026-10-02T06:29:57.174Z,https://avatars.githubusercontent.com/u/32361864?v=4,,Energy Systems,Energy Markets,Switzerland,for-profit,,http://energyweb.org/
DSE,SchmidtDSE,The Eric and Wendy Schmidt Center for Data Science & Environment at Berkeley,United States of America,dse@berkeley.edu,2,,7,https://github.com/SchmidtDSE,"https://github.com/SchmidtDSE/global-plastics-tool, https://github.com/SchmidtDSE/afscgap",2023-02-22T23:22:14.300Z,2026-10-06T21:38:49.536Z,https://avatars.githubusercontent.com/u/124641794?v=4,,"Industrial Ecology, Biosphere","Circular Economy and Waste, Marine Life and Fishery",USA,academia,,https://dse.berkeley.edu/
Open Charging Cloud,OpenChargingCloud,"The new #eMobility services architecture for 1M+ charging stations based on #SecureIoT, #privacy and #OpenData - https://open.charging.cloud","Jena, Germany",github@charging.cloud,3,OCCloud,73,https://github.com/OpenChargingCloud,"https://github.com/OpenChargingCloud/WWCP_Core, https://github.com/OpenChargingCloud/WWCP_OCPP, https://github.com/OpenChargingCloud/ChargyDesktopApp",2022-11-12T14:01:10.191Z,2026-10-07T10:33:53.581Z,https://avatars.githubusercontent.com/u/17928234?v=4,'https://github.com/sponsors/OpenChargingCloud',"Consumption, Consumption, Consumption","Mobility and Transportation, Mobility and Transportation, Mobility and Transportation",Germany,community,,https://open.charging.cloud
Australian Antarctic Division,AustralianAntarcticDivision,"The AAD coordinates the Australian Antarctic Program, a collaborative science partnership of over 150 national and international research institutions.",,,2,,55,https://github.com/AustralianAntarcticDivision,"https://github.com/AustralianAntarcticDivision/SOmap, https://github.com/AustralianAntarcticDivision/blueant",2022-11-09T08:03:34.913Z,2026-10-06T23:34:30.175Z,https://avatars.githubusercontent.com/u/8952518?v=4,,"Cryosphere, Hydrosphere","Sea Ice, Ocean and Hydrology Data Access",Australia,government agency,,https://www.antarctica.gov.au/
dsgrid,dsgrid,The demand-side grid (dsgrid) toolkit enables the compilation of high-resolution load datasets suitable for forward-looking power system and other analyses,United States of America,elaine.hale@nlr.gov,1,,14,https://github.com/dsgrid,https://github.com/dsgrid/dsgrid,2022-11-14T09:36:05.944Z,2026-10-03T04:47:29.796Z,https://avatars.githubusercontent.com/u/31113330?v=4,,Energy Systems,Load and Demand Forecasting,USA,government agency,,https://www.nlr.gov/analysis/dsgrid.html
fluxopt,fluxopt,,,,1,,8,https://github.com/fluxopt,https://github.com/fluxopt/fluxopt,2026-06-05T14:12:27.331Z,2026-10-02T20:00:43.475Z,https://avatars.githubusercontent.com/u/291020290?v=4,,Energy Systems,Energy System Modeling Frameworks,,,,
NSF Unidata,Unidata,"Our mission is to transform the geosciences community, research, and education by providing innovative data services and tools.","Boulder, Colorado, USA",support@unidata.ucar.edu,8,unidata,130,https://github.com/Unidata,"https://github.com/Unidata/science-gateway, https://github.com/Unidata/siphon, https://github.com/Unidata/netcdf-fortran, https://github.com/Unidata/MetPy, https://github.com/Unidata/netcdf-c, https://github.com/Unidata/netcdf4-python, https://github.com/Unidata/awips2, https://github.com/Unidata/gempak",2022-11-02T16:31:38.260Z,2026-10-07T16:57:20.724Z,https://avatars.githubusercontent.com/u/613345?v=4,,"Atmosphere, Sustainable Development, Climate Change, Atmosphere, Climate Change, Climate Change, Atmosphere, Atmosphere","Atmospheric Composition and Dynamics, Data Catalogs and Interfaces, Climate Data Standards, Meteorological Observation and Forecast, Climate Data Standards, Climate Data Standards, Meteorological Observation and Forecast, Meteorological Observation and Forecast",USA,academia,,https://www.unidata.ucar.edu/
earth observations,earthobservations,,Germany,info@eobs.org,1,,57,https://github.com/earthobservations,https://github.com/earthobservations/wetterdienst,2022-11-16T08:42:42.676Z,2026-10-02T22:17:57.659Z,https://avatars.githubusercontent.com/u/67055674?v=4,,Atmosphere,Meteorological Observation and Forecast,Germany,community,,http://wetterdienst.eobs.org
Euro-Argo ERIC,euroargodev,Euro-Argo is the European infrastructure for the Argo programme that aims at sustaining 1/4 of the global network and enhance coverage in European seas.,,contact@euro-argo.eu,2,,78,https://github.com/euroargodev,"https://github.com/euroargodev/argopy, https://github.com/euroargodev/argoonlineschool",2022-11-14T18:24:01.688Z,2026-10-03T01:32:00.315Z,https://avatars.githubusercontent.com/u/57987739?v=4,,"Hydrosphere, Sustainable Development","Ocean and Hydrology Data Access, Education",EU,academia,,https://www.euro-argo.eu
pvcaptest,pvcaptest,,,,1,,1,https://github.com/pvcaptest,https://github.com/pvcaptest/pvcaptest,2026-09-25T19:27:53.303Z,2026-10-03T03:52:02.041Z,https://avatars.githubusercontent.com/u/53880406?v=4,,Renewable Energy,Photovoltaics and Solar Energy,,,,
Namma Yatri,nammayatri,"World's first, true open-mobility platform",India,,1,nammayatri,80,https://github.com/nammayatri,https://github.com/nammayatri/nammayatri,2023-02-27T10:30:33.281Z,2026-10-02T06:29:59.791Z,https://avatars.githubusercontent.com/u/124682619?v=4,,Consumption,Mobility and Transportation,,,,https://nammayatri.in
AtmoSwing,atmoswing,,,,1,,9,https://github.com/atmoswing,https://github.com/atmoswing/atmoswing,2023-03-29T13:28:32.444Z,2026-10-03T03:51:36.987Z,https://avatars.githubusercontent.com/u/28556905?v=4,,Atmosphere,Meteorological Observation and Forecast,Switzerland,community,,http://www.atmoswing.org
Parcels,Parcels-code,,,,1,,56,https://github.com/Parcels-code,https://github.com/parcels-code/plasticparcels,2022-11-03T20:31:27.594Z,2026-10-06T22:55:24.337Z,https://avatars.githubusercontent.com/u/14887518?v=4,,Industrial Ecology,Circular Economy and Waste,Global,community,,http://parcels-code.org
Electricity Maps,electricitymaps,The world’s most comprehensive electricity data platform,Denmark,,1,electricitymaps,18,https://github.com/electricitymaps,https://github.com/electricitymaps/electricitymaps-contrib,2022-11-14T05:44:05.814Z,2026-10-02T06:29:55.625Z,https://avatars.githubusercontent.com/u/24733017?v=4,,Emissions,Carbon Intensity and Accounting,,,,https://electricitymaps.com
BYU FLOW Lab,byuflowlab,"Flight, Learning, Optimization, and Wind","Provo, UT",,3,,93,https://github.com/byuflowlab,"https://github.com/byuflowlab/FLOWUnsteady, https://github.com/byuflowlab/flowfarm.jl, https://github.com/byuflowlab/CCBlade.jl",2022-11-09T07:43:10.834Z,2026-10-02T16:42:04.019Z,https://avatars.githubusercontent.com/u/10734941?v=4,,"Renewable Energy, Renewable Energy, Renewable Energy","Wind Energy, Wind Energy, Wind Energy",USA,academia,,https://flow.byu.edu
ANL-CEEESA,ANL-CEEESA,"Argonne National Laboratory's Center for Energy, Environmental, and Economic Systems Analysis (CEEESA)","Argonne, IL",,1,,8,https://github.com/ANL-CEEESA,https://github.com/anl-ceeesa/stream,2022-11-15T17:41:57.756Z,2026-10-06T23:34:42.026Z,https://avatars.githubusercontent.com/u/61068480?v=4,,Energy Systems,Energy System Modeling Frameworks,,,,https://github.com/argonne-national-laboratory
Building and Urban Data Science (BUDS) Group,buds-lab,Building and Urban Data Science (BUDS) at Singapore Management University,Singapore,miller.clayton@gmail.com,2,,72,https://github.com/buds-lab,"https://github.com/buds-lab/the-building-data-genome-project, https://github.com/buds-lab/building-data-genome-project-2",2022-11-04T13:14:58.515Z,2026-10-03T02:44:31.664Z,https://avatars.githubusercontent.com/u/26264086?v=4,,"Consumption, Consumption","Buildings and Heating, Buildings and Heating",Singapore,academia,,http://www.budslab.org
CMIP-Data-Request,CMIP-Data-Request,,,,1,,1,https://github.com/CMIP-Data-Request,https://github.com/cmip-data-request/cmip7_dreq_software,2024-07-23T14:52:33.419Z,2026-10-06T22:55:06.601Z,https://avatars.githubusercontent.com/u/176374061?v=4,,Climate Change,Climate Data Access and Visualization,,,,
WWF-Deutschland,WWF-Deutschland,,Berlin/Hamburg/Frankfurt,,1,,1,https://github.com/WWF-Deutschland,https://github.com/wwf-deutschland/plastic-navigator,2022-11-18T10:01:43.031Z,2026-10-06T18:12:34.072Z,https://avatars.githubusercontent.com/u/58521212?v=4,,Industrial Ecology,Circular Economy and Waste,Germany,non-profit,,https://www.wwf.de
Global Hydrology Lab,GlobalHydrologyLab,,,,1,,5,https://github.com/GlobalHydrologyLab,https://github.com/GlobalHydrologyLab/AquaSat,2022-11-17T12:20:51.391Z,2026-10-06T23:34:44.129Z,https://avatars.githubusercontent.com/u/33097472?v=4,,Natural Resources,Water Supply and Quality,USA,academia,,http://uncglobalhydrology.org
mosaik,mosaik,A flexible Smart Grid co-simulation framework.,,,1,,31,https://gitlab.com/mosaik,https://gitlab.com/mosaik/mosaik,2023-02-15T10:20:50.396Z,2026-09-25T19:27:38.688Z,https://gitlab.com/uploads/-/system/group/avatar/7059467/mosaik_logo.png,,Energy Systems,Grid Analysis and Planning,Germany,non-profit,,http://mosaik.offis.de
SESMG,SESMG,Open source energy system modeling tool developed at Münster University of Applied Sciences,Germany,,1,,2,https://github.com/SESMG,https://github.com/sesmg/sesmg,2023-03-07T13:46:50.152Z,2026-10-06T21:57:31.996Z,https://avatars.githubusercontent.com/u/122264954?v=4,,Energy Systems,Renewable Energy Integration,Germany,academia,,http://www.fh.ms/esym
WMO Regional Office For Africa + NORCAP,wmo-raf,Supporting Digital Transformation of NMHSs in Africa.,Kenya,,1,,92,https://github.com/wmo-raf,https://github.com/wmo-raf/climweb,2023-03-08T22:34:06.905Z,2026-10-02T22:17:51.823Z,https://avatars.githubusercontent.com/u/110537583?v=4,,Atmosphere,Meteorological Observation and Forecast,,,,https://climtech.africa
gmdsi,gmdsi,,,,1,,4,https://github.com/gmdsi,https://github.com/gmdsi/gmdsi_notebooks,2022-11-14T06:07:20.597Z,2026-10-03T01:32:08.796Z,https://avatars.githubusercontent.com/u/104877173?v=4,,Sustainable Development,Education,South Australia,academia,,http://gmdsi.org
Power Grid Model,PowerGridModel,Steady-state distribution power system analysis,Netherlands,powergridmodel@lfenergy.org,1,,1,https://github.com/PowerGridModel,https://github.com/PowerGridModel/power-grid-model,2023-04-07T12:20:40.096Z,2026-10-06T23:36:15.562Z,https://avatars.githubusercontent.com/u/128388838?v=4,,Energy Systems,Grid Analysis and Planning,Netherlands,community,,https://lfenergy.org/projects/power-grid-model/
Teikei / ErnteTeilen,teikei,,,,1,,2,https://github.com/teikei,https://github.com/teikei/teikei,2022-11-08T07:20:57.457Z,2026-10-03T04:47:31.965Z,https://avatars.githubusercontent.com/u/7583909?v=4,,Consumption,Agriculture and Nutrition,Germany,non-profit,,http://ernte-teilen.org
"STU-IET, JRC-EC",JRCSTU,"Sustainable Transport Unit, Institute of Energy and Transport, Joint Research Center, European Comission","Ispra (VA), Italy",,1,,10,https://github.com/JRCSTU,https://github.com/JRCSTU/co2mpas-ta,2022-11-09T02:26:31.760Z,2026-10-06T21:39:07.590Z,https://avatars.githubusercontent.com/u/13638890?v=4,,Consumption,Mobility and Transportation,Italy,government agency,,https://ec.europa.eu/jrc/en/about/institutes-and-directorates/jrc-iet
Open-Meteo,open-meteo,,,,1,open_meteo,21,https://github.com/open-meteo,https://github.com/open-meteo/open-meteo,2022-11-18T08:51:09.921Z,2026-10-01T21:37:11.015Z,https://avatars.githubusercontent.com/u/86407831?v=4,'https://github.com/sponsors/open-meteo',Atmosphere,Meteorological Observation and Forecast,Switzerland,community,,https://open-meteo.com
EcoJulia,EcoJulia,,,,2,,16,https://github.com/EcoJulia,"https://github.com/ecojulia/ecosistem.jl, https://github.com/ecojulia/diversity.jl",2022-11-09T09:02:27.934Z,2026-10-06T22:29:50.938Z,https://avatars.githubusercontent.com/u/22506369?v=4,,"Biosphere, Biosphere","Ecological and Environmental Modeling, Biodiversity Analysis and Metrics",Global,community,,https://ecojulia.org/
Technologiestiftung Berlin,technologiestiftung,We develop tools and smart solutions for a more open and sustainable city.,"Berlin, Germany",,1,TSBBerlin,374,https://github.com/technologiestiftung,https://github.com/technologiestiftung/giessdenkiez-de,2022-11-10T19:35:47.706Z,2026-10-02T23:00:13.294Z,https://avatars.githubusercontent.com/u/16606790?v=4,,Biosphere,Forest Observation and Management,Germany,non-profit,,https://www.technologiestiftung-berlin.de
The BirdFlow Project,birdflow-science,,,,1,,8,https://github.com/birdflow-science,https://github.com/birdflow-science/birdflowr,2023-06-14T20:23:21.950Z,2026-10-03T03:51:42.897Z,https://avatars.githubusercontent.com/u/107491532?v=4,,Biosphere,Avian Monitoring and Analysis,Global,collaboration,,http://birdflow-science.github.io
WordPress,WordPress,,,,1,WordPress,158,https://github.com/WordPress,https://github.com/WordPress/sustainability,2022-11-02T16:39:36.843Z,2026-10-06T23:15:01.063Z,https://avatars.githubusercontent.com/u/276006?v=4,,Consumption,Computation and Communication,Global,for-profit,,https://wordpress.org/
LEAP,leap-stc,Learning the Earth with AI and Physics,United States of America,,2,,101,https://github.com/leap-stc,"https://github.com/leap-stc/chaosbench, https://github.com/leap-stc/ClimSim",2022-11-18T21:45:57.158Z,2026-10-03T02:45:14.537Z,https://avatars.githubusercontent.com/u/90631797?v=4,,"Climate Change, Climate Change","Earth and Climate Modeling, Climate Data Processing and Analysis",USA,academia,,https://leap.columbia.edu/
Open Forest Observatory,open-forest-observatory,OFO is developing easy-to-use software tools for drone-based forest mapping and a database of tree maps produced from drone imagery.,,openforestobservatory@ucdavis.edu,1,,44,https://github.com/open-forest-observatory,https://github.com/open-forest-observatory/tree-detection-framework,2023-03-05T00:25:11.713Z,2026-10-03T04:47:31.248Z,https://avatars.githubusercontent.com/u/98983419?v=4,,Biosphere,Forest Remote Sensing,USA,community,,http://openforestobservatory.org
Wallace Ecological Modeling App,wallaceEcoMod,"a GUI-based app for ecological niche modeling that is open, expandible, flexible, interactive, instructive, and reproducible",NYC,wallaceEcoMod@gmail.com,1,,2,https://github.com/wallaceEcoMod,https://github.com/wallaceEcoMod/wallace,2022-11-07T19:25:55.806Z,2026-10-06T18:44:46.863Z,https://avatars.githubusercontent.com/u/22451486?v=4,,Biosphere,Species Distribution Modeling,Global,community,,http://wallaceecomod.github.io
MHKiT,MHKiT-Software,"MHKiT is open-source software, developed in Python and MATLAB, for data processing, visualization, quality control, resource assessment, and device performance.",,,1,,3,https://github.com/MHKiT-Software,https://github.com/MHKiT-Software/MHKiT-Python,2022-11-15T06:03:52.316Z,2026-10-06T18:44:48.885Z,https://avatars.githubusercontent.com/u/58954145?v=4,,Renewable Energy,Hydro Energy,USA,government agency,,https://mhkit-software.github.io/MHKiT/
ALLFED,allfed,"Feeding everyone, no matter what.",,,1,,32,https://github.com/allfed,https://github.com/allfed/allfed-integrated-model,2022-11-14T03:36:19.595Z,2026-10-03T01:32:26.033Z,https://avatars.githubusercontent.com/u/47238586?v=4,,Consumption,Agriculture and Nutrition,USA,non-profit,,http://allfed.info/
Open Modelling Group,openmodels,"The Open Modeling Group is a consortium of researchers, aimed at improving the scientific capacity of interdisciplinary model-making of natural/human systems.",,,1,,21,https://github.com/openmodels,https://github.com/openmodels/META-2021,2023-08-03T03:36:43.531Z,2026-10-03T03:51:48.096Z,https://avatars.githubusercontent.com/u/46959220?v=4,,Climate Change,Integrated Assessment and Climate Policy,Global,community,,
Eco-Hydrological Researches in China University of Geosciences (Wuhan),eco-hydro,,China,,1,,18,https://github.com/eco-hydro,https://github.com/eco-hydro/phenofit,2023-02-27T16:07:04.977Z,2026-10-02T06:29:34.476Z,https://avatars.githubusercontent.com/u/86526225?v=4,,Biosphere,Plants and Vegetation,China,community,,http://www.phenofit.top/
Breaking Bytes,BreakingBytes,,"Oakland, CA",breaking-bytes@alwaysdata.net,1,,8,https://github.com/BreakingBytes,https://github.com/BreakingBytes/pvfree,2022-11-03T11:44:40.885Z,2026-10-06T21:39:06.752Z,https://avatars.githubusercontent.com/u/1437576?v=4,,Renewable Energy,Photovoltaics and Solar Energy,USA,for-profit,,http://breakingbytes.github.io/
mySociety,mysociety,We help people be active citizens,UK,,1,,402,https://github.com/mysociety,https://github.com/mysociety/caps,2022-11-02T19:35:07.528Z,2026-10-03T05:47:43.270Z,https://avatars.githubusercontent.com/u/141338?v=4,,Sustainable Development,Data Catalogs and Interfaces,UK,non-profit,,https://www.mysociety.org/
Met Office,MetOffice,The Met Office is the UK's National Weather Service,"Exeter, UK",enquiries@metoffice.gov.uk,3,,61,https://github.com/MetOffice,"https://github.com/metoffice/lfric_apps, https://github.com/MetOffice/PyPRECIS, https://github.com/MetOffice/forest",2022-11-08T05:53:36.466Z,2024-04-14T06:14:49.829Z,https://avatars.githubusercontent.com/u/6997732?v=4,,"Atmosphere, Sustainable Development, Atmosphere","Atmospheric Composition and Dynamics, Education, Meteorological Observation and Forecast",UK,government agency,,http://www.metoffice.gov.uk
Integrated Assessment Modeling Consortium (IAMC),IAMconsortium,,,,2,,4,https://github.com/IAMconsortium,"https://github.com/iamconsortium/pyam, https://github.com/iamconsortium/nomenclature",2022-11-11T23:23:41.545Z,2026-10-06T23:34:44.285Z,https://avatars.githubusercontent.com/u/19565808?v=4,,"Climate Change, Climate Change","Integrated Assessment and Climate Policy, Integrated Assessment and Climate Policy",Global,collaboration,,https://www.iamconsortium.org
AgML,Project-AgML,AgML is a comprehensive library for agricultural machine learning.,,,1,,1,https://github.com/Project-AgML,https://github.com/project-agml/agml,2022-11-18T08:25:07.104Z,2026-10-06T18:44:46.494Z,https://avatars.githubusercontent.com/u/96885544?v=4,,Consumption,Agriculture and Nutrition,Global,collaboration,,http://agml.org
Environmental Data Initiative,EDIorg,Accelerating the archive and reuse of environmental data,,info@edirepository.org,1,EDIgotdata,12,https://github.com/EDIorg,https://github.com/ediorg/ecocomdp,2022-11-09T23:20:30.257Z,2026-10-06T21:39:05.205Z,https://avatars.githubusercontent.com/u/22452966?v=4,,Sustainable Development,Data Catalogs and Interfaces,USA,academia,,https://edirepository.org/
Permian Global Research,Permian-Global-Research,,,,1,,4,https://github.com/Permian-Global-Research,https://github.com/permian-global-research/rsi,2023-02-23T08:57:09.238Z,2026-10-06T21:39:04.374Z,https://avatars.githubusercontent.com/u/106586419?v=4,,Natural Resources,Soil and Land,UK,academia,,https://permianglobal.com/
WFP-VAM,WFP-VAM,VAM Code Dev,At the end of the rainbow,wfp.vaminfo@wfp.org,1,,60,https://github.com/WFP-VAM,https://github.com/WFP-VAM/prism-app,2022-11-15T16:42:21.433Z,2026-10-06T22:55:13.763Z,https://avatars.githubusercontent.com/u/19554115?v=4,,Climate Change,Natural Hazard and Storms,Global,government agency,,http://vam.wfp.org
Norwegian Institute for Nature Research,NINAnor,NINA repositories,Norway,,2,,114,https://github.com/NINAnor,"https://github.com/ninanor/carbonviewer, https://github.com/NINAnor/oneimpact",2022-11-05T08:34:40.846Z,2026-10-06T21:38:48.523Z,https://avatars.githubusercontent.com/u/11290934?v=4,,"Biosphere, Biosphere","Biomass, Biodiversity Analysis and Metrics",Norway,non-profit,,http://www.nina.no
Orion Lab,Orion-AI-Lab,Orion Lab research group: Deep Learning in Earth Observation at the National Observatory of Athens,Greece,ipapoutsis@noa.gr,3,OrionLab_NOA,5,https://github.com/Orion-AI-Lab,"https://github.com/orion-ai-lab/kurosiwo, https://github.com/orion-ai-lab/s4a, https://github.com/orion-ai-lab/mesogeos",2022-11-20T04:57:33.476Z,2026-10-06T23:33:55.349Z,https://avatars.githubusercontent.com/u/94176283?v=4,,"Climate Change, Consumption, Biosphere","Natural Hazard and Storms, Agriculture and Nutrition, Wildfire",Greece,government agency,,https://orion-ai-lab.github.io/
Open Infrastructure Map,openinframap,Map of the world's infrastructure from OpenStreetMap,,,1,,7,https://github.com/openinframap,https://github.com/openinframap/openinframap,2024-01-05T14:33:37.793Z,2026-10-03T05:47:37.395Z,https://avatars.githubusercontent.com/u/22862352?v=4,,Energy Systems,Grid Analysis and Planning,UK,for-profit,,https://openinframap.org
NOAA-FIMS,NOAA-FIMS,,,,1,,13,https://github.com/NOAA-FIMS,https://github.com/noaa-fims/fims,2022-11-15T22:31:29.816Z,2026-10-06T18:44:51.341Z,https://avatars.githubusercontent.com/u/79874876?v=4,,Biosphere,Marine Life and Fishery,Global,collaboration,,https://noaa-fims.github.io/
HyRiver,hyriver,A suite of Python packages that provides a unified API for retrieving geospatial/temporal data from various web services,United States of America,,1,,15,https://github.com/hyriver,https://github.com/hyriver/pydaymet,2023-02-15T01:45:26.141Z,2026-10-03T01:32:23.497Z,https://avatars.githubusercontent.com/u/109259800?v=4,,Hydrosphere,Ocean and Hydrology Data Access,USA,community,,https://docs.hyriver.io
gnames,gnames,,,,2,,63,https://github.com/gnames,"https://github.com/gnames/gnparser, https://github.com/gnames/gnverifier",2022-11-11T02:16:48.339Z,2026-10-03T03:51:43.002Z,https://avatars.githubusercontent.com/u/11817407?v=4,,"Biosphere, Biosphere","Biodiversity Data Cleaning and Standardization, Biodiversity Data Cleaning and Standardization",Global,community,,https://finder.globalnames.org/
Nansen Environmental and Remote Sensing Center,nansencenter,,"Bergen, Norway",post@nersc.no,2,nansensenteret,128,https://github.com/nansencenter,"https://github.com/nansencenter/sea_ice_drift, https://github.com/nansencenter/nextsim",2022-11-04T01:36:02.729Z,2026-10-01T17:53:02.830Z,https://avatars.githubusercontent.com/u/5212513?v=4,,"Cryosphere, Cryosphere","Sea Ice, Sea Ice",Norway,non-profit,,http://www.nersc.no
The Openair Project,openair-project,Open Source Tools for Air Quality Data Analysis,United Kingdom,,2,,10,https://github.com/openair-project,"https://github.com/openair-project/openairmaps, https://github.com/openair-project/openair",2025-01-07T10:31:54.227Z,2026-10-04T11:44:16.383Z,https://avatars.githubusercontent.com/u/194077245?v=4,,"Natural Resources, Natural Resources","Air Quality, Air Quality",UK,community,,https://openair-project.github.io/book/
PassaH2O Group,passaH2O,,,,1,,10,https://github.com/passaH2O,https://github.com/passaH2O/dorado,2022-11-16T19:12:14.310Z,2026-10-06T22:55:18.675Z,https://avatars.githubusercontent.com/u/30088719?v=4,,Hydrosphere,Waves and Currents,USA,academia,,https://sites.google.com/site/passalacquagroup/home
ICES tools (production),ices-tools-prod,Tools that are operational and maintained by the ICES Secretariat,"Copenhagen, Denmark",taf@ices.dk,3,,46,https://github.com/ices-tools-prod,"https://github.com/ices-tools-prod/icessag, https://github.com/ices-tools-prod/icesDatras, https://github.com/ices-tools-prod/icesTAF",2022-11-05T11:42:11.582Z,2026-10-03T02:44:24.833Z,https://avatars.githubusercontent.com/u/20533792?v=4,,"Biosphere, Biosphere, Biosphere","Marine Life and Fishery, Marine Life and Fishery, Marine Life and Fishery",Denmark,academia,,https://www.ices.dk/data/tools/Pages/Software.aspx
Earth System Community Modeling Portal,ESCOMP,,,,4,,65,https://github.com/ESCOMP,"https://github.com/escomp/cesm, https://github.com/ESCOMP/CMEPS, https://github.com/ESCOMP/CTSM, https://github.com/escomp/mizuroute",2022-11-11T11:04:09.366Z,2026-10-07T07:07:17.474Z,https://avatars.githubusercontent.com/u/33552285?v=4,,"Climate Change, Climate Change, Climate Change, Hydrosphere","Earth and Climate Modeling, Earth and Climate Modeling, Earth and Climate Modeling, Freshwater and Hydrology",Global,collaboration,,https://escomp.github.io/
Ocean Networks Canada,OceanNetworksCanada,Ocean Networks Canada operates world-leading ocean observatories for the advancement of science and the benefit of Canada.,"Victoria, BC, Canada",,1,,15,https://github.com/OceanNetworksCanada,https://github.com/oceannetworkscanada/api-python-client,2023-02-21T17:41:35.838Z,2026-10-06T21:39:06.648Z,https://avatars.githubusercontent.com/u/29385151?v=4,,Hydrosphere,Ocean and Hydrology Data Access,Canada,collaboration,,http://www.oceannetworks.ca/
localdevices,localdevices,,,,1,,24,https://github.com/localdevices,https://github.com/localdevices/pyorc,2022-11-15T22:50:43.205Z,2026-10-03T02:36:07.528Z,https://avatars.githubusercontent.com/u/76755133?v=4,,Hydrosphere,Freshwater and Hydrology,Global,community,,http://localdevices.org
BONSAI,bonsamurais,,,,2,,2,https://gitlab.com/bonsamurais,"https://gitlab.com/bonsamurais/bonsai/util/ipcc, https://github.com/BONSAMURAIS/bonsai",2024-04-20T00:06:45.152Z,2026-09-25T15:29:19.793Z,,,"Emissions, Industrial Ecology","Emission Observation and Modeling, Life Cycle Assessment",,,,
openLEADR,OpenLEADR,A friendly and compliant OpenADR implementation.,,,1,,3,https://github.com/OpenLEADR,https://github.com/OpenLEADR/openleadr-python,2023-10-10T12:37:39.328Z,2026-10-06T21:39:09.150Z,https://avatars.githubusercontent.com/u/71379342?v=4,,Energy Systems,Grid Management and Microgrid,USA,collaboration,,https://lfenergy.org/projects/openleadr/
Energy Sparks,Energy-Sparks,We help schools fight climate change,UK,hello@energysparks.uk,1,,4,https://github.com/Energy-Sparks,https://github.com/Energy-Sparks/energy-sparks,2022-11-14T05:03:48.873Z,2026-10-06T21:57:34.395Z,https://avatars.githubusercontent.com/u/66954989?v=4,,Sustainable Development,Education,UK,non-profit,,https://energysparks.uk/
Temoa (Tools for Energy Model Optimization and Analysis),TemoaProject,An open source energy system model,United States of America,,1,,5,https://github.com/TemoaProject,https://github.com/TemoaProject/temoa,2022-11-10T23:58:08.410Z,2026-10-06T22:55:22.552Z,https://avatars.githubusercontent.com/u/10479169?v=4,,Energy Systems,Energy System Modeling Frameworks,,,,http://temoaproject.org
Project Drawdown,ProjectDrawdown,,,james.gerber@drawdown.org,1,,4,https://github.com/ProjectDrawdown,https://github.com/projectdrawdown/solutions,2022-11-20T05:32:23.584Z,2026-10-06T22:30:17.175Z,https://avatars.githubusercontent.com/u/55551762?v=4,,Sustainable Development,Knowledge Platforms,USA,non-profit,,https://drawdown.org/
HydrologyFrankfurt,HydrologyFrankfurt,,Goethe University Frankfurt,,1,,3,https://github.com/HydrologyFrankfurt,https://github.com/hydrologyfrankfurt/rewatergap,2024-07-17T11:35:07.791Z,2026-10-06T22:55:17.163Z,https://avatars.githubusercontent.com/u/56433097?v=4,,Hydrosphere,Freshwater and Hydrology,Germany,academia,,http://www.uni-frankfurt.de/45217668/AG_Hydrologie__Hydrology_Group
Ecosystem Modelling Facility (CREAF),emf-creaf,,,ecosystemmodellingfacility@creaf.uab.cat,3,,68,https://github.com/emf-creaf,"https://github.com/emf-creaf/medfate, https://github.com/emf-creaf/forestables, https://github.com/emf-creaf/meteoland",2022-11-17T23:32:15.373Z,2026-10-03T03:51:36.044Z,https://avatars.githubusercontent.com/u/80052794?v=4,,"Biosphere, Biosphere, Natural Resources","Forest Modeling and Analysis, Forest Observation and Management, Soil and Land",Spain,academia,,https://emf.creaf.cat/
BASIN-3D,BASIN-3D,,,,1,,4,https://github.com/BASIN-3D,https://github.com/basin-3d/basin3d,2022-11-15T08:45:20.738Z,2026-10-06T21:39:07.980Z,https://avatars.githubusercontent.com/u/73316616?v=4,,Hydrosphere,Freshwater and Hydrology,Global,community,,https://basin3d.readthedocs.io/en/stable/
SpeedyWeatherOrg,SpeedyWeather,We reinvent atmospheric modelling.,,,1,,1,https://github.com/SpeedyWeather,https://github.com/speedyweather/speedyweather.jl,2023-03-21T21:29:11.614Z,2026-10-06T22:54:54.734Z,https://avatars.githubusercontent.com/u/117775587?v=4,,Atmosphere,Atmospheric Composition and Dynamics,Global,community,,http://speedyweather.github.io
openEO,Open-EO,"openEO develops an open API to connect R, Python, JavaScript and other clients to EO cloud back-ends in a simple and unified way.",,openeo.psc@uni-muenster.de,1,open_EO,45,https://github.com/Open-EO,https://github.com/Open-EO/openeo-python-client,2022-11-10T23:50:41.395Z,2026-10-06T22:55:22.643Z,https://avatars.githubusercontent.com/u/23743223?v=4,,Sustainable Development,Environmental Satellites,Germany,community,,http://openeo.org/
Australian Institute of Marine Science,open-AIMS,,,github@aims.gov.au,1,,36,https://github.com/open-AIMS,https://github.com/open-aims/adria.jl,2022-11-15T18:59:58.219Z,2026-10-06T22:55:25.091Z,https://avatars.githubusercontent.com/u/68976138?v=4,,Biosphere,Conservation and Restoration,Australia,government agency,,https://www.aims.gov.au/
JuliaOcean,JuliaOcean,,,,3,,10,https://github.com/JuliaOcean,"https://github.com/JuliaOcean/MarineEcosystemsJuliaCon2021.jl, https://github.com/juliaocean/aibecs.jl, https://github.com/JuliaOcean/PlanktonIndividuals.jl",2022-11-14T05:39:14.434Z,2026-10-06T23:33:58.447Z,https://avatars.githubusercontent.com/u/41747359?v=4,,"Sustainable Development, Hydrosphere, Biosphere","Education, Ocean Carbon and Temperature, Marine Life and Fishery",Global,community,,https://github.com/JuliaOcean
Aqualink.org,aqualinkorg,Conservation technology. ,"San Francisco, CA",info@aqualink.org,1,,6,https://github.com/aqualinkorg,https://github.com/aqualinkorg/aqualink-app,2022-11-15T04:05:37.653Z,2026-10-03T04:47:33.234Z,https://avatars.githubusercontent.com/u/63257299?v=4,,Biosphere,Marine Life and Fishery,USA,community,,http://aqualink.org
Model for Analysis of Energy Demand (MAED),Model-for-Analysis-of-Energy-Demand,"Find the latest code, user interface and additional learning material for MAED here. Click on the u4ria link to access the MAED public forum for troubleshooting",,,1,,1,https://github.com/Model-for-Analysis-of-Energy-Demand,https://github.com/model-for-analysis-of-energy-demand/maed-code,2025-02-04T17:45:09.873Z,2026-10-06T22:42:11.251Z,https://avatars.githubusercontent.com/u/196050788?v=4,,Energy Systems,Load and Demand Forecasting,Global,community,,
Earthrise Media (EarthGenome),earthrise-media,,,,1,,40,https://github.com/earthrise-media,https://github.com/earthrise-media/mining-detector,2023-02-24T01:32:17.394Z,2026-10-03T04:47:17.620Z,https://avatars.githubusercontent.com/u/56274133?v=4,,Sustainable Development,Knowledge Platforms,USA,non-profit,,https://earthrise.media
cat-cfs,cat-cfs,,,,1,,19,https://github.com/cat-cfs,https://github.com/cat-cfs/libcbm_py,2023-02-23T07:42:50.833Z,2026-10-03T02:45:17.231Z,https://avatars.githubusercontent.com/u/35855549?v=4,,Biosphere,Biomass,Global,community,,
PCRaster,pcraster,"PCRaster R&D team, Department of Physical Geography, Utrecht University","Utrecht, Netherlands",info@pcraster.eu,1,,28,https://github.com/pcraster,https://github.com/pcraster/pcraster,2022-11-11T01:04:05.881Z,2026-10-03T03:51:44.460Z,https://avatars.githubusercontent.com/u/10530850?v=4,,Natural Resources,Water Supply and Quality,Netherlands,academia,,http://www.pcraster.eu
RESPEC Consulting & Services,respec,,Minneapolis Twin Cities,paul.senne@respec.com,2,,11,https://github.com/respec,"https://github.com/respec/BASINS, https://github.com/respec/hspsquared",2022-11-05T13:32:10.416Z,2026-10-02T21:52:35.675Z,https://avatars.githubusercontent.com/u/4633517?v=4,,"Hydrosphere, Hydrosphere","Freshwater and Hydrology, Freshwater and Hydrology",USA,for-profit,,http://www.respec.com
MERMAID,data-mermaid,Marine Ecological Research Management AID,,support@datamermaid.org,2,datamermaid,49,https://github.com/data-mermaid,"https://github.com/data-mermaid/mermaidr, https://github.com/data-mermaid/mermaid-dash",2022-11-13T18:15:12.623Z,2026-10-03T03:55:51.669Z,https://avatars.githubusercontent.com/u/50884305?v=4,,"Biosphere, Biosphere","Marine Life and Fishery, Marine Life and Fishery",Global,collaboration,,https://datamermaid.org
Boavizta,Boavizta,,,contact@boavizta.org,3,,11,https://github.com/Boavizta,"https://github.com/boavizta/environmental-footprint-data, https://github.com/Boavizta/cloud-scanner, https://github.com/Boavizta/boaviztapi",2022-11-14T08:10:26.096Z,2026-10-06T23:16:15.922Z,https://avatars.githubusercontent.com/u/74682393?v=4,,"Consumption, Consumption, Consumption","Computation and Communication, Computation and Communication, Computation and Communication",France,community,,https://boavizta.org/en
roocs - remote operations on climate simulations,roocs,"A collection of tools to provide ""data-aware"" processing of ESGF datasets.",United Kingdom,ag.stephens@stfc.ac.uk,1,,25,https://github.com/roocs,https://github.com/roocs/clisops,2022-11-15T07:46:38.648Z,2026-10-02T06:28:51.533Z,https://avatars.githubusercontent.com/u/60000375?v=4,,Climate Change,Climate Data Processing and Analysis,UK,academia,,https://www.ukri.org/councils/stfc/
Canadian Society for Hydrological Sciences,CSHS-CWRA,,,cshs@cwra.org,2,,3,https://github.com/CSHS-CWRA,"https://github.com/CSHS-CWRA/RavenPy, https://github.com/CSHS-CWRA/CSHShydRology",2022-11-11T08:20:40.880Z,2026-10-06T21:38:59.350Z,https://avatars.githubusercontent.com/u/38532892?v=4,,"Hydrosphere, Natural Resources","Freshwater and Hydrology, Water Supply and Quality",Canada,academia,,https://cwra.org/en/branches/affiliates/cshs-a
Moore Institute for Plastic Pollution Research,Moore-Institute-4-Plastic-Pollution-Res,,United States of America,info@mooreplasticresearch.org,2,mooreplasticres,1,https://github.com/Moore-Institute-4-Plastic-Pollution-Res,"https://github.com/moore-institute-4-plastic-pollution-res/microplastic_data_portal, https://github.com/moore-institute-4-plastic-pollution-res/one4all",2022-11-16T06:26:32.808Z,2026-10-06T22:42:11.911Z,https://avatars.githubusercontent.com/u/104230762?v=4,,"Natural Resources, Natural Resources","Water Supply and Quality, Water Supply and Quality",USA,non-profit,,http://mooreplasticresearch.org
M3 Works,M3Works,Snowpack Modeling & Geoscience Software Consulting,United States of America,info@m3works.io,1,,1,https://github.com/M3Works,https://github.com/m3works/metloom,2022-11-16T14:28:55.183Z,2026-10-06T19:36:00.614Z,https://avatars.githubusercontent.com/u/90869452?v=4,,Atmosphere,Meteorological Observation and Forecast,USA,for-profit,,http://m3works.io
AquaCrop-OS,aquacropos,,,,1,,6,https://github.com/aquacropos,https://github.com/aquacropos/aquacrop,2022-11-16T02:37:58.885Z,2026-10-03T01:32:35.861Z,https://avatars.githubusercontent.com/u/97301367?v=4,,Consumption,Agriculture and Nutrition,Global,community,,https://aquacropos.github.io/aquacrop/
US191,us191,,,,1,,17,https://forge.ird.fr/us191,https://forge.ird.fr/us191/TSG-QC,2024-07-18T18:24:50.452Z,2026-10-03T04:54:39.715Z,https://forge.ird.fr/uploads/-/system/group/avatar/5/Logo-small.png,,Hydrosphere,Ocean Carbon and Temperature,Global,collaboration,,http://us191.com
FRB CESAB,FRBCesab,,"Montpellier, FRANCE",,1,,17,https://github.com/FRBCesab,https://github.com/frbcesab/worldpa,2022-11-14T09:00:39.394Z,2026-10-06T21:57:27.779Z,https://avatars.githubusercontent.com/u/56294308?v=4,,Biosphere,Conservation and Restoration,France,academia,,https://www.fondationbiodiversite.fr/en/about-the-foundation/le-cesab/
Calliope,calliope-project,A multi-scale energy systems modelling framework,,,2,,23,https://github.com/calliope-project,"https://github.com/calliope-project/euro-calliope, https://github.com/calliope-project/calliope",2022-11-06T03:53:06.998Z,2026-10-02T13:56:37.862Z,https://avatars.githubusercontent.com/u/10073020?v=4,,"Energy Systems, Energy Systems","Global and Regional Energy System Models, Energy System Modeling Frameworks",Global,community,,https://www.callio.pe/
National Energy Technology Laboratory Research & Innovation Center,NETL-RIC,,,,1,,9,https://github.com/NETL-RIC,https://github.com/NETL-RIC/ElectricityLCI,2023-02-24T14:47:28.160Z,2026-10-06T22:29:31.151Z,https://avatars.githubusercontent.com/u/28026492?v=4,,Industrial Ecology,Life Cycle Assessment,USA,government agency,,http://netl.doe.gov
TU Wien - Department of Geodesy and Geoinformation,TUW-GEO,,"Vienna, Austria",,4,,53,https://github.com/TUW-GEO,"https://github.com/TUW-GEO/pytesmo, https://github.com/TUW-GEO/ismn, https://github.com/TUW-GEO/rt1, https://github.com/TUW-GEO/esa_cci_sm",2022-11-02T21:31:23.457Z,2026-10-06T21:38:46.852Z,https://avatars.githubusercontent.com/u/5213740?v=4,,"Natural Resources, Natural Resources, Atmosphere, Natural Resources","Soil and Land, Soil and Land, Radiative Transfer, Soil and Land",Austria,academia,,https://geo.tuwien.ac.at
Teams,teams,,"Ghent, Belgium",,1,,119,https://invent.kde.org/teams,https://invent.kde.org/teams/eco/feep,2023-02-14T16:20:40.314Z,2026-10-03T04:54:30.446Z,,,Consumption,Computation and Communication,USA,non-profit,,https://merlijn.sebrechts.be
OSDG,osdg-ai,Open Source SDG Classification Tool,,info@osdg.ai,2,OSDG_ai,3,https://github.com/osdg-ai,"https://github.com/osdg-ai/osdg-tool, https://github.com/osdg-ai/osdg-data",2022-11-14T14:26:47.014Z,2026-10-03T01:29:13.454Z,https://avatars.githubusercontent.com/u/74975722?v=4,,"Sustainable Development, Sustainable Development","Sustainable Development Goals, Sustainable Development Goals",Global,academia,,https://osdg.ai
LPJmL group @ PIK,PIK-LPJmL,,,,1,,3,https://github.com/PIK-LPJmL,https://github.com/pik-lpjml/lpjml,2023-03-24T18:34:26.918Z,2026-10-06T23:05:29.412Z,https://avatars.githubusercontent.com/u/39558205?v=4,,Climate Change,Integrated Assessment and Climate Policy,Germany,academia,,
OpenSenseAction,OpenSenseAction,Code from the OpenSense COST Action,,,1,,2,https://github.com/OpenSenseAction,https://github.com/opensenseaction/opensense_sandbox,2022-11-14T19:40:54.023Z,2026-10-06T23:04:59.486Z,https://avatars.githubusercontent.com/u/94687828?v=4,,Atmosphere,Meteorological Observation and Forecast,Global,collaboration,,http://opensenseaction.eu/
Climate Mind,ClimateMind,Powering climate conversations,,hello@climatemind.org,1,Climate_Mind,11,https://github.com/ClimateMind,https://github.com/climatemind/climatemind-backend,2022-11-14T06:42:05.200Z,2024-10-29T13:07:12.976Z,https://avatars.githubusercontent.com/u/63987561?v=4,,Sustainable Development,Knowledge Platforms,Global,community,,https://climatemind.org
DISPATCHES,gmlc-dispatches,Design Integration and Synthesis Platform to Advance Tightly Coupled Hybrid Energy Systems,,,1,,11,https://github.com/gmlc-dispatches,https://github.com/gmlc-dispatches/dispatches,2022-11-16T03:15:38.540Z,2026-10-02T22:17:17.913Z,https://avatars.githubusercontent.com/u/68717224?v=4,,Energy Systems,Grid Analysis and Planning,USA,government agency,,
H2020 openENTRANCE,openENTRANCE,"openENTRANCE develops an open, transparent & integrated modelling platform for low-carbon transition pathways in Europe, funded by the EU Horizon 2020 programme",,info@openentrance.eu,1,,2,https://github.com/openENTRANCE,https://github.com/openENTRANCE/openentrance,2022-11-16T08:42:36.147Z,2026-10-06T19:35:28.887Z,https://avatars.githubusercontent.com/u/60662804?v=4,,Energy Systems,Global and Regional Energy System Models,Global,collaboration,,https://openentrance.eu
Sam Passmore,Sam-r-passmore,,,,1,,1,https://github.com/Sam-r-passmore,https://github.com/sam-r-passmore/energy-icons,2026-09-29T07:35:56.806Z,2026-10-01T17:29:53.478Z,https://avatars.githubusercontent.com/u/332891764?v=4,,Sustainable Development,Knowledge Platforms,,,,
mhm,mhm,"The mesoscale hydrologic model (mHM) is a spatially explicit distributed hydrologic model, using the multiscale parameter regionalisation approach (MPR). Developed by the Dept. of Computational Hydrosystems, UFZ Leipzig. ",,,1,,3,https://git.ufz.de/mhm,https://git.ufz.de/mhm/mhm,2024-07-18T12:30:51.833Z,2026-10-03T04:54:40.459Z,https://git.ufz.de/uploads/-/system/group/avatar/199/mHM.png,,Hydrosphere,Freshwater and Hydrology,Germany,academia,,
OpenFarm,openfarmcc,,Earth,,1,,3,https://github.com/openfarmcc,https://github.com/openfarmcc/OpenFarm,2022-11-06T09:55:31.393Z,2026-10-02T22:17:17.766Z,https://avatars.githubusercontent.com/u/10136787?v=4,,Consumption,Agriculture and Nutrition,Global,community,,http://www.openfarm.cc
FireCaster Codes,forefireAPI,,,info@firecaster.org,1,,1,https://github.com/forefireAPI,https://github.com/forefireAPI/forefire,2022-11-07T09:39:06.801Z,2026-10-06T05:56:40.049Z,https://avatars.githubusercontent.com/u/6805132?v=4,,Biosphere,Wildfire,Global,academia,,https://www.batti.org
FISHGLOB,fishglob,,,fishglobconsortium@gmail.com,1,,3,https://github.com/fishglob,https://github.com/fishglob/FishGlob_data,2025-08-20T11:47:58.417Z,2026-10-03T08:47:06.328Z,https://avatars.githubusercontent.com/u/226361955?v=4,,Biosphere,Marine Life and Fishery,Global,collaboration,,http://fishglob.sites.ucsc.edu
Natural Resources Canada,NRCan,,Canada,,2,,42,https://github.com/NRCan,"https://github.com/NRCan/CanFlood, https://github.com/NRCan/RICorDE",2022-11-15T05:54:02.845Z,2026-10-06T21:57:27.787Z,https://avatars.githubusercontent.com/u/1929244?v=4,,"Climate Change, Climate Change","Natural Hazard and Storms, Natural Hazard and Storms",Canada,government agency,,https://natural-resources.canada.ca/
Amazon Web Services - Labs,awslabs,AWS Labs,"Seattle, WA",,1,,1036,https://github.com/awslabs,https://github.com/awslabs/sustainability-scanner,2022-11-02T16:28:29.342Z,2026-10-02T09:18:58.422Z,https://avatars.githubusercontent.com/u/3299148?v=4,,Consumption,Computation and Communication,USA,for-profit,,http://amazon.com/aws/
eWaterCycle,eWaterCycle,,,,3,,74,https://github.com/eWaterCycle,"https://github.com/eWaterCycle/era5cli, https://github.com/eWaterCycle/ewatercycle, https://github.com/ewatercycle/teaching-materials",2022-11-04T09:40:05.279Z,2026-10-06T21:57:33.184Z,https://avatars.githubusercontent.com/u/12843269?v=4,,"Climate Change, Hydrosphere, Sustainable Development","Climate Data Processing and Analysis, Freshwater and Hydrology, Education",Netherlands,academia,,http://www.ewatercycle.org
Pytroll,pytroll,,,,2,,56,https://github.com/pytroll,"https://github.com/pytroll/pygac, https://github.com/pytroll/satpy",2022-11-02T20:07:46.345Z,2026-10-01T21:35:41.271Z,https://avatars.githubusercontent.com/u/13004956?v=4,,"Climate Change, Sustainable Development","Climate Data Access and Visualization, Environmental Satellites",Global,community,,http://pytroll.org/
SunPeek,sunpeek,,,,1,,7,https://gitlab.com/sunpeek,https://gitlab.com/sunpeek/sunpeek,2023-02-22T13:41:54.127Z,2026-09-25T21:12:19.754Z,https://gitlab.com/uploads/-/system/group/avatar/63588217/Icon_Blue.png,,Renewable Energy,Photovoltaics and Solar Energy,Austria,for-profit,,http://sunpeek.org
fishR Core Team,fishR-Core-Team,,United States of America,,3,,5,https://github.com/fishR-Core-Team,"https://github.com/fishR-Core-Team/FSA, https://github.com/fishr-core-team/rfishbc, https://github.com/fishr-core-team/fsadata",2022-11-07T20:37:16.591Z,2026-10-06T22:15:24.807Z,https://avatars.githubusercontent.com/u/99483821?v=4,,"Biosphere, Biosphere, Biosphere","Marine Life and Fishery, Marine Life and Fishery, Marine Life and Fishery",USA,academia,,https://fishr-core-team.github.io/RFishBC/
ICRA,icra,Institut Català de Recerca de l'Aigua — Catalan Institute for Water Research,Girona,,1,IcraWater,90,https://github.com/icra,https://github.com/icra/ecam,2022-11-18T13:28:45.614Z,2026-10-03T03:56:21.503Z,https://avatars.githubusercontent.com/u/38762567?v=4,,Emissions,Emission Observation and Modeling,Spain,academia,,https://www.icra.cat/
Climate Impact Lab,ClimateImpactLab,"A team of scientists, economists and engineers measuring the real-world costs of climate change.",,info@impactlab.org,2,impact_lab,77,https://github.com/ClimateImpactLab,"https://github.com/ClimateImpactLab/downscaleCMIP6, https://github.com/climateimpactlab/dscim",2022-11-05T10:44:43.873Z,2026-10-06T22:29:52.683Z,https://avatars.githubusercontent.com/u/17581376?v=4,,"Climate Change, Emissions","Climate Downscaling, Carbon Intensity and Accounting",USA,non-profit,,https://impactlab.org
Openvironment,openvironment,"Grupo de pesquisa focado na análise de dados de poluição, meio ambiente e saúde pública.",Brazil,thewilliam89@gmail.com,1,,4,https://github.com/openvironment,https://github.com/openvironment/Rpollution,2025-01-05T07:56:53.770Z,2026-10-02T06:28:46.805Z,https://avatars.githubusercontent.com/u/46464225?v=4,,Natural Resources,Air Quality,,,,https://www.astridproject.com/
Stanford Intelligent Systems Laboratory,sisl,,"Stanford, CA",,1,,270,https://github.com/sisl,https://github.com/sisl/pyrorl,2022-11-09T06:55:33.362Z,2026-10-01T21:30:06.859Z,https://avatars.githubusercontent.com/u/6294054?v=4,,Biosphere,Wildfire,USA,academia,,http://sisl.stanford.edu
Ozon3,Ozon3Org,Ozon3 is an open-source system to obtain air quality data for anywhere in the world. ,,milindsharma8@gmail.com,1,,1,https://github.com/Ozon3Org,https://github.com/ozon3org/ozon3,2022-11-16T19:24:41.045Z,2026-10-06T21:39:11.230Z,https://avatars.githubusercontent.com/u/107499002?v=4,,Natural Resources,Air Quality,Global,community,,http://ozon3.io
OpenAQ Platform,openaq,An open platform for air quality data,,info@openaq.org,2,,52,https://github.com/openaq,"https://github.com/openaq/openaq-api, https://github.com/openaq/openaq-fetch",2022-11-03T05:56:54.731Z,2026-10-02T03:51:21.139Z,https://avatars.githubusercontent.com/u/11806583?v=4,'https://github.com/sponsors/openaq',"Natural Resources, Natural Resources","Air Quality, Air Quality",Global,non-profit,,https://openaq.org
PyBaMM Team,pybamm-team,,,,2,pybamm_,24,https://github.com/pybamm-team,"https://github.com/pybamm-team/liionpack, https://github.com/pybamm-team/pybamm",2022-11-15T02:38:19.718Z,2026-10-01T22:46:33.267Z,https://avatars.githubusercontent.com/u/48961907?v=4,"'https://github.com/sponsors/pybamm-team', 'https://opencollective.com/pybamm'","Energy Storage, Energy Storage","Battery, Battery",USA,community,,https://www.pybamm.org/
International Centre for Theoretical Physics,ICTP,"ICTP is a special organization, a UNESCO category 1 institute,  that combines excellence in research with  international cooperation through science",Italy,pio@ictp.it,1,ictpnews,1,https://github.com/ICTP,https://github.com/ictp/regcm,2022-11-14T18:17:24.101Z,2026-10-06T19:32:22.942Z,https://avatars.githubusercontent.com/u/94847198?v=4,,Climate Change,Earth and Climate Modeling,Italy,for-profit,,http://www.ictp.it
Then Try This,then-try-this,,,,1,,24,https://gitlab.com/then-try-this,https://gitlab.com/then-try-this/climate-tool,2023-11-13T17:00:25.747Z,2026-09-24T18:46:59.219Z,https://gitlab.com/uploads/-/system/group/avatar/12696996/black_without_text.png,,Climate Change,Climate Data Processing and Analysis,UK,non-profit,,http://thentrythis.org
Research Institute for Nature and Forest (INBO),inbo,"Open source, data and science initiatives of the Research Institute for Nature and Forest (INBO)",Belgium,,3,,316,https://github.com/inbo,"https://github.com/inbo/etn, https://github.com/inbo/camtrapdp, https://github.com/inbo/niche_vlaanderen",2022-11-03T22:17:01.973Z,2026-10-03T03:34:33.401Z,https://avatars.githubusercontent.com/u/2735610?v=4,,"Biosphere, Biosphere, Hydrosphere","Marine Life and Fishery, Terrestrial Wildlife, Freshwater and Hydrology",Belgium,government agency,,https://www.inbo.be/en
The Plankton Team,PlanktonTeam,"The Plankton Team from the CSIRO, UQ, and IMOS",Australia,,1,,4,https://github.com/PlanktonTeam,https://github.com/planktonteam/planktonr,2022-11-15T01:58:34.487Z,2026-10-06T21:39:09.479Z,https://avatars.githubusercontent.com/u/78583612?v=4,,Biosphere,Marine Life and Fishery,Australia,collaboration,,
volkszaehler.org project,volkszaehler,Open Source Smart Metering platform,Germany,,2,,8,https://github.com/volkszaehler,"https://github.com/volkszaehler/mbmd, https://github.com/volkszaehler/volkszaehler.org",2022-11-02T21:35:24.292Z,2026-10-02T21:52:35.723Z,https://avatars.githubusercontent.com/u/340617?v=4,,"Consumption, Consumption","Buildings and Heating, Buildings and Heating",Germany,community,,https://volkszaehler.org
9505-PNNL,9505-PNNL,,,,1,,1,https://github.com/9505-PNNL,https://github.com/9505-pnnl/wmpy_power,2024-01-18T23:12:34.951Z,2026-10-06T23:05:01.211Z,https://avatars.githubusercontent.com/u/156456652?v=4,,Renewable Energy,Hydro Energy,Global,community,,
rOpenSci Archive,ropensci-archive,Retired or sunset rOpenSci projects -- email info@ropensci.org if you have questions!,,info@ropensci.org,3,,282,https://github.com/ropensci-archive,"https://github.com/ropensci-archive/rdefra, https://github.com/ropensci-archive/rWBclimate, https://github.com/ropensci-archive/clifro",2022-11-03T03:11:52.455Z,2026-10-02T03:53:08.391Z,https://avatars.githubusercontent.com/u/68704009?v=4,,"Natural Resources, Climate Change, Climate Change","Air Quality, Climate Data Access and Visualization, Climate Data Access and Visualization",Global,community,,http://ropensci.org
brightwind,brightwind-dev,The brightwind library aims to empower wind resource analysts and establish a common industry standard toolset.,,,1,,2,https://github.com/brightwind-dev,https://github.com/brightwind-dev/brightwind,2022-11-13T04:55:12.185Z,2026-10-03T02:36:22.462Z,https://avatars.githubusercontent.com/u/45794645?v=4,,Renewable Energy,Wind Energy,Ireland,for-profit,,https://www.brightwindanalysis.com/
TEKSI wastewater module (Project QGEP),QGEP,Open source wastewater network module based on QGIS / Postgis,Switzerland,info@teksi.ch,1,teksi_ch,12,https://github.com/QGEP,https://github.com/qgep/QGEP,2022-11-03T06:34:57.948Z,2026-10-06T19:36:01.619Z,https://avatars.githubusercontent.com/u/12323993?v=4,,Natural Resources,Water Supply and Quality,Switzerland,community,,https://qgep.github.io/docs/
Volpe National Transportation Systems Center,VolpeUSDOT,The U.S. Department of Transportation's Volpe Center advances transportation innovation for the public good.,"Cambridge, MA",askvolpe@dot.gov,1,,7,https://github.com/VolpeUSDOT,https://github.com/volpeusdot/fhwa-danatool,2022-11-13T13:41:36.521Z,2026-10-06T23:05:03.780Z,https://avatars.githubusercontent.com/u/29147435?v=4,,Natural Resources,Air Quality,USA,government agency,,https://www.volpe.dot.gov/
"KIOS Research and Innovation Center of Excellence, University of Cyprus",KIOS-Research,,"Nicosia, Cyprus",kiosoa@ucy.ac.cy,1,kioscoe,61,https://github.com/KIOS-Research,https://github.com/kios-research/leakdb,2022-11-05T09:44:50.962Z,2026-10-06T23:05:01.630Z,https://avatars.githubusercontent.com/u/4362083?v=4,,Hydrosphere,Ocean and Hydrology Data Access,Cyprus,academia,,http://www.kios.ucy.ac.cy
Open Acidification Project,Open-Acidification,,,,1,,11,https://github.com/Open-Acidification,https://github.com/Open-Acidification/AlkalinityTitrator,2022-11-14T08:37:48.000Z,2026-10-06T22:29:52.584Z,https://avatars.githubusercontent.com/u/57500501?v=4,,Hydrosphere,Ocean Carbon and Temperature,USA,community,,https://open-acidification.github.io/
Accelerated Materials Laboratory for Sustainability,PV-Lab,,United States of America,,2,,13,https://github.com/PV-Lab,"https://github.com/PV-Lab/autoXRD, https://github.com/PV-Lab/BayesProcess",2022-11-14T04:21:58.241Z,2026-10-06T23:33:58.467Z,https://avatars.githubusercontent.com/u/13911947?v=4,,"Renewable Energy, Renewable Energy","Photovoltaics and Solar Energy, Photovoltaics and Solar Energy",USA,academia,,http://pv.mit.edu
echostack,echostack-org,Home for open source tools and resources in ocean acoustics,,,1,,15,https://github.com/echostack-org,https://github.com/echostack-org/echopype,2022-11-14T20:06:59.933Z,2026-10-03T08:47:07.161Z,https://avatars.githubusercontent.com/u/42682187?v=4,,Biosphere,Marine Life and Fishery,,,,
DSSAT Foundation,DSSAT,,United States of America,,1,,30,https://github.com/DSSAT,https://github.com/DSSAT/dssat-csm-os,2022-11-07T18:42:35.137Z,2026-10-06T19:35:31.479Z,https://avatars.githubusercontent.com/u/2651814?v=4,,Consumption,Agriculture and Nutrition,USA,for-profit,,http://dssat.net/
smrt-model,smrt-model,,,,1,,10,https://github.com/smrt-model,https://github.com/smrt-model/smrt,2022-11-06T19:01:50.249Z,2026-10-02T22:17:14.833Z,https://avatars.githubusercontent.com/u/23165787?v=4,,Cryosphere,Snow and Permafrost,Global,community,,https://www.smrt-model.science/
oemof community,oemof,Open Energy Modelling Framework - A modular open source framework to model energy supply systems,Germany,contact@oemof.org,9,,20,https://github.com/oemof,"https://github.com/oemof/heat-pump-tutorial, https://github.com/oemof/tespy, https://github.com/oemof/oemof-solph, https://github.com/oemof/oemof-demand, https://github.com/oemof/DHNx, https://github.com/oemof/oemof-thermal, https://github.com/oemof/feedinlib, https://github.com/oemof/exerpy, https://github.com/oemof/oemof",2022-11-03T11:37:17.117Z,2026-10-01T17:52:49.884Z,https://avatars.githubusercontent.com/u/8503379?v=4,,"Sustainable Development, Consumption, Energy Systems, Energy Systems, Consumption, Energy Systems, Renewable Energy, Energy Systems, Energy Systems","Education, Buildings and Heating, Energy System Modeling Frameworks, Load and Demand Forecasting, Buildings and Heating, Energy System Modeling Frameworks, Photovoltaics and Solar Energy, Energy System Modeling Frameworks, Energy System Modeling Frameworks",Germany,non-profit,,https://oemof.org
Bionomia,bionomia,Linking natural history specimens to the world's collectors,,,1,,10,https://github.com/bionomia,https://github.com/bionomia/bionomia,2022-11-18T22:16:24.270Z,2026-10-03T01:32:38.512Z,https://avatars.githubusercontent.com/u/66799173?v=4,,Biosphere,Biodiversity Data Cleaning and Standardization,Global,academia,,https://bionomia.net
DPIRD Farming Systems Innovation,DPIRD-FSI,GitHub home for projects in the Department of Primary Industries and Regional Development (DPIRD) of Western Australia Farming Systems Innovation Directorate,Australia,,1,DPIRDWA,2,https://github.com/DPIRD-FSI,https://github.com/dpird-fsi/extractoz,2023-03-29T12:54:33.251Z,2026-10-06T21:38:54.362Z,https://avatars.githubusercontent.com/u/99000843?v=4,,Consumption,Agriculture and Nutrition,Australia,government agency,,https://dpird.wa.gov.au/
National Ecological Observatory Network,NEONScience,,"Boulder, CO",,1,,58,https://github.com/NEONScience,https://github.com/NEONScience/NEON-utilities,2022-11-06T04:00:08.421Z,2026-10-06T21:39:08.540Z,https://avatars.githubusercontent.com/u/9326224?v=4,,Sustainable Development,Data Catalogs and Interfaces,USA,government agency,,http://www.neonscience.org/
HotMaps,HotMaps,Hotmaps project has received funding from the European Union’s Horizon 2020 research and innovation programme under grant agreement No. 723677.,,,1,,15,https://github.com/HotMaps,https://github.com/HotMaps/Hotmaps-toolbox-service,2022-11-09T16:19:23.517Z,2026-10-06T22:29:53.382Z,https://avatars.githubusercontent.com/u/25738377?v=4,,Consumption,Buildings and Heating,Global,community,,https://www.hotmaps-project.eu/
Institute for Transport Studies,itsleeds,,"Leeds, UK",,1,,76,https://github.com/itsleeds,https://github.com/ITSLeeds/pct,2022-11-12T22:32:11.694Z,2026-10-03T01:29:24.933Z,https://avatars.githubusercontent.com/u/22447619?v=4,,Consumption,Mobility and Transportation,,,,https://environment.leeds.ac.uk/transport
Open Climate Data,openclimatedata,,"Potsdam, Germany",,2,,29,https://github.com/openclimatedata,"https://github.com/openclimatedata/global-carbon-budget, https://github.com/openclimatedata/pyhector",2022-11-12T13:31:42.810Z,2026-10-02T02:56:23.236Z,https://avatars.githubusercontent.com/u/20420557?v=4,,"Emissions, Climate Change","Emission Observation and Modeling, Earth and Climate Modeling",Germany,community,,https://openclimatedata.net
Laboratory of Tree-Ring Research,ltrr-arizona-edu,,"The University of Arizona, Tucson AZ 85721, USA",,1,,32,https://github.com/ltrr-arizona-edu,https://github.com/ltrr-arizona-edu/burnr,2022-11-04T01:30:11.681Z,2026-10-03T04:54:37.203Z,https://avatars.githubusercontent.com/u/5680763?v=4,,Biosphere,Wildfire,USA,academia,,http://ltrr.arizona.edu/
IPESE,IPESE,,,,1,,0,https://github.com/IPESE,https://github.com/ipese/reho,2023-09-07T11:52:23.248Z,2026-10-06T22:54:47.881Z,https://avatars.githubusercontent.com/u/150812261?v=4,,Energy Systems,Renewable Energy Integration,,,,
GridTools,GridTools,,,,1,,16,https://github.com/GridTools,https://github.com/GridTools/gt4py,2022-11-06T04:55:52.106Z,2026-10-06T19:41:12.621Z,https://avatars.githubusercontent.com/u/18595324?v=4,,Climate Change,Climate Data Processing and Analysis,Switzerland,academia,,http://gridtools.github.io
California Forest Observatory,forestobservatory,"Every tree, mapped",California,admin@forestobservatory.com,1,forestobs,3,https://github.com/forestobservatory,https://github.com/forestobservatory/cfo-api,2026-09-25T17:52:23.273Z,2026-10-03T01:29:46.230Z,https://avatars.githubusercontent.com/u/64549705?v=4,,Biosphere,Forest Observation and Management,,,,http://forestobservatory.com
A/B Street,a-b-street,"Transportation planning software for creating cities friendlier to walking, biking, and public transit",United Kingdom,dabreegster@gmail.com,1,CarlinoDustin,20,https://github.com/a-b-street,https://github.com/a-b-street/abstreet,2022-11-14T06:49:17.584Z,2026-10-03T04:47:27.460Z,https://avatars.githubusercontent.com/u/78323823?v=4,,Consumption,Mobility and Transportation,USA,community,,http://abstreet.uk
ECMWF projects,ecmwf-projects,Projects of ECMWF for working with weather and climate data,United Kingdom,,3,,30,https://github.com/ecmwf-projects,"https://github.com/ecmwf-projects/ibicus, https://ecmwf-projects.github.io/copernicus-training-cams/, https://ecmwf-projects.github.io/copernicus-training-cams",2022-11-14T05:07:05.318Z,2026-10-03T01:31:50.738Z,https://avatars.githubusercontent.com/u/75486320?v=4,,"Climate Change, Sustainable Development, Sustainable Development","Climate Data Processing and Analysis, Education, Education",UK,government agency,,http://www.ecmwf.int
IDEMS International,IDEMSInternational,,,contact@idems.international,1,,123,https://github.com/IDEMSInternational,https://github.com/IDEMSInternational/carbonr,2022-11-14T09:30:40.693Z,2026-10-06T22:55:15.977Z,https://avatars.githubusercontent.com/u/44813009?v=4,,Emissions,Carbon Intensity and Accounting,USA,non-profit,,https://www.idems.international/
pysheds,pysheds,,,,1,,1,https://github.com/pysheds,https://github.com/pysheds/pysheds,2026-03-06T05:37:33.881Z,2026-10-01T21:35:46.801Z,https://avatars.githubusercontent.com/u/218899350?v=4,,Natural Resources,Water Supply and Quality,,,,
Clay Foundation,Clay-foundation,Make with Clay,,bruno@clay.foundation,1,,1,https://github.com/Clay-foundation,https://github.com/clay-foundation/model,2023-10-27T17:29:24.274Z,2026-10-06T21:39:15.029Z,https://avatars.githubusercontent.com/u/141743919?v=4,,Sustainable Development,Data Catalogs and Interfaces,Global,community,,https://clay-foundation.github.io/model/
simplemap.io (former Rentadrone.cl),RentadroneCL,Mapping Processing and Asset Management for Renewable Enegies and Agriculture sectors,"Santiago, Chile",contacto@simplemap.io,1,,6,https://github.com/RentadroneCL,https://github.com/RentadroneCL/Photovoltaic_Fault_Detector,2022-11-15T08:37:35.675Z,2026-10-06T23:05:07.463Z,https://avatars.githubusercontent.com/u/32961692?v=4,,Renewable Energy,Photovoltaics and Solar Energy,Chile,community,,https://simplemap.io
ESIP,ESIPFed,Earth Science Information Partners (ESIP),United States,lab@esipfed.org,3,,59,https://github.com/ESIPFed,"https://github.com/ESIPFed/sweet, https://github.com/esipfed/awesome-earth-artificial-intelligence, https://github.com/ESIPFed/LakePy",2022-11-03T08:01:39.433Z,2026-10-06T23:34:09.790Z,https://avatars.githubusercontent.com/u/3588047?v=4,,"Sustainable Development, Sustainable Development, Hydrosphere","Knowledge Platforms, Curated Lists, Freshwater and Hydrology",USA,collaboration,,http://esipfed.org
kitzeslab,kitzeslab,,,,1,,16,https://github.com/kitzeslab,https://github.com/kitzeslab/opensoundscape,2022-11-18T07:29:18.369Z,2026-10-02T22:17:30.809Z,https://avatars.githubusercontent.com/u/47861642?v=4,,Biosphere,Bioacoustics and Acoustic Data Analysis,USA,academia,,http://kitzeslab.org
sdmTMB,sdmTMB,sdmTMB R package,,,1,,1,https://github.com/sdmTMB,https://github.com/sdmTMB/sdmTMB,2025-11-21T23:02:51.308Z,2026-10-06T05:56:23.585Z,https://avatars.githubusercontent.com/u/245077094?v=4,,Biosphere,Species Distribution Modeling,,,,
NASA-Openscapes,NASA-Openscapes,,,,1,,20,https://github.com/NASA-Openscapes,https://nasa-openscapes.github.io/earthdata-cloud-cookbook/,2022-11-16T01:37:11.275Z,2026-10-06T22:29:52.356Z,https://avatars.githubusercontent.com/u/82614380?v=4,,Sustainable Development,Education,USA,government agency,,http://nasa-openscapes.github.io
ECMWF Code for Earth,ECMWFCode4Earth,ECMWF Code for Earth is a collaborative programme where each summer several developer teams work on innovative earth sciences-related software.,Online,,5,ECMWFCode4Earth,37,https://github.com/ECMWFCode4Earth,"https://github.com/ECMWFCode4Earth/TropiDash, https://github.com/ECMWFCode4Earth/sketchbook-earth, https://github.com/ecmwfcode4earth/ml_drought, https://github.com/ECMWFCode4Earth/wildfire-forecasting, https://github.com/ECMWFCode4Earth/DeepR",2022-11-13T15:01:28.778Z,2026-10-06T23:05:06.773Z,https://avatars.githubusercontent.com/u/44897980?v=4,,"Climate Change, Sustainable Development, Natural Resources, Biosphere, Climate Change","Natural Hazard and Storms, Education, Soil and Land, Wildfire, Climate Downscaling",Global,government agency,,https://codeforearth.ecmwf.int
'GENIE' family of Earth system models,genie-model,,United States of America,andy@seao2.org,1,,15,https://github.com/genie-model,https://github.com/genie-model/cgenie,2022-11-11T12:44:42.113Z,2026-10-03T04:54:42.411Z,https://avatars.githubusercontent.com/u/11318435?v=4,,Climate Change,Earth and Climate Modeling,,,,
Bolding & Bruggeman ApS,BoldingBruggeman,,,,1,,15,https://github.com/BoldingBruggeman,https://github.com/boldingbruggeman/getm-rewrite,2022-11-11T13:16:57.078Z,2026-10-06T22:29:56.261Z,https://avatars.githubusercontent.com/u/11145431?v=4,,Hydrosphere,Coastal and Reefs,Italy,for-profit,,http://www.bolding-bruggeman.com
Google,google,Google ❤️ Open Source,United States of America,opensource@google.com,4,GoogleOSS,2890,https://github.com/google,"https://github.com/google/cameratrapai, https://github.com/google/ground-android, https://github.com/google/travel-impact-model, https://github.com/google/weather-tools",2022-11-02T16:20:58.973Z,2026-10-05T08:08:52.185Z,https://avatars.githubusercontent.com/u/1342004?v=4,,"Biosphere, Biosphere, Emissions, Climate Change","Terrestrial Wildlife, Conservation and Restoration, Carbon Intensity and Accounting, Climate Data Processing and Analysis",USA,for-profit,,https://opensource.google/
Eco Hacker Farm,Ecohackerfarm,Sustainable living using appropriate technology and permaculture principles.,"Heiligengrabe, Brandenburg, Germany",life@ecohackerfarm.org,1,,7,https://github.com/Ecohackerfarm,https://github.com/Ecohackerfarm/powerplant,2022-11-10T00:54:56.370Z,2026-10-06T23:05:08.231Z,https://avatars.githubusercontent.com/u/29238614?v=4,,Consumption,Agriculture and Nutrition,Germany,community,,https://wiki.ecohackerfarm.org
Sentinel Hub,sentinel-hub,Sentinel Hub services by Sinergise Solutions d.o.o.,,info@sentinel-hub.com,2,sentinel_hub,40,https://github.com/sentinel-hub,"https://github.com/sentinel-hub/sentinelhub-py, https://github.com/sentinel-hub/custom-scripts",2022-11-09T17:30:34.890Z,2026-10-02T22:17:20.377Z,https://avatars.githubusercontent.com/u/31830596?v=4,,"Sustainable Development, Sustainable Development","Environmental Satellites, Data Catalogs and Interfaces",Slovenia,for-profit,,https://www.sentinel-hub.com
Freva,freva-org,Freva – The Free Evaluation System Framework,Germany,freva@dkrz.de,1,,33,https://github.com/freva-org,https://github.com/freva-org/freva-legacy,2025-06-26T12:31:54.839Z,2026-10-04T11:44:17.616Z,https://avatars.githubusercontent.com/u/218064798?v=4,,Climate Change,Climate Data Processing and Analysis,Germany,government agency,,http://freva-org.github.io
NOAA Air Resources Laboratory,noaa-oar-arl,ARL conducts research to improve the ability of the Nation to protect human and ecosystem health and to support a vibrant economy.,United States of America,,1,,61,https://github.com/noaa-oar-arl,https://github.com/noaa-oar-arl/monet,2022-11-11T02:02:09.668Z,2026-10-02T22:38:08.987Z,https://avatars.githubusercontent.com/u/20908226?v=4,,Atmosphere,Atmospheric Chemistry and Aerosol,USA,government agency,,https://www.arl.noaa.gov
UMEP-dev,UMEP-dev,,,,2,,5,https://github.com/UMEP-dev,"https://github.com/umep-dev/umep, https://github.com/UMEP-dev/SUEWS",2022-11-16T18:53:57.609Z,2026-10-07T16:39:56.616Z,https://avatars.githubusercontent.com/u/62675320?v=4,,"Consumption, Climate Change","Buildings and Heating, Earth and Climate Modeling",Global,community,,https://umep-docs.readthedocs.io/en/latest/
FairScope,fairscope,Disruptive flow-through microscopy,,hi@fairscope.com,1,,3,https://github.com/fairscope,https://github.com/fairscope/planktoscope,2026-03-09T20:38:41.208Z,2026-10-03T08:47:07.743Z,https://avatars.githubusercontent.com/u/203827607?v=4,,Biosphere,Marine Life and Fishery,,,,https://www.fairscope.com/
International-Soil-Radiocarbon-Database,International-Soil-Radiocarbon-Database,,,,1,,2,https://github.com/International-Soil-Radiocarbon-Database,https://github.com/International-Soil-Radiocarbon-Database/ISRaD,2022-11-17T14:49:22.217Z,2026-10-06T23:05:09.328Z,https://avatars.githubusercontent.com/u/39625083?v=4,,Natural Resources,Soil and Land,USA,academia,,https://soilradiocarbon.org/
Etive Mòr,Etive-Mor,"Sustainability data services, Umbraco & dotnet software development",United Kingdom,,2,,1,https://github.com/Etive-Mor,"https://github.com/etive-mor/py-open-imo-cii-calculator, https://github.com/etive-mor/open-imo-cii-calculator",2024-03-01T15:33:46.816Z,2026-10-06T23:34:11.182Z,https://avatars.githubusercontent.com/u/161591578?v=4,,"Emissions, Emissions","Carbon Intensity and Accounting, Carbon Intensity and Accounting",UK,for-profit,,https://www.etive-mor.com/
pestpp,pestpp,,,,1,,8,https://github.com/pestpp,https://github.com/pestpp/pestpp,2023-02-21T05:21:42.541Z,2026-10-03T08:47:08.674Z,https://avatars.githubusercontent.com/u/70729312?v=4,,Natural Resources,Water Supply and Quality,,,,
LinkedEarth,LinkedEarth,,"Los Angeles, CA",linkedearth@gmail.com,1,Linked_Earth,34,https://github.com/LinkedEarth,https://github.com/LinkedEarth/Pyleoclim_util,2022-11-05T13:02:18.951Z,2026-10-06T22:29:54.070Z,https://avatars.githubusercontent.com/u/17730148?v=4,,Climate Change,Climate Data Processing and Analysis,USA,community,,http://linked.earth
Bureau of Reclamation,DOI-BOR,Bureau of Reclamation DOI GitHub,United States of America,dloney@usbr.gov,1,,1,https://github.com/DOI-BOR,https://github.com/doi-bor/pyforecast,2024-02-07T00:32:47.742Z,2026-10-06T07:27:53.671Z,https://avatars.githubusercontent.com/u/102251442?v=4,,Natural Resources,Water Supply and Quality,USA,government agency,,https://www.usbr.gov/
International Quality-controlled Ocean Database,IQuOD,,,,1,,8,https://github.com/IQuOD,https://github.com/IQuOD/AutoQC,2022-11-08T21:27:10.160Z,2026-10-06T22:29:57.681Z,https://avatars.githubusercontent.com/u/8112559?v=4,,Hydrosphere,Ocean Carbon and Temperature,Global,collaboration,,https://www.iquod.org/
KTH division of Energy Systems,KTH-dESA,,Sweden,,1,,59,https://github.com/KTH-dESA,https://github.com/kth-desa/osembe_ecemf,2022-11-16T19:38:09.507Z,2026-10-06T22:29:57.839Z,https://avatars.githubusercontent.com/u/21357208?v=4,,Energy Systems,Global and Regional Energy System Models,Sweden,academia,,https://www.energy.kth.se/research/energy-systems
SWAT: Soil & Water Assessment Tool,swat-model,,United States of America,,1,,16,https://github.com/swat-model,https://github.com/swat-model/swatplus,2023-07-31T18:56:21.030Z,2026-10-03T03:51:44.967Z,https://avatars.githubusercontent.com/u/141062884?v=4,,Hydrosphere,Freshwater and Hydrology,,,,https://swat.tamu.edu/
Greenpill Dev Guild,greenpill-dev-guild,We're a collective of regen developers building tools for Greenpill chapters and regen communities.,,contact@greenpill.builders,1,greenpilldevs,25,https://github.com/greenpill-dev-guild,https://github.com/greenpill-dev-guild/green-goods,2023-12-12T20:11:27.023Z,2026-10-02T06:29:44.698Z,https://avatars.githubusercontent.com/u/148837355?v=4,"'https://github.com/sponsors/greenpill-dev-guild', {'url': 'https://explorer.gitcoin.co/#/projects/0x4f354435756ee1c1ea18402a559874cd2bb918ad795b7e361e1257425e57a7de', 'label': 'Gitcoin'}, {'url': 'https://giveth.io/project/greenpill-dev-guild', 'label': 'Giveth'}",Biosphere,Biodiversity Citizen Science,Global,community,,https://greenpill.network/guilds/dev-guild
WeatherLayers,weatherlayers,Weather Visualization as a Service,"Prague, Czech Republic",info@weatherlayers.com,1,WeatherLayers,6,https://github.com/weatherlayers,https://github.com/weatherlayers/weatherlayers-gl,2023-03-31T11:27:09.400Z,2026-10-03T01:32:35.201Z,https://avatars.githubusercontent.com/u/82749173?v=4,'https://github.com/sponsors/weatherlayers',Atmosphere,Meteorological Observation and Forecast,Czech Republic,for-profit,,https://weatherlayers.com
Public Health and Environmental Surveillance Open Data Model (PHES-ODM),PHES-ODM,The PHES-ODM is an open science project of data standards & structures -and tools to support their use- for environmental surveillance of public health threats.,Canada,odm-info@phes-odm.org,1,,1,https://github.com/PHES-ODM,https://github.com/phes-odm/phes-odm,2025-06-30T21:38:32.207Z,2026-10-06T07:27:56.723Z,https://avatars.githubusercontent.com/u/218308183?v=4,,Natural Resources,Water Supply and Quality,,,,https://www.phes-odm.org
LIFE RIPARIAS,riparias,Reaching Integrated and Prompt Action in Response to Invasive Alien Species,Belgium,,1,liferiparias,18,https://github.com/riparias,https://github.com/riparias/gbif-alert,2022-11-14T08:00:21.082Z,2026-10-03T01:32:39.412Z,https://avatars.githubusercontent.com/u/85938012?v=4,,Biosphere,Terrestrial Wildlife,Belgium,government agency,,https://riparias.be
C2SM-RCM,C2SM-RCM,This organization is dormant and only serves as archive,,,1,,6,https://github.com/C2SM-RCM,https://github.com/c2sm-rcm/emiproc,2022-11-10T18:22:29.918Z,2026-10-06T19:36:01.642Z,https://avatars.githubusercontent.com/u/13691276?v=4,,Emissions,Emission Observation and Modeling,Switzerland,academia,,http://c2sm.ethz.ch
Saints Lab ,saintslab,"Team of researchers at the Machine Learning Section, University of Copenhagen, working on Sustainable Artificial INTelligence for Sciences. Led by @raghavian. ",Denmark,,1,,20,https://github.com/saintslab,https://github.com/saintslab/carbontracker,2023-09-21T09:55:04.793Z,2026-10-01T17:55:39.383Z,https://avatars.githubusercontent.com/u/111062370?v=4,,Consumption,Computation and Communication,,,,
Paderborn University - LEA,upb-lea,Department of power electronics and electrical drives,"Paderborn, Germany",,3,,43,https://github.com/upb-lea,"https://github.com/upb-lea/gym-electric-motor, https://github.com/upb-lea/openmodelica-microgrid-gym, https://github.com/upb-lea/ElectricGrid.jl",2022-11-15T04:32:46.282Z,2026-10-03T01:29:21.484Z,https://avatars.githubusercontent.com/u/55782224?v=4,,"Consumption, Energy Systems, Energy Systems","Mobility and Transportation, Grid Management and Microgrid, Grid Analysis and Planning",Germany,academia,,https://ei.uni-paderborn.de/en/lea/
openradar,openradar,Unwritten understanding all code addition to be done by PR and everything to be collaborative. No unexpected actions.,,,2,,36,https://github.com/openradar,"https://github.com/openradar/xradar, https://github.com/openradar/pydda",2022-11-09T12:50:24.361Z,2026-10-02T05:45:23.485Z,https://avatars.githubusercontent.com/u/8717403?v=4,,"Atmosphere, Atmosphere","Meteorological Observation and Forecast, Meteorological Observation and Forecast",,,,https://openradarscience.org/
MODFLOW and Related Programs,MODFLOW-ORG,Organization for MODFLOW development,,modflow@usgs.gov,1,,20,https://github.com/MODFLOW-ORG,https://github.com/modflow-org/modflow6,2022-11-04T19:04:27.514Z,2026-10-06T06:40:41.147Z,https://avatars.githubusercontent.com/u/34482102?v=4,,Natural Resources,Water Supply and Quality,USA,government agency,,https://www.usgs.gov/mission-areas/water-resources/science/modflow-and-related-programs
PowSyBl,powsybl,Power System Blocks,,,4,,52,https://github.com/powsybl,"https://github.com/powsybl/powsybl-tutorials, https://github.com/powsybl/powsybl-core, https://github.com/powsybl/powsybl-open-loadflow, https://github.com/powsybl/pypowsybl",2022-11-13T04:31:31.062Z,2026-10-01T22:46:48.805Z,https://avatars.githubusercontent.com/u/29916668?v=4,,"Sustainable Development, Energy Systems, Energy Systems, Energy Systems","Education, Energy System Modeling Frameworks, Energy System Modeling Frameworks, Energy System Modeling Frameworks",Global,collaboration,,https://www.powsybl.org
GreenDelta,GreenDelta,,,,3,,52,https://github.com/GreenDelta,"https://github.com/GreenDelta/openlca-python-examples, https://github.com/greendelta/olca-modules, https://github.com/GreenDelta/olca-app",2022-11-05T03:34:09.281Z,2026-10-06T23:05:20.928Z,https://avatars.githubusercontent.com/u/3889246?v=4,,"Sustainable Development, Industrial Ecology, Industrial Ecology","Education, Life Cycle Assessment, Life Cycle Assessment",Germany,for-profit,,https://www.greendelta.com/
rOpenGov,rOpenGov,Open government data analytics with R,Finland,,3,ropengov,60,https://github.com/rOpenGov,"https://github.com/rOpenGov/giscoR, https://github.com/ropengov/eurostat, https://github.com/rOpenGov/iotables",2022-11-03T06:53:38.187Z,2026-10-07T21:06:37.165Z,https://avatars.githubusercontent.com/u/5463092?v=4,,"Sustainable Development, Sustainable Development, Industrial Ecology","Data Catalogs and Interfaces, Data Catalogs and Interfaces, Input Output Model",Global,community,,http://ropengov.org
InaSAFE,inasafe,"InaSAFE is free software that produces realistic natural hazard impact scenarios for better planning, preparedness and response activities ",,info@inasafe.org,1,,28,https://github.com/inasafe,https://github.com/inasafe/inasafe,2022-11-03T07:48:16.931Z,2026-10-02T22:17:27.012Z,https://avatars.githubusercontent.com/u/1843347?v=4,,Climate Change,Natural Hazard and Storms,Global,collaboration,,http://inasafe.org
MOHID Water Modelling System,Mohid-Water-Modelling-System,"MOHID is an open-source water modelling system developed by MARETEC (Instituto Superior Técnico, Univ. de Lisboa), in partnership with an active user community.","Lisbon, Portugal",general@mohid.com,2,,3,https://github.com/Mohid-Water-Modelling-System,"https://github.com/Mohid-Water-Modelling-System/MOHID-Lagrangian, https://github.com/Mohid-Water-Modelling-System/Mohid",2023-10-20T15:19:38.728Z,2026-10-06T19:41:08.160Z,https://avatars.githubusercontent.com/u/15635544?v=4,,"Hydrosphere, Hydrosphere","Ocean Models, Ocean Models",Portugal,academia,,https://www.mohid.com/
ECCO Hackweek,ECCO-Hackweek,,United States of America,eccohackweek@gmail.com,1,,1,https://github.com/ECCO-Hackweek,https://github.com/ecco-hackweek/ecco-2024,2024-09-10T01:19:34.576Z,2026-10-06T21:39:03.961Z,https://avatars.githubusercontent.com/u/34173048?v=4,,Sustainable Development,Education,USA,community,,http://ecco-group.org
CRITICAL Infrastructure Systems Lab,Critical-Infrastructure-Systems-Lab," Connecting climate, water, and energy",United States of America,galelli@cornell.edu,2,GalelliStefano,1,https://github.com/Critical-Infrastructure-Systems-Lab,"https://github.com/Critical-Infrastructure-Systems-Lab/DHALSIM, https://github.com/Critical-Infrastructure-Systems-Lab/PowNet",2023-05-19T09:30:00.093Z,2026-10-06T22:30:14.020Z,https://avatars.githubusercontent.com/u/133989297?v=4,,"Hydrosphere, Energy Systems","Freshwater and Hydrology, Energy System Modeling Frameworks",USA,academia,,https://galelli.cee.cornell.edu
Open Sustainability Index,Open-Sustainability-Index,"Open, accessible, transparent, actionable sustainability data.",Sweden,team@opensustainabilityindex.org,1,,1,https://github.com/Open-Sustainability-Index,https://github.com/open-sustainability-index/open-sustainability-index-backend,2024-05-03T17:18:38.878Z,2026-10-06T22:42:13.833Z,https://avatars.githubusercontent.com/u/168263944?v=4,,Emissions,Carbon Intensity and Accounting,Sweden,non-profit,,https://www.opensustainabilityindex.org/
Green Software Foundation,Green-Software-Foundation,"The Green Software Foundation is a non-profit with the mission to create a trusted ecosystem of people, standards, tooling and best practices for green software",,,4,gsfcommunity,22,https://github.com/Green-Software-Foundation,"https://github.com/Green-Software-Foundation/awesome-green-software, https://github.com/Green-Software-Foundation/if, https://github.com/Green-Software-Foundation/sci, https://github.com/Green-Software-Foundation/carbon-aware-sdk",2022-11-14T06:25:51.088Z,2026-10-07T16:56:46.884Z,https://avatars.githubusercontent.com/u/84547728?v=4,,"Sustainable Development, Consumption, Consumption, Consumption","Curated Lists, Computation and Communication, Computation and Communication, Computation and Communication",USA,non-profit,,https://greensoftware.foundation
EnMAP,EnMAP,The Environmental Mapping and Analysis Program (EnMAP) is a German hyperspectral satellite mission that aims at monitoring and characterising the Earth’s environment on a global scale. See http://www.enmap.org/ for more information.,,,1,,1,https://git.gfz-potsdam.de/EnMAP,https://git.gfz-potsdam.de/EnMAP/GFZ_Tools_EnMAP_BOX/EnPT,2024-07-19T03:59:16.690Z,2026-10-06T22:42:11.033Z,https://git.gfz-potsdam.de/uploads/-/system/group/avatar/182/logo_enmap_3.jpg?v=1777290902,,Sustainable Development,Environmental Satellites,Germany,government agency,2025-10-25,https://www.enmap.org/
Ocean Health Index - Science,OHI-Science,Open science with the Ocean Health Index,"Santa Barbara, CA",,1,,117,https://github.com/OHI-Science,https://github.com/OHI-Science/ohi-global,2022-11-06T06:40:34.777Z,2026-10-06T19:36:02.552Z,https://avatars.githubusercontent.com/u/5827205?v=4,,Hydrosphere,Ocean Carbon and Temperature,USA,collaboration,,http://ohi-science.org/
geocompx,geocompx,The geocompx project is a community-driven effort to provide resources for learning and teaching about geocomputation in multiple programming languages.,,,2,,18,https://github.com/geocompx,"https://github.com/geocompx/geocompy, https://github.com/geocompx/geocompr",2023-02-28T01:31:22.933Z,2026-10-03T01:32:35.975Z,https://avatars.githubusercontent.com/u/108929306?v=4,'https://github.com/sponsors/geocompx',"Sustainable Development, Sustainable Development","Education, Education",Global,community,,https://geocompx.org/
GroMoPo,Gromopo,,Australia,,1,,2,https://github.com/Gromopo,https://github.com/gromopo/gromopo,2022-11-16T14:48:00.573Z,2026-10-06T22:30:16.124Z,https://avatars.githubusercontent.com/u/93426876?v=4,,Hydrosphere,Ocean and Hydrology Data Access,Australia,community,2025-10-25,
WikiWatershed,WikiWatershed,"A web toolkit to support citizens, scientists, conservation decision-makers and students to collaboratively advance knowledge and stewardship of fresh water",,,1,,12,https://github.com/WikiWatershed,https://github.com/WikiWatershed/model-my-watershed,2022-11-03T07:07:31.979Z,2026-10-06T19:36:05.265Z,https://avatars.githubusercontent.com/u/8520008?v=4,,Natural Resources,Water Supply and Quality,USA,for-profit,,http://wikiwatershed.org
CryoTools,cryotools,"Scientific software tools to investigate the cryosphere - community driven, free, open source",,,2,CryoTools,14,https://github.com/cryotools,"https://github.com/cryotools/matilda, https://github.com/cryotools/cosipy",2022-11-11T05:39:06.794Z,2026-10-03T01:29:47.399Z,https://avatars.githubusercontent.com/u/33029607?v=4,,"Natural Resources, Cryosphere","Water Supply and Quality, Glacier and Ice Sheets",Global,community,,https://cryo-tools.org
S[&]T,stcorp,,The Netherlands,,1,,62,https://github.com/stcorp,https://github.com/stcorp/harp,2022-11-14T09:54:23.406Z,2026-10-03T03:56:24.092Z,https://avatars.githubusercontent.com/u/13534981?v=4,,Sustainable Development,Environmental Satellites,Netherlands,for-profit,,http://stcorp.nl/
Smart Data Models,smart-data-models,"A program led by FIWARE, IUDX, TM Forum, OASC and others to curate  open licensed data models",,info@smartdatamodels.org,1,smartdatamodels,105,https://github.com/smart-data-models,https://github.com/smart-data-models/dataModel.Environment,2022-11-14T06:48:17.889Z,2026-10-03T03:51:59.171Z,https://avatars.githubusercontent.com/u/44724489?v=4,,Sustainable Development,Data Catalogs and Interfaces,Global,collaboration,,https://smartdatamodels.org
pbs-assess,pbs-assess,,,,1,,75,https://github.com/pbs-assess,https://github.com/pbs-assess/pacea,2022-11-13T02:25:02.510Z,2026-10-02T22:17:25.552Z,https://avatars.githubusercontent.com/u/37125935?v=4,,Biosphere,Marine Life and Fishery,Canada,community,,
UMR AMAP,umr-amap,Botanique et modélisation de l'architecture des plantes et des végétations,"Montpellier, France",amap-dev@cirad.fr,3,UmrAmap,23,https://github.com/umr-amap,"https://github.com/umr-amap/BIOMASS, https://github.com/umr-amap/cafriplotsr, https://github.com/umr-amap/StormR",2023-02-26T23:06:25.652Z,2026-10-03T01:30:03.962Z,https://avatars.githubusercontent.com/u/66062028?v=4,,"Biosphere, Biosphere, Climate Change","Biomass, Biodiversity Data Access and Management, Natural Hazard and Storms",France,academia,,http://amap.cirad.fr
FINPLAN-Model,FINPLAN-Model,,,,1,,1,https://github.com/FINPLAN-Model,https://github.com/finplan-model/finplan-ui,2025-02-10T18:35:28.136Z,2026-10-06T22:30:13.376Z,https://avatars.githubusercontent.com/u/196051995?v=4,,Sustainable Development,Sustainable Investment,USA,government agency,,
International Business Machines,IBM,Open Source @ IBM,United States of America,awesome@ibm.com,1,ibmdeveloper,3152,https://github.com/IBM,https://github.com/IBM/rl-testbed-for-energyplus,2022-11-02T16:24:44.968Z,2026-10-07T20:35:18.827Z,https://avatars.githubusercontent.com/u/1459110?v=4,,Energy Systems,Energy System Modeling Frameworks,USA,for-profit,,https://www.ibm.com/opensource/
LBNL/UCB - Sustainable Transportation Initiative,LBNL-UCB-STI,Open source software related to research at the Sustainable Transportation Initiative at Lawrence Berkeley National Lab and UC Berkeley ITS,"Berkeley, CA",,1,,42,https://github.com/LBNL-UCB-STI,https://github.com/LBNL-UCB-STI/beam,2022-11-09T02:45:27.748Z,2024-04-14T19:52:16.660Z,https://avatars.githubusercontent.com/u/26527414?v=4,,Consumption,Mobility and Transportation,USA,government agency,,https://transportation.lbl.gov/
GEOdels,Geodels,Global Scale Models of Earth Surface Evolution,School of Geosciences - University of Sydney,tristan.salles@sydney.edu.au,1,,6,https://github.com/Geodels,https://github.com/geodels/gospl,2022-11-13T11:05:00.302Z,2026-10-06T23:15:14.517Z,https://avatars.githubusercontent.com/u/42806984?v=4,,Climate Change,Earth and Climate Modeling,Australia,academia,,http://www.earthcolab.org
Los Angeles Times Data and Graphics Department,datadesk,"Reporting, editing, computer programming",Southern California,datagraphics@caltimes.com,1,datagraphics,218,https://github.com/datadesk,https://github.com/datadesk/nasa-wildfires,2022-11-02T18:03:15.994Z,2026-10-03T01:32:37.870Z,https://avatars.githubusercontent.com/u/320671?v=4,,Biosphere,Wildfire,USA,for-profit,,https://www.latimes.com
OPERA-Cal-Val,OPERA-Cal-Val,,,,1,,30,https://github.com/OPERA-Cal-Val,https://github.com/opera-cal-val/opera_applications,2022-11-17T05:33:24.974Z,2026-10-06T22:42:14.341Z,https://avatars.githubusercontent.com/u/96212305?v=4,,Hydrosphere,Ocean and Hydrology Data Access,USA,government agency,,https://www.jpl.nasa.gov/go/opera/products/
Open Methane,openmethane,,,,1,,10,https://github.com/openmethane,https://github.com/openmethane/openmethane-prior,2023-09-17T12:29:34.942Z,2026-10-03T02:35:44.005Z,https://avatars.githubusercontent.com/u/141882153?v=4,,Emissions,Emission Observation and Modeling,Australia,for-profit,,https://openmethane.org
UCL and NERC NCEO,UCL-EO,UCL and NERC NCEO,UCL and NERC NCEO,p.lewis@ucl.ac.uk,1,prof_plewis,30,https://github.com/UCL-EO,https://github.com/UCL-EO/geog0113,2022-11-15T16:38:52.631Z,2026-10-06T21:38:59.389Z,https://avatars.githubusercontent.com/u/14148542?v=4,,Sustainable Development,Education,UK,academia,,http://www2.geog.ucl.ac.uk/~plewis/
Imageomics Institute,Imageomics,,United States of America,,3,imageomics,4,https://github.com/Imageomics,"https://github.com/imageomics/pybioclip, https://github.com/imageomics/bioclip, https://github.com/imageomics/taxonopy",2023-03-05T05:05:36.575Z,2026-10-06T23:15:02.308Z,https://avatars.githubusercontent.com/u/77468321?v=4,,"Biosphere, Biosphere, Biosphere","Biodiversity Data Access and Management, Biodiversity Data Access and Management, Biodiversity Analysis and Metrics",USA,academia,,https://imageomics.org
HarvestStat,HarvestStat,,,,1,,1,https://github.com/HarvestStat,https://github.com/harveststat/harveststat-africa,2024-05-02T10:26:42.515Z,2026-10-06T23:05:13.227Z,https://avatars.githubusercontent.com/u/162624302?v=4,,Consumption,Agriculture and Nutrition,,,,
Salmon Watersheds Program,salmonwatersheds,"A science program within the Pacific Salmon Salmon Foundation, working to democratize data on salmon populations and their habitats",Canada,info@salmonwatersheds.ca,1,,28,https://github.com/salmonwatersheds,https://github.com/salmonwatersheds/tech-report,2023-02-21T17:03:16.465Z,2026-10-03T04:54:47.863Z,https://avatars.githubusercontent.com/u/97563124?v=4,,Biosphere,Marine Life and Fishery,Canada,government agency,,https://salmonwatersheds.ca/
Estimating the Circulation and Climate of the Ocean (ECCO),ECCO-GROUP,,United States of America,,2,,8,https://github.com/ECCO-GROUP,"https://github.com/ECCO-GROUP/ECCO-v4-Python-Tutorial, https://github.com/ECCO-GROUP/ECCOv4-py",2022-11-11T23:05:58.458Z,2026-10-06T21:39:00.500Z,https://avatars.githubusercontent.com/u/34173086?v=4,,"Sustainable Development, Cryosphere","Education, Glacier and Ice Sheets",Global,community,,http://www.ecco-group.org
iNaturalist,inaturalist,iNaturalist is a global online social network of naturalists. This is our code.,"Bay Area, California",,2,,61,https://github.com/inaturalist,"https://github.com/inaturalist/inaturalist, https://github.com/inaturalist/iNaturalistReactNative",2022-11-02T19:04:00.514Z,2026-10-01T22:46:41.282Z,https://avatars.githubusercontent.com/u/62292?v=4,,"Biosphere, Biosphere","Biodiversity Citizen Science, Biodiversity Citizen Science",USA,collaboration,,http://www.inaturalist.org
NASA-DEVELOP,NASA-DEVELOP,,NASA Langley Research Center,,1,,6,https://github.com/NASA-DEVELOP,https://github.com/NASA-DEVELOP/DRIP-SLIP,2022-11-11T16:39:47.100Z,2026-10-06T23:05:21.406Z,https://avatars.githubusercontent.com/u/13221515?v=4,,Natural Resources,Soil and Land,USA,government agency,,https://appliedsciences.nasa.gov/nasadevelop
Meteorological Service of Canada,ECCC-MSC,Meteorological Service of Canada / Service météorologique du Canada,Canada,,2,,12,https://github.com/ECCC-MSC,"https://github.com/eccc-msc/msc-pygeoapi, https://github.com/eccc-msc/msc-animet",2022-11-12T03:46:54.396Z,2026-10-06T23:05:21.649Z,https://avatars.githubusercontent.com/u/18532679?v=4,,"Sustainable Development, Atmosphere","Data Catalogs and Interfaces, Meteorological Observation and Forecast",Canada,government agency,,https://www.canada.ca/en/services/environment/weather.html
MAAP-Project,MAAP-Project,,,,1,,99,https://github.com/MAAP-Project,https://github.com/MAAP-Project/maap-api-nasa,2022-11-15T07:04:52.057Z,2024-04-15T03:25:34.429Z,https://avatars.githubusercontent.com/u/42812645?v=4,,Biosphere,Biomass,Global,government agency,,https://maap-project.org/
Surfrider Foundation Europe,surfriderfoundationeurope,"Surfrider Foundation Europe is a non-profit organisation whose purpose is to protect lakes, rivers, the ocean, waves, and coastlines.","Biarritz, France",,1,,13,https://github.com/surfriderfoundationeurope,https://github.com/surfriderfoundationeurope/The-Plastic-Origins-Project,2022-11-16T08:40:43.298Z,2026-10-03T04:54:53.908Z,https://avatars.githubusercontent.com/u/51789219?v=4,,Industrial Ecology,Circular Economy and Waste,France,non-profit,,https://surfrider.eu/
GAMS Development Corp.,GAMS-dev,General Algebraic Modeling System,,support@gams.com,1,,7,https://github.com/GAMS-dev,https://github.com/gams-dev/times_miro,2022-11-18T05:27:44.011Z,2026-10-06T23:05:25.413Z,https://avatars.githubusercontent.com/u/30145628?v=4,,Energy Systems,Energy System Modeling Frameworks,,,,https://www.gams.com/
capytaine,capytaine,Home of the open-source BEM solver Capytaine and of some associated projects,,,1,,10,https://github.com/capytaine,https://github.com/capytaine/capytaine,2022-11-15T20:25:59.886Z,2026-10-02T02:59:10.911Z,https://avatars.githubusercontent.com/u/110032913?v=4,,Renewable Energy,Hydro Energy,Global,community,,https://capytaine.org/stable/
SolarTherm,SolarTherm,,,,1,,1,https://github.com/SolarTherm,https://github.com/SolarTherm/SolarTherm,2026-09-25T19:27:40.376Z,2026-10-06T22:30:14.961Z,https://avatars.githubusercontent.com/u/15701216?v=4,,Renewable Energy,Photovoltaics and Solar Energy,,,,
CERFACS GLOBC,cerfacs-globc,,"Toulouse, France",,1,,11,https://github.com/cerfacs-globc,https://github.com/cerfacs-globc/icclim,2022-11-06T23:10:05.184Z,2026-10-02T22:17:13.741Z,https://avatars.githubusercontent.com/u/11227557?v=4,,Climate Change,Climate Data Processing and Analysis,France,collaboration,,https://www.cerfacs.fr/
GridOPTICS,GridOPTICS,,,,1,,30,https://github.com/GridOPTICS,https://github.com/gridoptics/gridpack,2022-11-07T07:58:10.717Z,2026-10-06T22:30:16.150Z,https://avatars.githubusercontent.com/u/6787372?v=4,,Energy Systems,Grid Analysis and Planning,USA,non-profit,,https://www.battelle.org/
dl4sits,dl4sits,,,,1,,3,https://github.com/dl4sits,https://github.com/dl4sits/BreizhCrops,2022-11-16T22:34:09.308Z,2026-10-03T02:44:14.740Z,https://avatars.githubusercontent.com/u/58819454?v=4,,Consumption,Agriculture and Nutrition,Global,community,,
Radiant Earth,radiantearth,Increasing shared understanding of our world by making data easier to access and use.,,support@radiant.earth,2,OurRadiantEarth,47,https://github.com/radiantearth,"https://github.com/radiantearth/radiant-mlhub, https://github.com/radiantearth/mlhub-tutorials",2022-11-09T15:48:37.378Z,2026-10-03T01:54:28.941Z,https://avatars.githubusercontent.com/u/25801078?v=4,'https://github.com/sponsors/radiantearth',"Sustainable Development, Sustainable Development","Data Catalogs and Interfaces, Education",USA,non-profit,,https://www.radiant.earth
Imperial College London,ImperialCollegeLondon,Imperial College London main code repository,United Kingdom,,6,,311,https://github.com/ImperialCollegeLondon,"https://github.com/imperialcollegelondon/swmmanywhere, https://github.com/imperialcollegelondon/stratatrapper, https://github.com/imperialcollegelondon/pyprobe, https://github.com/ImperialCollegeLondon/sharpy, https://github.com/ImperialCollegeLondon/wsi, https://github.com/ImperialCollegeLondon/pyrealm",2022-11-03T06:03:26.030Z,2026-10-06T23:34:46.288Z,https://avatars.githubusercontent.com/u/1220306?v=4,,"Natural Resources, Emissions, Energy Storage, Renewable Energy, Natural Resources, Biosphere","Water Supply and Quality, Carbon Capture, Battery, Wind Energy, Water Supply and Quality, Plants and Vegetation",UK,academia,,https://servicemgt.imperial.ac.uk/ask
Pywr-DRB,Pywr-DRB,,,,1,,1,https://github.com/Pywr-DRB,https://github.com/pywr-drb/pywr-drb,2023-04-21T15:09:06.215Z,2026-10-06T22:30:17.403Z,https://avatars.githubusercontent.com/u/129787938?v=4,,Hydrosphere,Freshwater and Hydrology,,,,
Industrial Ecology,IndEcol,Open source software and other material for industrial ecology,Global society of scholars and practitioners of industrial ecology,is4ie@yale.edu,2,,4,https://github.com/IndEcol,"https://github.com/IndEcol/Dashboard, https://github.com/IndEcol/pymrio",2022-11-09T18:17:18.134Z,2026-10-06T23:15:14.515Z,https://avatars.githubusercontent.com/u/13447554?v=4,,"Sustainable Development, Industrial Ecology","Curated Lists, Input Output Model",Global,non-profit,,http://www.is4ie.org
CRiSp,CityRiverSpaces,Tools for urban river space analysis,,,1,,1,https://github.com/CityRiverSpaces,https://github.com/cityriverspaces/rcrisp,2024-03-21T12:36:06.273Z,2026-10-06T19:36:05.772Z,https://avatars.githubusercontent.com/u/162456575?v=4,,Hydrosphere,Ocean and Hydrology Data Access,Global,community,,
CSA Admin,csa-admin-org,Web application to administrate CSA (Community Supported Agriculture),Switzerland,info@csa-admin.org,1,,3,https://github.com/csa-admin-org,https://github.com/csa-admin-org/csa-admin,2024-09-07T09:58:17.683Z,2026-10-03T04:47:31.562Z,https://avatars.githubusercontent.com/u/174861785?v=4,,Consumption,Agriculture and Nutrition,Switzerland,for-profit,,https://csa-admin.org
MathWorks Open Source and Community Projects,mathworks,A diverse selection of MathWorks Open Source projects and resources.,,,2,,554,https://github.com/mathworks,"https://github.com/mathworks/climatedatastore, https://github.com/mathworks/Fuel-Cell-Vehicle-Model-Simscape",2022-11-11T21:18:09.514Z,2026-10-02T05:45:24.566Z,https://avatars.githubusercontent.com/u/8590076?v=4,,"Climate Change, Energy Storage","Climate Data Access and Visualization, Hydrogen",Global,for-profit,,https://mathworks.github.io
Landlab,landlab,a python toolkit for for modeling earth surface processes,,,1,,25,https://github.com/landlab,https://github.com/landlab/landlab,2022-11-08T06:03:24.792Z,2026-10-01T17:51:38.192Z,https://avatars.githubusercontent.com/u/7543483?v=4,,Natural Resources,Soil and Land,USA,academia,,http://landlab.csdms.io
EcologyR,EcologyR,Collaborative development of R packages for ecology,Spain,,1,,2,https://github.com/EcologyR,https://github.com/ecologyr/bluecarbon,2023-03-22T19:20:40.056Z,2026-10-06T23:05:21.611Z,https://avatars.githubusercontent.com/u/121908130?v=4,,Emissions,Emission Observation and Modeling,Spain,academia,,https://ecologyr.github.io/workshop
Spine tools,spine-tools,Open source modelling tools,,info@tools-for-energy-system-modelling.org,2,Mopo_Project,52,https://github.com/spine-tools,"https://github.com/spine-tools/SpineOpt.jl, https://github.com/spine-tools/Spine-Toolbox",2022-11-14T19:19:58.369Z,2026-10-02T22:17:27.127Z,https://avatars.githubusercontent.com/u/42807090?v=4,,"Energy Systems, Energy Systems","Energy System Modeling Frameworks, Energy System Modeling Frameworks",Finland,collaboration,,http://www.tools-for-energy-system-modelling.org
Reflective Earth,ReflectiveEarth,"We're on a mission to slow global warming right now! With innovations small and large, we can reduce global warming by increasing Earth's reflectivity.",Earth,,1,ReflectiveEarth,1,https://github.com/ReflectiveEarth,https://github.com/ReflectiveEarth/reflective-potential,2022-11-15T22:47:57.004Z,2026-10-06T21:57:27.970Z,https://avatars.githubusercontent.com/u/77813879?v=4,,Atmosphere,Radiative Transfer,Global,non-profit,,https://reflectiveearth.org
Tania,usetania,Farm management software for the gardening hobbyists and smallholder farmer.s,Estonia,,1,,7,https://github.com/usetania,https://github.com/usetania/tania-core,2022-11-15T13:20:15.156Z,2026-10-03T04:54:49.260Z,https://avatars.githubusercontent.com/u/22819487?v=4,,Consumption,Agriculture and Nutrition,Global,community,,https://usetania.org
Mississippi Alluvial Plain,map,Mississippi Alluvial Plain groundwater and surface water modeling efforts for decision support.,,,1,,11,https://code.usgs.gov/map,https://code.usgs.gov/map/gw/visGWDBmrva,2024-09-27T15:15:31.094Z,2026-10-02T06:28:18.546Z,https://code.usgs.gov/uploads/-/system/group/avatar/296/MAP_MERAS.gif,,Hydrosphere,Freshwater and Hydrology,USA,government agency,2025-10-25,
Nutriënten Management Instituut,nmi-agro,Nutriënten Management Instituut (NMI) is a knowledge and consultancy agency. NMI translates technical knowledge about soil into practical tools.,Netherlands,nmi@nmi-agro.nl,1,,18,https://github.com/nmi-agro,https://github.com/nmi-agro/Open-Bodem-Index-Calculator,2026-02-06T02:23:15.065Z,2026-10-02T07:48:07.470Z,https://avatars.githubusercontent.com/u/259019948?v=4,,Consumption,Agriculture and Nutrition,,,,https://www.nmi-agro.nl/
Meteorological Research Informatics Services,ECCC-ASTD-MRD,,Canada,service.rpn@ec.gc.ca,1,,6,https://github.com/ECCC-ASTD-MRD,https://github.com/eccc-astd-mrd/gem,2022-11-12T10:01:20.678Z,2026-10-06T21:57:28.798Z,https://avatars.githubusercontent.com/u/11772263?v=4,,Climate Change,Earth and Climate Modeling,Canada,academia,,http://collaboration.cmc.ec.gc.ca/science/si/
AIWattch,AIWattch,Browser plugin to measure LLM carbon emissions during inference,,,1,,1,https://github.com/AIWattch,https://github.com/AIWattch/AI-Wattch,2025-01-14T21:39:09.024Z,2026-10-07T01:06:53.978Z,https://avatars.githubusercontent.com/u/194869638?v=4,,Consumption,Computation and Communication,Global,community,,
advanced network science initiative,lanl-ansi,Los Alamos Advanced Network Science Initiative,"Los Alamos, NM",ansi-info@lanl.gov,4,,97,https://github.com/lanl-ansi,"https://github.com/lanl-ansi/PowerModels.jl, https://github.com/lanl-ansi/PowerModelsAnnex.jl, https://github.com/lanl-ansi/GasModels.jl, https://github.com/lanl-ansi/WaterModels.jl",2022-11-06T01:15:34.565Z,2026-10-02T22:17:32.013Z,https://avatars.githubusercontent.com/u/17053288?v=4,,"Energy Systems, Energy Systems, Energy Storage, Natural Resources","Grid Analysis and Planning, Grid Analysis and Planning, Hydrogen, Water Supply and Quality",USA,government agency,,https://lanl-ansi.github.io/
GOTM,gotm-model,,,,1,,4,https://github.com/gotm-model,https://github.com/gotm-model/code,2022-11-03T16:15:46.718Z,2026-10-03T03:52:01.972Z,https://avatars.githubusercontent.com/u/16253606?v=4,,Hydrosphere,Ocean Models,Germany,government agency,,https://gotm.net
Forest Data Partnership,forestdatapartnership,Forest Data Partnership,,forestdatapartnership@wri.org,2,,6,https://github.com/forestdatapartnership,"https://github.com/forestdatapartnership/whisp, https://github.com/forestdatapartnership/whisp-app",2024-01-08T11:40:33.885Z,2026-10-03T03:51:52.932Z,https://avatars.githubusercontent.com/u/155651852?v=4,,"Biosphere, Biosphere","Deforestation and Reforestation, Deforestation and Reforestation",Global,collaboration,,http://www.forestdatapartnership.org
earth-system-radiation,earth-system-radiation,Codes for computing broadband fluxes in planetary atmospheres,,,1,,14,https://github.com/earth-system-radiation,https://github.com/earth-system-radiation/rte-rrtmgp,2022-11-16T16:58:29.462Z,2026-10-03T03:51:54.428Z,https://avatars.githubusercontent.com/u/61439532?v=4,,Atmosphere,Radiative Transfer,Global,community,,https://earth-system-radiation.github.io/rte-rrtmgp/
Voltbras,voltbras,,Florianópolis,contato@voltbras.com.br,1,,4,https://github.com/voltbras,https://github.com/voltbras/go-ocpp,2022-11-19T21:04:57.077Z,2026-10-03T01:59:42.520Z,https://avatars.githubusercontent.com/u/64649105?v=4,,Consumption,Mobility and Transportation,Brazil,for-profit,,https://voltbras.com.br/
Bike Index,bikeindex,,,,1,,17,https://github.com/bikeindex,https://github.com/bikeindex/bike_index,2022-11-05T03:51:55.657Z,2024-04-14T19:14:28.852Z,https://avatars.githubusercontent.com/u/4251544?v=4,,Consumption,Mobility and Transportation,USA,non-profit,,https://bikeindex.org
Open Plant Pathology,openplantpathology,"The Open Plant Pathology initiative has wrapped up, but all of our materials remain here in the spirit of openness and reproducibility",Global,openplantpathology@gmail.com,1,,15,https://github.com/openplantpathology,https://github.com/openplantpathology/OpenPlantPathology,2022-11-11T17:03:21.237Z,2026-10-03T02:44:28.400Z,https://avatars.githubusercontent.com/u/27719812?v=4,,Biosphere,Plants and Vegetation,Global,non-profit,,https://openplantpathology.netlify.app
Climate Informatics and Technologies (CLINT),FREVA-CLINT,,Germany,,1,,7,https://github.com/FREVA-CLINT,https://github.com/freva-clint/climatereconstructionai,2022-11-14T18:13:12.380Z,2026-10-06T23:05:27.303Z,https://avatars.githubusercontent.com/u/24898124?v=4,,Climate Change,Climate Data Processing and Analysis,Germany,community,,
Oak Ridge National Laboratory - Energy Management Software,ORNL-AMO,ORNL's Energy Management Software is used to help manufacturers increase energy efficiency at the plant-level and in specific systems.,,measur-help@ornl.gov,1,,24,https://github.com/ORNL-AMO,https://github.com/ORNL-AMO/AMO-Tools-Desktop,2022-11-07T12:59:46.001Z,2026-10-06T19:41:56.944Z,https://avatars.githubusercontent.com/u/16310767?v=4,,Consumption,Production and Industry,USA,government agency,,https://industrialresources.ornl.gov/home
Weather Research and Forecasting Model,wrf-model,,"Boulder, Colorado, USA",,1,,16,https://github.com/wrf-model,https://github.com/wrf-model/WRF,2022-11-04T02:08:51.289Z,2026-10-02T22:17:29.955Z,https://avatars.githubusercontent.com/u/12666893?v=4,,Atmosphere,Meteorological Observation and Forecast,USA,academia,,http://www2.mmm.ucar.edu/wrf/users/
APSIM Initiative,APSIMInitiative,The APSIM initiative (AI) was established in 2007 to promote the development and use of the science modules and infrastructure software of APSIM,,apsim@csiro.au,1,,28,https://github.com/APSIMInitiative,https://github.com/apsiminitiative/apsimx,2022-11-03T23:50:12.073Z,2026-10-06T23:34:46.458Z,https://avatars.githubusercontent.com/u/11878941?v=4,,Consumption,Agriculture and Nutrition,Australia,government agency,,https://www.apsim.info
CARDAMOM,CARDAMOM-framework,"JPL, Stanford & UCSB CARDAMOM framework.",,,1,,1,https://github.com/CARDAMOM-framework,https://github.com/cardamom-framework/cardamom,2023-05-06T03:07:20.293Z,2026-10-06T23:05:26.390Z,https://avatars.githubusercontent.com/u/66769542?v=4,,Emissions,Emission Observation and Modeling,USA,academia,,
Ouranos inc.,Ouranosinc,Consortium on regional climatology,Canada,info@ouranos.ca,5,ouranos_cc,37,https://github.com/Ouranosinc,"https://github.com/ouranosinc/xclim, https://github.com/ouranosinc/peach, https://github.com/Ouranosinc/miranda, https://github.com/Ouranosinc/raven, https://github.com/Ouranosinc/xscen",2022-11-10T01:22:22.219Z,2026-10-06T23:15:04.308Z,https://avatars.githubusercontent.com/u/1696763?v=4,,"Climate Change, Climate Change, Climate Change, Hydrosphere, Climate Change","Climate Data Processing and Analysis, Natural Hazard and Storms, Climate Data Processing and Analysis, Freshwater and Hydrology, Climate Data Processing and Analysis",Canada,non-profit,,https://ouranos.ca/en
Cambridge Sustainable Computing Lab,Cambridge-Sustainable-Computing-Lab,"Cambridge Sustainable Computing Lab at the University of Cambridge, UK",United Kingdom,,1,,1,https://github.com/Cambridge-Sustainable-Computing-Lab,https://github.com/cambridge-sustainable-computing-lab/green-algorithms-calculator,2026-02-24T05:49:31.734Z,2026-10-07T01:06:56.736Z,https://avatars.githubusercontent.com/u/263240422?v=4,,Consumption,Computation and Communication,,,,https://cam-sustainablecomputing.org
Circuitscape,Circuitscape,Circuit-theoretic computations for landscape ecology,,,1,,15,https://github.com/Circuitscape,https://github.com/Circuitscape/Circuitscape.jl,2022-11-03T06:44:45.967Z,2026-10-06T23:15:16.163Z,https://avatars.githubusercontent.com/u/5827361?v=4,,Biosphere,Terrestrial Wildlife,USA,community,,https://circuitscape.org/
RolnickLab,RolnickLab,,,,1,,16,https://github.com/RolnickLab,https://github.com/rolnicklab/openforest,2022-11-15T05:46:58.649Z,2026-10-06T21:57:28.974Z,https://avatars.githubusercontent.com/u/91578506?v=4,,Sustainable Development,Curated Lists,Canada,academia,,http://davidrolnick.com
OrbisGIS,orbisgis,A GIS platform and components developed by the CNRS,Vannes,,1,,55,https://github.com/orbisgis,https://github.com/orbisgis/geoclimate,2022-11-03T21:28:13.361Z,2026-10-02T21:27:30.946Z,https://avatars.githubusercontent.com/u/9842346?v=4,,Climate Change,Climate Data Processing and Analysis,France,academia,,http://www.orbisgis.org
Orcasound,orcasound,Listen for whales! Open source bioacoustic tools aimed at saving endangered orcas (Southern Resident Killer Whales),Seattle,info@orcasound.net,1,OrcasoundApp,48,https://github.com/orcasound,https://github.com/orcasound/orcahello,2022-11-13T00:25:05.842Z,2024-10-29T17:10:22.629Z,https://avatars.githubusercontent.com/u/29990731?v=4,'https://github.com/sponsors/orcasound',Biosphere,Marine Life and Fishery,Canada,community,,http://live.orcasound.net
CCSI Toolset,CCSI-Toolset,The Carbon Capture Simulation Initiative (CCSI) Toolset is a suite of computational models for carbon capture equipment and design processes.,,ccsi-support@acceleratecarboncapture.org,1,,10,https://github.com/CCSI-Toolset,https://github.com/CCSI-Toolset/FOQUS,2022-11-12T11:35:31.243Z,2026-10-06T19:36:03.860Z,https://avatars.githubusercontent.com/u/27831154?v=4,,Emissions,Carbon Capture,Global,collaboration,,https://www.acceleratecarboncapture.org/
Norges vassdrags- og energidirektorat,NVE,,Norway,,1,,44,https://github.com/NVE,https://github.com/nve/jules,2022-11-05T23:16:20.725Z,2026-10-06T23:05:27.797Z,https://avatars.githubusercontent.com/u/1651506?v=4,,Energy Systems,Energy Markets,,,,https://www.nve.no/
pythermalcomfort,pythermalcomfort,,,,1,,1,https://github.com/pythermalcomfort,https://github.com/pythermalcomfort/pythermalcomfort,2026-05-01T09:19:03.896Z,2026-10-02T07:48:06.281Z,https://avatars.githubusercontent.com/u/280882930?v=4,,Consumption,Buildings and Heating,,,,https://pythermalcomfort.readthedocs.io/en/latest/
Global Healthy and Sustainable City-Indicators Collaboration,global-healthy-liveable-cities,Global Healthy and Sustainable City-Indicators Collaboration,"Melbourne, Australia",,1,,4,https://github.com/global-healthy-liveable-cities,https://github.com/global-healthy-liveable-cities/global-indicators,2022-11-18T04:06:33.171Z,2026-10-03T01:57:19.935Z,https://avatars.githubusercontent.com/u/79161640?v=4,,Consumption,Mobility and Transportation,Global,collaboration,,https://www.healthysustainablecities.org/
Hydrology @KIT,KIT-HYD,Hydrology group @KIT,Germany,,1,,6,https://github.com/KIT-HYD,https://github.com/kit-hyd/hy2dl,2022-11-09T10:22:03.707Z,2026-10-06T22:30:20.780Z,https://avatars.githubusercontent.com/u/8642706?v=4,,Hydrosphere,Freshwater and Hydrology,Germany,academia,,https://www.iwu.kit.edu/hyd/index.php
Instituto de Pesquisa Econômica Aplicada (IPEA),ipea,,Brazil,,2,,54,https://github.com/ipea,"https://github.com/ipea/accessibility, https://github.com/ipea/gtfs2emis",2022-11-12T21:34:18.805Z,2026-10-02T06:29:22.045Z,https://avatars.githubusercontent.com/u/22377669?v=4,,"Consumption, Emissions","Mobility and Transportation, Emission Observation and Modeling",,,,https://www.ipea.gov.br/
Permamodel,permamodel,Modeling the physics of permafrost-related processes,University of Colorado Boulder,,1,,21,https://github.com/permamodel,https://github.com/permamodel/permamodel,2023-02-23T13:26:10.428Z,2026-10-03T01:31:49.914Z,https://avatars.githubusercontent.com/u/16598343?v=4,,Cryosphere,Snow and Permafrost,USA,academia,,https://permamodel.github.io
Urban Analyst,UrbanAnalyst,Platform for analysis and visualation of social equitability of urban systems,Germany,,1,,11,https://github.com/UrbanAnalyst,https://github.com/UrbanAnalyst/gtfsrouter,2023-02-23T15:27:57.756Z,2026-10-06T22:29:30.988Z,https://avatars.githubusercontent.com/u/110684109?v=4,,Consumption,Mobility and Transportation,Germany,community,,https://UrbanAnalyst.city
Weather Forecast Research Team,WFRT,,,,1,,3,https://github.com/WFRT,https://github.com/wfrt/verif,2022-11-05T13:46:24.524Z,2026-10-06T23:05:28.355Z,https://avatars.githubusercontent.com/u/4650439?v=4,,Atmosphere,Meteorological Observation and Forecast,,,,
ISRIC — World Soil Information,ISRICWorldSoil,,Wageningen,,1,ISRICorg,2,https://github.com/ISRICWorldSoil,https://github.com/ISRICWorldSoil/SoilGrids250m,2022-11-12T12:24:11.152Z,2026-10-06T22:42:11.575Z,https://avatars.githubusercontent.com/u/14975989?v=4,,Natural Resources,Soil and Land,Netherlands,non-profit,,http://isric.org
Open Food Facts,openfoodfacts,"Open Food Facts is a collaborative, free and open database of food products from around the world.","Paris, France",contact@openfoodfacts.org,1,openfoodfacts,109,https://github.com/openfoodfacts,https://github.com/openfoodfacts/openfoodfacts-server,2022-11-02T21:33:04.869Z,2024-10-29T21:14:08.514Z,https://avatars.githubusercontent.com/u/1937790?v=4,'https://github.com/sponsors/openfoodfacts',Consumption,Agriculture and Nutrition,France,non-profit,,https://world.openfoodfacts.org/
Idaho National Laboratory Research Projects,IdahoLabResearch,This is a location for Idaho National Laboratory software that is tied to research papers and experiments. ,"Idaho Falls, ID, USA",td@inl.gov,1,,12,https://github.com/IdahoLabResearch,https://github.com/idaholabresearch/hydrogenerate,2022-11-18T12:54:15.865Z,2026-10-06T22:16:22.272Z,https://avatars.githubusercontent.com/u/25393811?v=4,,Renewable Energy,Hydro Energy,USA,government agency,,https://inl.gov/
offgridai.us,offgridai-us,How off-grid solar microgrids can power the AI race,,feedback@offgridai.us,1,,1,https://github.com/offgridai-us,https://github.com/offgridai-us/cost-calculator,2025-02-18T22:24:46.367Z,2026-10-03T02:02:24.344Z,https://avatars.githubusercontent.com/u/199001026?v=4,,Consumption,Computation and Communication,USA,community,,https://www.offgridai.us
LCA-ActivityBrowser,LCA-ActivityBrowser,,,,1,,1,https://github.com/LCA-ActivityBrowser,https://github.com/LCA-ActivityBrowser/activity-browser,2022-11-15T04:16:17.357Z,2026-10-06T19:36:08.264Z,https://avatars.githubusercontent.com/u/34097504?v=4,,Industrial Ecology,Life Cycle Assessment,Netherlands,community,2025-10-25,https://lca-activitybrowser.github.io/activity-browser/beta.html
LBNL-JCI-ICF,LBNL-JCI-ICF,,,,1,,1,https://github.com/LBNL-JCI-ICF,https://github.com/LBNL-JCI-ICF/better,2023-03-27T11:02:17.403Z,2026-10-06T23:05:28.991Z,https://avatars.githubusercontent.com/u/43547106?v=4,,Consumption,Buildings and Heating,USA,collaboration,,
CEMS,cemsbv,"CEMS offers geotechnical software as a service through REST APIs, to be used as a trusted component in scalable automated engineering processes.",Netherlands,info@cemsbv.nl,1,,23,https://github.com/cemsbv,https://github.com/cemsbv/pygef,2022-11-14T19:09:47.972Z,2026-10-03T04:47:27.761Z,https://avatars.githubusercontent.com/u/92314127?v=4,,Natural Resources,Soil and Land,Netherlands,for-profit,,https://cemsbv.nl
TEB-model,TEB-model,Town Energy Balance (TEB) model,,,1,,2,https://github.com/TEB-model,https://github.com/teb-model/teb,2026-09-25T17:58:25.139Z,2026-10-06T21:57:29.598Z,https://avatars.githubusercontent.com/u/44439852?v=4,,Consumption,Buildings and Heating,,,,
CABLE-LSM,CABLE-LSM,,,,1,,4,https://github.com/CABLE-LSM,https://github.com/cable-lsm/cable,2023-06-14T02:08:27.829Z,2026-10-06T19:36:10.378Z,https://avatars.githubusercontent.com/u/102202018?v=4,,Climate Change,Earth and Climate Modeling,Global,community,,https://cable.readthedocs.io/en/latest/
marola.dev,marola-dev,ocean intelligence layer,Brazil,admin@marola.dev,1,,6,https://github.com/marola-dev,https://github.com/marola-dev/marola,2026-09-28T00:44:24.478Z,2026-10-05T09:08:34.021Z,https://avatars.githubusercontent.com/u/334596585?v=4,,Hydrosphere,Coastal and Reefs,,,,http://marola.dev
3DStreet,3DStreet,Open-source web-based tools to visualize safer streets,United States of America,kieran@3dstreet.com,1,,6,https://github.com/3DStreet,https://github.com/3DStreet/3dstreet,2022-11-14T08:30:43.644Z,2026-10-07T14:06:59.388Z,https://avatars.githubusercontent.com/u/86177566?v=4,,Consumption,Mobility and Transportation,USA,for-profit,,http://3dstreet.com
Quantum Photovoltaics Research Group,qpv-research-group,We are a research group led by Dr. Nicholas Ekins-Daukes and specialized in the application of nanotechnology to achieve high efficiency solar cells,"UNSW (Sydney, Australia) and Imperial College London (UK) until 2017",,2,,9,https://github.com/qpv-research-group,"https://github.com/qpv-research-group/solcore5, https://github.com/qpv-research-group/rayflare",2022-11-11T17:31:16.957Z,2026-10-01T22:52:06.981Z,https://avatars.githubusercontent.com/u/48552948?v=4,,"Renewable Energy, Renewable Energy","Photovoltaics and Solar Energy, Photovoltaics and Solar Energy",Australia,academia,,https://www.qpvgroup.org
EVNotify,EVNotify,,,,1,,27,https://github.com/EVNotify,https://github.com/EVNotify/EVNotify,2022-11-09T22:22:27.558Z,2026-10-07T09:07:50.051Z,https://avatars.githubusercontent.com/u/45699245?v=4,'https://github.com/sponsors/EVNotify',Consumption,Mobility and Transportation,Global,community,,https://evnotify.com/
GEOPM,geopm,,,,1,,6,https://github.com/geopm,https://github.com/geopm/geopm,2022-11-15T06:40:09.299Z,2026-10-03T04:47:31.890Z,https://avatars.githubusercontent.com/u/14283883?v=4,,Consumption,Computation and Communication,Global,community,,https://geopm.github.io
Cornell Lab of Ornithology Center for Engagement in Science & Nature,engagement-center,"Code repository for analyses related to data generated in the Cornell Lab's Engagement Center, including FeederWatch, NestWatch, Bird Academy and more.",United States of America,,1,,2,https://github.com/engagement-center,https://github.com/engagement-center/nestwatchr,2024-04-24T21:42:37.005Z,2026-10-02T06:29:41.422Z,https://avatars.githubusercontent.com/u/102374525?v=4,,Biosphere,Avian Monitoring and Analysis,,,,https://www.birds.cornell.edu/home/engagement-in-science-and-nature/
OnStove,Open-Source-Spatial-Clean-Cooking-Tool,,,,1,,2,https://github.com/Open-Source-Spatial-Clean-Cooking-Tool,https://github.com/open-source-spatial-clean-cooking-tool/onstove,2024-02-22T10:55:35.379Z,2026-10-06T20:23:50.846Z,https://avatars.githubusercontent.com/u/78610544?v=4,,Energy Systems,Renewable Energy Integration,Sweden,academia,2025-10-25,https://onstove-documentation.readthedocs.io/en/latest/
WavX,WavX,,,,1,,1,https://github.com/WavX,https://github.com/wavx/bioacoustics,2023-02-15T01:37:49.446Z,2026-10-06T23:05:34.692Z,https://avatars.githubusercontent.com/u/27907458?v=4,,Biosphere,Bioacoustics and Acoustic Data Analysis,,,,
Quantify Earth,quantifyearth,"Quantifying environment data around the globe, by the Cambridge Conservation Initiative at the University of Cambridge.",United Kingdom,avsm2@cam.ac.uk,1,,35,https://github.com/quantifyearth,https://github.com/quantifyearth/life,2023-11-21T20:35:57.395Z,2026-10-03T03:24:09.015Z,https://avatars.githubusercontent.com/u/149889182?v=4,,Biosphere,Biodiversity Analysis and Metrics,UK,academia,,https://quantify.earth
compdyn,compdyn,,,,1,,6,https://github.com/compdyn,https://github.com/compdyn/partmc,2022-11-09T15:48:32.286Z,2026-10-03T03:52:03.418Z,https://avatars.githubusercontent.com/u/8762060?v=4,,Atmosphere,Atmospheric Chemistry and Aerosol,Global,community,,https://lagrange.mechse.illinois.edu/partmc/
RMIB - Dynamical Meteorology and Climatology,Climdyn,The Dynamical Meteorology and Climatology Unit is part of the R&D Department of the Royal Meteorological Institute of Belgium.,"Brussels, Belgium",,1,,3,https://github.com/Climdyn,https://github.com/climdyn/qgs,2023-02-14T20:41:33.627Z,2026-10-06T22:15:05.537Z,https://avatars.githubusercontent.com/u/17494336?v=4,,Atmosphere,Atmospheric Composition and Dynamics,Belgium,government agency,,http://climdyn.meteo.be
CORRECTIV,correctiv,"CORRECTIV is a non-profit independent newsroom. Through investigative journalism, we expose systematic abuses and strengthen an open and democratic society.",Germany,nerds@correctiv.org,1,,83,https://github.com/correctiv,https://github.com/correctiv/grundwasser-data,2022-11-09T17:03:37.153Z,2026-10-03T03:56:45.376Z,https://avatars.githubusercontent.com/u/7809407?v=4,,Hydrosphere,Ocean and Hydrology Data Access,Germany,non-profit,,https://correctiv.org/
Modular Ocean Model (Community Supported Version),mom-ocean,,,https://groups.google.com/forum/#!forum/mom-users,1,,14,https://github.com/mom-ocean,https://github.com/mom-ocean/MOM5,2022-11-03T22:16:40.959Z,2026-10-03T04:55:40.117Z,https://avatars.githubusercontent.com/u/26398454?v=4,,Hydrosphere,Ocean Models,Global,community,,https://mom-ocean.github.io
National Oceanic and Atmospheric Administration,NOAAGov,"The Official NOAA Github. NOAA provides science, service and stewardship to protect life and property, and conserve/protect the Earth's natural resources.",,,1,,1,https://github.com/NOAAGov,https://github.com/NOAAGov/NOAA-Affiliated-Projects,2026-09-25T19:13:48.519Z,2026-10-06T22:15:21.035Z,https://avatars.githubusercontent.com/u/32935149?v=4,,Sustainable Development,Knowledge Platforms,,,,http://www.noaa.gov/
IEC 61400,IEC-61400,Digital resources for IEC 61400: Wind energy generation systems,,,1,,1,https://github.com/IEC-61400,https://github.com/IEC-61400/eya-def,2023-03-03T19:59:14.146Z,2026-10-07T04:04:29.280Z,https://avatars.githubusercontent.com/u/77795426?v=4,,Renewable Energy,Wind Energy,,,,
Space Physics,space-physics,Space Physics modeling and analysis,1 au,,1,,66,https://github.com/space-physics,https://github.com/space-physics/lowtran,2022-11-08T04:28:36.289Z,2026-10-03T02:44:28.840Z,https://avatars.githubusercontent.com/u/36680810?v=4,"'https://github.com/sponsors/scivision', 'https://ko-fi.com/scivision'",Atmosphere,Radiative Transfer,Global,community,,
EnviroDIY,EnviroDIY,Do-It-Yourself Environmental Science & Monitoring,"Stroud Water Research Center, Avondale, PA",info@envirodiy.org,1,,32,https://github.com/EnviroDIY,https://github.com/EnviroDIY/ModularSensors,2022-11-05T21:47:02.192Z,2026-10-06T20:23:53.221Z,https://avatars.githubusercontent.com/u/16213093?v=4,,Sustainable Development,Knowledge Platforms,USA,non-profit,,http://envirodiy.org/
Ocean Modeling Collaboration,oceanmodeling,,,oceanmodelingcollaboration@gmail.com,1,,46,https://github.com/oceanmodeling,https://github.com/oceanmodeling/StormEvents,2022-11-14T18:17:24.926Z,2026-10-03T03:52:05.635Z,https://avatars.githubusercontent.com/u/84859356?v=4,,Climate Change,Natural Hazard and Storms,Global,collaboration,,
Cambridge Centre for Earth Observation,ucam-eo,Cambridge University and partner organisations are conducting research on the remote sensing of environmental change,United Kingdom,,1,,14,https://github.com/ucam-eo,https://github.com/ucam-eo/geotessera,2025-06-27T11:47:06.847Z,2026-10-01T20:09:47.827Z,https://avatars.githubusercontent.com/u/217043827?v=4,,Natural Resources,Soil and Land,UK,academia,,https://eo.conservation.cam.ac.uk
RangeShifter,RangeShifter,,Aberdeen/UK and Berlin/Germany,,1,,2,https://github.com/RangeShifter,https://github.com/rangeshifter/rangeshiftr-pkg,2023-04-26T09:43:57.544Z,2026-10-06T23:05:35.645Z,https://avatars.githubusercontent.com/u/62652197?v=4,,Biosphere,Ecological and Environmental Modeling,,,,
OpenEarth,openearth,,Delft,,2,,220,https://github.com/openearth,"https://github.com/openearth/sealevel, https://github.com/openearth/aeolis-python",2022-11-03T20:55:27.874Z,2026-10-02T22:46:49.122Z,https://avatars.githubusercontent.com/u/6883038?v=4,,"Hydrosphere, Hydrosphere","Ocean and Hydrology Data Access, Coastal and Reefs",Global,collaboration,,https://www.openearth.nl
Spatial Ecosystem Analytics Lab,ncsuSEAL,,,josh_gray@ncsu.edu,1,,7,https://github.com/ncsuSEAL,https://github.com/ncsuSEAL/Bayesian_LSP,2022-11-18T18:16:37.869Z,2026-10-06T21:38:54.045Z,https://avatars.githubusercontent.com/u/86853950?v=4,,Biosphere,Plants and Vegetation,USA,academia,,https://ncsu-seal.netlify.app/
Dryland Ecology,DrylandEcology,,,,2,,27,https://github.com/DrylandEcology,"https://github.com/DrylandEcology/rSFSW2, https://github.com/DrylandEcology/SOILWAT2",2022-11-05T07:48:26.842Z,2026-10-06T23:15:27.442Z,https://avatars.githubusercontent.com/u/4193619?v=4,,"Natural Resources, Hydrosphere","Soil and Land, Freshwater and Hydrology",USA,community,,
WCRP-CMIP,WCRP-CMIP,,,cmip-ipo@esa.int,1,,2,https://github.com/WCRP-CMIP,https://github.com/WCRP-CMIP/CMIP6_CVs,2022-11-15T08:35:12.113Z,2026-10-06T22:42:18.140Z,https://avatars.githubusercontent.com/u/20213947?v=4,,Climate Change,Earth and Climate Modeling,Global,collaboration,,https://wcrp-cmip.org/
BioTIME,bioTIMEHub,We're a lab based at the University of St Andrews investigating diversity from macroecological and reef ecosystem perspectives.,"St Andrews, UK",,1,,2,https://github.com/bioTIMEHub,https://github.com/biotimehub/biotimer,2023-03-02T06:11:26.447Z,2026-10-06T23:05:36.648Z,https://avatars.githubusercontent.com/u/29038235?v=4,,Biosphere,Biodiversity Analysis and Metrics,,,,
AirQo Platform,airqo-platform,Open data infrastructure for hyperlocal air quality insights across African cities,"Kampala, Uganda",support@airqo.net,1,AirQoProject,7,https://github.com/airqo-platform,https://github.com/airqo-platform/airqo-api,2022-11-14T05:38:36.771Z,2026-10-01T13:56:27.147Z,https://avatars.githubusercontent.com/u/52103247?v=4,'https://github.com/sponsors/airqo-platform',Natural Resources,Air Quality,Uganda,academia,,https://airqo.africa/home  
ACS,acs,Institute for Automation of Complex Power Systems,,,2,,122,https://git.rwth-aachen.de/acs,"https://git.rwth-aachen.de/acs/public/villas/node, https://git.rwth-aachen.de/acs/public/simulation/DistAIXFramework/distaix",2024-07-18T17:01:56.778Z,2026-09-25T19:27:21.495Z,,,"Energy Systems, Energy Systems","Energy System Modeling Frameworks, Energy System Modeling Frameworks",Germany,academia,,http://acs.org
SERVIR-WA,SERVIR-WA,,,,1,,1,https://github.com/SERVIR-WA,https://github.com/servir-wa/galup,2022-11-15T05:39:03.310Z,2026-10-06T23:34:36.193Z,https://avatars.githubusercontent.com/u/83662262?v=4,,Sustainable Development,Education,Mali,collaboration,,http://servir.icrisat.org
National Climate Prediction Portal,NCPP,,,,1,,12,https://github.com/NCPP,https://github.com/NCPP/ocgis,2022-11-04T00:21:41.075Z,2026-10-06T21:57:31.492Z,https://avatars.githubusercontent.com/u/609440?v=4,,Climate Change,Climate Data Processing and Analysis,Global,community,,http://earthsystemcog.org/projects/ncpp/
Emoncms,emoncms,,,,1,,40,https://github.com/emoncms,https://github.com/emoncms/emoncms,2022-11-04T07:37:13.704Z,2024-04-14T09:02:43.995Z,https://avatars.githubusercontent.com/u/2532311?v=4,,Energy Systems,Building Energy Monitoring,UK,community,,http://emoncms.org
Earthmover,earth-mover,The cloud platform for scientific data teams,United States of America,hello@earthmover.io,1,EarthmoverHQ,41,https://github.com/earth-mover,https://github.com/earth-mover/icechunk,2023-10-15T07:15:16.763Z,2026-10-02T22:38:04.386Z,https://avatars.githubusercontent.com/u/95875797?v=4,,Climate Change,Climate Data Standards,USA,for-profit,,https://earthmover.io/
Earth Species Project,earthspecies,An open-source collaborative and nonprofit dedicated to decoding animal communication.,,info@earthspecies.org,1,,45,https://github.com/earthspecies,https://github.com/earthspecies/avex,2022-11-18T17:21:20.776Z,2026-10-03T02:13:45.087Z,https://avatars.githubusercontent.com/u/36208630?v=4,,Biosphere,Bioacoustics and Acoustic Data Analysis,,,,https://earthspecies.org
OpenOakland,openoakland,Bridging community and technology for a thriving and equitable Oakland.,"Oakland, CA",steering@openoakland.org,1,openoakland,89,https://github.com/openoakland,https://github.com/openoakland/woeip,2022-11-02T22:39:50.822Z,2024-04-14T06:37:27.302Z,https://avatars.githubusercontent.com/u/2238933?v=4,,Natural Resources,Air Quality,USA,non-profit,,http://openoakland.org
POLCA,polca,International collaborative for improving prospective life cycle assessment,,,3,,7,https://github.com/polca,"https://github.com/polca/pathways, https://github.com/polca/premise, https://github.com/polca/wurst",2022-11-15T09:05:18.847Z,2026-10-02T22:17:31.366Z,https://avatars.githubusercontent.com/u/58623740?v=4,,"Industrial Ecology, Industrial Ecology, Industrial Ecology","Life Cycle Assessment, Life Cycle Assessment, Life Cycle Assessment",Global,community,,
Hyphae,hyphae,"By providing an Autonomous Power Interchange System (APIS), Hyphae automatically and efficiently distributes locally-produced renewable energy over a DC grid",,hyphae@lfenergy.org,1,,17,https://github.com/hyphae,https://github.com/hyphae/apis,2022-11-16T21:53:23.864Z,2026-10-03T01:56:34.768Z,https://avatars.githubusercontent.com/u/78509563?v=4,,Energy Storage,Battery,,,,https://www.lfenergy.org/projects/hyphae/
circular.fashion,circularfashion,circular.fashion is a sustainable change agency creating product- and system innovation for a circular economy in fashion and textiles.,,,1,,2,https://github.com/circularfashion,https://github.com/circularfashion/cf-circularity-id-standard,2026-09-25T19:13:45.374Z,2026-10-03T02:44:34.924Z,https://avatars.githubusercontent.com/u/91959849?v=4,,Industrial Ecology,Circular Economy and Waste,,,,https://circular.fashion
Symbiota Biodiversity Management Software,Symbiota,Software project working toward building a library of webtools to aid biologists in establishing specimen-based virtual floras and faunas,,help@symbiota.org,1,,3,https://github.com/Symbiota,https://github.com/symbiota/symbiota,2025-03-19T23:29:05.858Z,2026-10-06T19:41:14.458Z,https://avatars.githubusercontent.com/u/16150820?v=4,,Biosphere,Biodiversity Data Access and Management,,,,https://symbiota.org
Akkudoktor-EOS,Akkudoktor-EOS,,,,1,,1,https://github.com/Akkudoktor-EOS,https://github.com/akkudoktor-eos/eos,2024-05-16T15:01:38.608Z,2026-10-07T08:13:32.318Z,https://avatars.githubusercontent.com/u/157137710?v=4,,Energy Systems,Energy System Modeling Frameworks,Global,community,,http://akkudoktor-eos.readthedocs.io
Green Software Lab,greensoftwarelab,,,,1,,22,https://github.com/greensoftwarelab,https://github.com/greensoftwarelab/Energy-Languages,2022-11-11T18:30:36.379Z,2026-10-03T03:52:07.455Z,https://avatars.githubusercontent.com/u/11410556?v=4,,Consumption,Computation and Communication,Portugal,academia,,http://greenlab.di.uminho.pt/
CNCF Technical Advisory Groups,cncf-tags,,,,1,,9,https://github.com/cncf-tags,https://github.com/cncf-tags/green-reviews-tooling,2023-08-30T21:26:44.141Z,2026-10-03T02:35:56.231Z,https://avatars.githubusercontent.com/u/139486939?v=4,,Consumption,Computation and Communication,Global,community,,http://cncf.io
Conservation International,ConservationInternational,,,,2,,47,https://github.com/ConservationInternational,"https://github.com/conservationinternational/trends.earth, https://github.com/ConservationInternational/resilienceatlas",2022-11-07T08:15:05.092Z,2026-10-07T17:34:49.070Z,https://avatars.githubusercontent.com/u/6778872?v=4,,"Natural Resources, Consumption","Soil and Land, Agriculture and Nutrition",Global,non-profit,,https://www.conservation.org/
Coöperatie Econobis U.A.,Ecodenl,,Netherlands,info@econobis.nl,1,,4,https://github.com/Ecodenl,https://github.com/ecodenl/econobis?tab=license-1-ov-file#readme,2022-11-15T03:15:04.358Z,2026-10-06T23:05:47.913Z,https://avatars.githubusercontent.com/u/31848690?v=4,,Energy Systems,Energy Markets,,,,http://www.econobis.nl
ICOS Carbon Portal,ICOS-Carbon-Portal,The Integrated Carbon Observing System's Data Portal,"Lund, Sweden",info@icos-cp.eu,1,,21,https://github.com/ICOS-Carbon-Portal,https://github.com/ICOS-Carbon-Portal/pylib,2022-11-10T08:45:21.049Z,2024-04-14T06:14:38.470Z,https://avatars.githubusercontent.com/u/10807176?v=4,,Emissions,Emission Observation and Modeling,Sweden,government agency,,https://www.icos-cp.eu
Utah Atmospheric Trace gas & Air Quality Lab,uataq,,"Salt Lake City, UT",,2,,13,https://github.com/uataq,"https://github.com/uataq/x-stilt, https://github.com/uataq/stilt",2022-11-06T05:07:56.633Z,2026-10-03T01:29:14.812Z,https://avatars.githubusercontent.com/u/30093582?v=4,,"Emissions, Emissions","Emission Observation and Modeling, Emission Observation and Modeling",USA,academia,,https://air.utah.edu
Waiwera,waiwera,Organization for developing the Waiwera geothermal flow simulator,,,1,,4,https://github.com/waiwera,https://github.com/waiwera/waiwera,2023-06-30T05:26:56.125Z,2026-10-03T03:52:06.016Z,https://avatars.githubusercontent.com/u/49133194?v=4,,Renewable Energy,Geothermal Energy,New Zealand,academia,,https://waiwera.github.io/
r-spatial,r-spatial,"For packages raster, terra, dismo & geosphere visit the rspatial github organisation (mind the missing '-')",,,1,,46,https://github.com/r-spatial,https://github.com/r-spatial/rgee,2022-11-02T16:38:01.900Z,2026-10-03T03:58:26.046Z,https://avatars.githubusercontent.com/u/25086656?v=4,,Sustainable Development,Data Catalogs and Interfaces,Global,community,,https://github.com/r-spatial
High-Flyer AI,HFAiLab,幻方AI,China,,1,,23,https://github.com/HFAiLab,https://github.com/hfailab/opencastkit,2022-11-15T21:08:22.030Z,2024-04-15T04:58:03.501Z,https://avatars.githubusercontent.com/u/90186689?v=4,,Atmosphere,Meteorological Observation and Forecast,China,for-profit,,https://www.high-flyer.cn/
AGGM-AG,AGGM-AG,,Austria,,1,,1,https://github.com/AGGM-AG,https://github.com/aggm-ag/pypsa-at,2025-07-30T13:56:53.379Z,2026-10-06T22:30:19.303Z,https://avatars.githubusercontent.com/u/223642159?v=4,,Energy Systems,Global and Regional Energy System Models,,,,
LBL-EESA,LBL-EESA,Lawrence Berkeley National Laboratory's Earth and Environmental Sciences Area,"Berkeley, CA",,1,,11,https://github.com/LBL-EESA,https://github.com/LBL-EESA/TECA,2022-11-07T03:22:49.138Z,2026-10-06T22:30:26.688Z,https://avatars.githubusercontent.com/u/15636701?v=4,,Climate Change,Natural Hazard and Storms,USA,government agency,,http://eesa.lbl.gov/
LF Energy,lf-energy,Bringing open source to the energy sector,,info@lfenergy.org,1,LFE_Foundation,9,https://github.com/lf-energy,https://github.com/lf-energy/lfenergy-landscape,2022-11-14T05:53:30.248Z,2026-10-03T04:56:40.952Z,https://avatars.githubusercontent.com/u/53205155?v=4,,Sustainable Development,Curated Lists,Global,collaboration,,https://lfenergy.org
e-sensing,e-sensing,e-Sensing: Big Earth observation data analytics for land use and land cover change information,"INPE, São José dos Campos",esensing-team@dpi.inpe.br,1,,14,https://github.com/e-sensing,https://github.com/e-sensing/sits,2022-11-17T08:24:19.944Z,2026-10-02T22:17:34.290Z,https://avatars.githubusercontent.com/u/12664233?v=4,,Natural Resources,Soil and Land,Brazil,academia,,http://www.esensing.org
Program for Climate Model Diagnosis and Intercomparison,PCMDI,"Established in 1989, PCMDI aims to develop advanced methods and tools for diagnosis and intercomparison to improve Earth System Models",Lawrence Livermore National Lab,pcmdi-cmip@llnl.gov,2,,45,https://github.com/PCMDI,"https://github.com/pcmdi/pcmdi_metrics, https://github.com/PCMDI/cmor",2022-11-03T15:55:03.068Z,2026-10-06T19:36:06.146Z,https://avatars.githubusercontent.com/u/6098305?v=4,,"Climate Change, Climate Change","Earth and Climate Modeling, Climate Data Standards",USA,government agency,,http://pcmdi.llnl.gov
JuliaClimate,JuliaClimate,,,,3,,13,https://github.com/JuliaClimate,"https://github.com/juliaclimate/climatebase.jl, https://github.com/juliaclimate/climatesatellite.jl, https://github.com/juliaclimate/climatetools.jl",2022-11-14T05:36:02.881Z,2026-10-06T22:14:52.377Z,https://avatars.githubusercontent.com/u/41747566?v=4,,"Climate Change, Climate Change, Climate Change","Climate Data Processing and Analysis, Climate Data Access and Visualization, Climate Data Processing and Analysis",Global,community,,https://juliaclimate.org/
MATPOWER Development,MATPOWER,,,,1,,25,https://github.com/MATPOWER,https://github.com/MATPOWER/matpower,2022-11-07T08:19:25.045Z,2026-10-06T19:36:01.103Z,https://avatars.githubusercontent.com/u/22669039?v=4,,Energy Systems,Energy System Modeling Frameworks,Global,community,,https://matpower.org/
POSEIDON,poseidon-fisheries,"Using advanced computer modeling to better understand the ecosystem, including the human dimension, to help identify simpler and better approaches to fisheries.",,poseidoninfo@oceanconservancy.org,1,,5,https://github.com/poseidon-fisheries,https://github.com/poseidon-fisheries/POSEIDON,2023-05-10T15:26:11.493Z,2026-10-03T03:52:07.939Z,https://avatars.githubusercontent.com/u/52757298?v=4,,Biosphere,Marine Life and Fishery,USA,non-profit,,https://oceanconservancy.org/sustainable-fisheries/poseidon/
Ecotrust,Ecotrust,,"Portland, OR",,1,ecotrust,154,https://github.com/Ecotrust,https://github.com/Ecotrust/forestplanner,2022-11-03T05:38:52.168Z,2024-05-20T14:01:28.346Z,https://avatars.githubusercontent.com/u/1215872?v=4,'https://github.com/sponsors/Ecotrust',Biosphere,Forest Observation and Management,USA,non-profit,,https://ecotrust.org
Earth System Grid Federation,ESGF,,Earth,,1,,71,https://github.com/ESGF,https://github.com/ESGF/esgf-pyclient,2022-11-03T22:18:50.612Z,2026-10-06T20:23:51.351Z,https://avatars.githubusercontent.com/u/1236619?v=4,,Climate Change,Climate Data Access and Visualization,USA,government agency,,http://esgf.llnl.gov
U.S. Digital Service,usds,We're mission-driven professionals who are passionate about delivering better government services.,USA,,1,usds,48,https://github.com/usds,https://github.com/usds/justice40-tool,2022-11-05T23:56:59.951Z,2024-04-14T19:02:46.692Z,https://avatars.githubusercontent.com/u/8751968?v=4,,Sustainable Development,Population and Poverty,USA,government agency,,https://www.usds.gov
Open Earth Foundation,Open-Earth-Foundation,Open Source software to fight climate change,,info@openearth.org,2,Open__Earth,13,https://github.com/Open-Earth-Foundation,"https://github.com/open-earth-foundation/openclimate, https://github.com/open-earth-foundation/citycatalyst",2022-11-16T16:12:05.320Z,2026-10-06T22:30:26.173Z,https://avatars.githubusercontent.com/u/71936582?v=4,,"Emissions, Emissions","Carbon Intensity and Accounting, Carbon Intensity and Accounting",USA,non-profit,,https://openearth.org/
OpenGHG,openghg,,,contact@openghg.org,2,,23,https://github.com/openghg,"https://github.com/openghg/openghg, https://github.com/openghg/openghg_inversions",2022-11-15T05:26:57.152Z,2026-10-02T22:17:49.701Z,https://avatars.githubusercontent.com/u/67903512?v=4,,"Emissions, Emissions","Emission Observation and Modeling, Emission Observation and Modeling",UK,community,,https://www.openghg.org
CAMS,CriticalAssetManagement,An open-source project led by ARISE-US and TerminusDB to help countries & regions become climate resilient,,,1,,2,https://github.com/CriticalAssetManagement,https://github.com/CriticalAssetManagement/CAMS,2022-11-16T00:48:30.037Z,2026-10-06T21:39:04.028Z,https://avatars.githubusercontent.com/u/93081083?v=4,,Climate Change,Natural Hazard and Storms,USA,collaboration,,https://climateresilient.world/
IDAES,IDAES,Institute for the Design of Advanced Energy Systems,,idaes-support@idaes.org,1,,11,https://github.com/IDAES,https://github.com/IDAES/idaes-pse,2022-11-15T22:25:34.553Z,2026-10-06T19:36:13.988Z,https://avatars.githubusercontent.com/u/16325231?v=4,,Energy Systems,Energy System Modeling Frameworks,USA,government agency,,https://idaes.org
Conservation Technology Lab,conservationtechlab,The Conservation Technology Lab at the San Diego Zoo Wildlife Alliance,,,1,,38,https://github.com/conservationtechlab,https://github.com/conservationtechlab/animl-py,2022-11-16T16:17:26.753Z,2026-10-03T03:51:55.231Z,https://avatars.githubusercontent.com/u/103073305?v=4,,Biosphere,Terrestrial Wildlife,USA,non-profit,,https://science.sandiegozoo.org/
VILLASframework,VILLASframework,VILLASframework is a toolset for local and geographically distributed real-time co-simulation.,"Aachen, Germany",,1,,0,https://github.com/VILLASframework,https://github.com/villasframework/node,2022-11-12T13:11:52.195Z,2026-10-06T19:36:11.396Z,https://avatars.githubusercontent.com/u/33834284?v=4,,Energy Systems,Grid Management and Microgrid,Germany,academia,,https://fein-aachen.org/projects/villas-framework/
uaf-arctic-eco-modeling,uaf-arctic-eco-modeling,,,,1,,10,https://github.com/uaf-arctic-eco-modeling,https://github.com/uaf-arctic-eco-modeling/dvm-dos-tem,2022-11-03T20:50:52.360Z,2026-10-02T22:59:33.104Z,https://avatars.githubusercontent.com/u/115209183?v=4,,Biosphere,Plants and Vegetation,Global,community,,https://uaf-arctic-eco-modeling.github.io/dvm-dos-tem/
marmelab,marmelab,"Web, Mobile & AI Development Studio. ",France,info@marmelab.com,1,,351,https://github.com/marmelab,https://github.com/marmelab/greenframe-cli,2022-11-02T16:50:47.666Z,2026-10-03T01:32:25.056Z,https://avatars.githubusercontent.com/u/3116319?v=4,'https://github.com/sponsors/marmelab',Consumption,Computation and Communication,France,for-profit,,http://marmelab.com
ForestGEO,forestgeo,"Forest Global Earth Observatory, Smithsonian Institution",Smithsonian Tropical Research Institute,forestgeo@si.edu,3,,31,https://github.com/forestgeo,"https://github.com/forestgeo/Climate, https://github.com/forestgeo/fgeo.biomass, https://github.com/forestgeo/fgeo",2022-11-10T06:12:49.733Z,2026-10-03T01:29:14.116Z,https://avatars.githubusercontent.com/u/25665726?v=4,,"Climate Change, Biosphere, Biosphere","Climate Data Access and Visualization, Biomass, Forest Modeling and Analysis",Panama,academia,,http://www.forestgeo.si.edu/
ICube-SERTIT,sertit,ICube-SERTIT's repository,"Strasbourg, France",,1,,10,https://github.com/sertit,https://github.com/sertit/eoreader,2022-11-13T01:14:51.510Z,2026-10-03T02:35:48.112Z,https://avatars.githubusercontent.com/u/12795986?v=4,,Sustainable Development,Environmental Satellites,France,academia,,https://sertit.unistra.fr/
The Clothing Loop,the-clothing-loop,,,hello@clothingloop.org,1,,6,https://github.com/the-clothing-loop,https://github.com/the-clothing-loop/website,2023-02-28T01:03:46.592Z,2026-10-03T04:55:25.370Z,https://avatars.githubusercontent.com/u/122599881?v=4,,Industrial Ecology,Circular Economy and Waste,Netherlands,non-profit,,https://www.clothingloop.org/
wgms,wgms,"For more than a century, the World Glacier Monitoring Service (https://wgms.ch) and its predecessor organizations have been compiling and disseminating standardized data on glacier fluctuations.",,,1,,6,https://gitlab.com/wgms,https://gitlab.com/wgms/glathida,2023-05-31T11:49:37.172Z,2026-09-25T21:12:13.063Z,https://gitlab.com/uploads/-/system/group/avatar/6888114/wgms-logo.png,,Cryosphere,Glacier and Ice Sheets,Switzerland,collaboration,,http://wgms.ch
NCSU Landscape Dynamics Group,ncsu-landscape-dynamics,,"Raleigh, NC, USA",,1,,57,https://github.com/ncsu-landscape-dynamics,https://github.com/ncsu-landscape-dynamics/rpops,2022-11-11T08:10:46.432Z,2026-10-03T03:52:11.758Z,https://avatars.githubusercontent.com/u/10871336?v=4,,Consumption,Agriculture and Nutrition,USA,academia,,http://geospatial.ncsu.edu/landscapedynamics/
UNEP-WCMC,unepwcmc,,"Cambridge, UK",,1,,182,https://github.com/unepwcmc,https://github.com/unepwcmc/protectedplanet,2022-11-02T20:44:19.091Z,2026-10-03T02:36:15.112Z,https://avatars.githubusercontent.com/u/513080?v=4,,Biosphere,Biodiversity Data Access and Management,,,,https://www.unep-wcmc.org
dida,dida-do,,Berlin,,1,dida_ML,9,https://github.com/dida-do,https://github.com/dida-do/eurocropsml,2023-02-28T21:41:51.331Z,2026-10-03T03:52:10.597Z,https://avatars.githubusercontent.com/u/58663620?v=4,,Consumption,Agriculture and Nutrition,Germany,for-profit,,http://www.dida.do
OceanBioME,OceanBioME,"Organisaiton for OceanBioME.jl, a flexible ocean biogeochemical modelling enviroment ",United Kingdom,js2430@damtp.cam.ac.uk,1,,2,https://github.com/OceanBioME,https://github.com/OceanBioME/OceanBioME.jl,2023-07-12T17:32:06.650Z,2026-10-06T22:30:42.319Z,https://avatars.githubusercontent.com/u/109746627?v=4,,Emissions,Carbon Capture,UK,community,,https://oceanbiome.github.io/OceanBioME.jl
icesat2py,icesat2py,,,,1,,5,https://github.com/icesat2py,https://github.com/icesat2py/icepyx,2022-11-16T01:50:32.401Z,2026-10-02T02:59:17.674Z,https://avatars.githubusercontent.com/u/57814535?v=4,,Cryosphere,Glacier and Ice Sheets,Global,community,,https://icepyx.readthedocs.io/en/latest/
In the ade universe,adeverse,,France,,1,,8,https://github.com/adeverse,https://github.com/adeverse/ade4,2024-01-11T20:33:08.011Z,2026-10-02T11:37:01.789Z,https://avatars.githubusercontent.com/u/156308556?v=4,,Biosphere,Biodiversity Analysis and Metrics,Global,government agency,,
emma,eco-emma,,,,1,,5,https://github.com/eco-emma,https://github.com/eco-emma/emma_envdata,2026-06-02T20:23:01.378Z,2026-10-02T11:37:08.596Z,https://avatars.githubusercontent.com/u/264217004?v=4,,Biosphere,Conservation and Restoration,,,,http://emma.eco
OneBusAway,OneBusAway,Your open-source transit app for real-time information.,,info@onebusaway.org,1,,54,https://github.com/OneBusAway,https://github.com/OneBusAway/onebusaway-android,2022-11-03T09:56:30.063Z,2026-10-06T19:36:14.516Z,https://avatars.githubusercontent.com/u/1428806?v=4,,Consumption,Mobility and Transportation,USA,non-profit,,https://developer.onebusaway.org
reegis,reegis,,,,1,,7,https://github.com/reegis,https://github.com/reegis/deflex,2022-11-16T04:19:50.753Z,2026-10-03T02:44:55.799Z,https://avatars.githubusercontent.com/u/35924869?v=4,,Energy Systems,Energy System Modeling Frameworks,Global,community,,https://deflex.readthedocs.io/en/latest/
GeoPressure,GeoPressure,Open tools and standards for birds movement using multi-sensor geolocators,,,1,,1,https://github.com/GeoPressure,https://github.com/GeoPressure/GeoPressureR,2026-03-21T06:12:34.803Z,2026-10-07T04:33:04.603Z,https://avatars.githubusercontent.com/u/269720653?v=4,,Biosphere,Avian Monitoring and Analysis,,,,https://geopressure.org
OpenStudio Coalition,openstudiocoalition,,,OSC@openstudiocoalition.org,1,,8,https://github.com/openstudiocoalition,https://github.com/openstudiocoalition/openstudioapplication,2022-11-14T06:36:20.257Z,2026-10-02T22:17:53.330Z,https://avatars.githubusercontent.com/u/67355983?v=4,,Consumption,Buildings and Heating,USA,government agency,,http://openstudiocoalition.org
xoceanmodel,xoceanmodel,,,,1,,1,https://github.com/xoceanmodel,https://github.com/xoceanmodel/xroms,2022-11-18T11:41:50.672Z,2026-10-02T22:17:14.296Z,https://avatars.githubusercontent.com/u/84029482?v=4,,Hydrosphere,Ocean Models,Global,community,,https://xroms.readthedocs.io/en/latest/
OpenIDEAS,open-ideas,An open framework for integrated building and district energy simulations,Belgium,,1,,5,https://github.com/open-ideas,https://github.com/open-ideas/IDEAS,2022-11-06T03:29:45.828Z,2026-10-02T22:17:30.739Z,https://avatars.githubusercontent.com/u/5467967?v=4,,Consumption,Buildings and Heating,Global,community,,
SkyTruth,SkyTruth,"If you can see it, you can change it.",,hello@skytruth.org,1,,60,https://github.com/SkyTruth,https://github.com/SkyTruth/skytruth-30x30,2022-11-04T12:25:49.086Z,2026-10-07T04:33:03.042Z,https://avatars.githubusercontent.com/u/2915622?v=4,,Biosphere,Conservation and Restoration,USA,non-profit,,https://skytruth.org
Landscape Research Institute - Department of Forest Ecology,VUKOZ-OEL,Github web page of the Department of Forest Ecology,Czech Republic,,1,BluecatThe,4,https://github.com/VUKOZ-OEL,https://github.com/VUKOZ-OEL/3d-forest,2022-11-18T05:16:16.164Z,2026-10-06T22:15:21.410Z,https://avatars.githubusercontent.com/u/69624981?v=4,,Biosphere,Forest Remote Sensing,Czech Republic,government agency,,http://www.naturalforests.cz
AeroMAPS,AeroMAPS,,,,1,,1,https://github.com/AeroMAPS,https://github.com/aeromaps/aeromaps,2023-06-01T17:30:00.883Z,2026-10-06T22:30:25.510Z,https://avatars.githubusercontent.com/u/131977157?v=4,,Climate Change,Integrated Assessment and Climate Policy,,,,
OIE - Mines Paris - PSL,oie-mines-paristech,"Centre de recherche Observation, Impacts, Energie",Sophia Antipolis - France,,1,,17,https://github.com/oie-mines-paristech,https://github.com/oie-mines-paristech/lca_algebraic,2022-11-15T15:51:41.896Z,2026-10-03T03:51:44.255Z,https://avatars.githubusercontent.com/u/62893802?v=4,,Industrial Ecology,Life Cycle Assessment,France,academia,,http://www.oie.mines-paristech.fr/
Galv,galv-team,Battery experiment data management platform.,United Kingdom,,1,,7,https://github.com/galv-team,https://github.com/galv-team/galv-backend,2024-05-20T10:37:51.826Z,2026-10-03T02:36:00.186Z,https://avatars.githubusercontent.com/u/170310506?v=4,,Energy Storage,Battery,UK,community,,
LabSid,LabSid-USP,Laboratório de Sistemas de Suporte a Decisões em Engenharia Ambiental e Recursos Hídricos,"São Paulo, Brazil",,1,,3,https://github.com/LabSid-USP,https://github.com/LabSid-USP/RUBEM,2023-11-28T19:25:59.850Z,2026-10-06T22:29:51.129Z,https://avatars.githubusercontent.com/u/70539830?v=4,,Hydrosphere,Freshwater and Hydrology,Brazil,academia,,http://www.labsid.eng.br
kube-green,kube-green,,,,1,,10,https://github.com/kube-green,https://github.com/kube-green/kube-green,2022-11-14T07:53:00.573Z,2026-10-02T22:17:41.711Z,https://avatars.githubusercontent.com/u/94223580?v=4,,Consumption,Computation and Communication,Global,community,,https://kube-green.dev/
Awesome Spectral Indices,awesome-spectral-indices,Awesome Spectral Indices Ecosystem Organization,,,1,,8,https://github.com/awesome-spectral-indices,https://github.com/awesome-spectral-indices/awesome-spectral-indices,2022-11-15T06:05:42.299Z,2026-10-01T22:52:08.985Z,https://avatars.githubusercontent.com/u/105368819?v=4,,Sustainable Development,Curated Lists,Global,community,,https://awesome-ee-spectral-indices.readthedocs.io/en/latest/
Arpae ER - Servizio Idro Meteo Clima,ARPA-SIMC,"Agenzia regionale per la prevenzione, l'ambiente e l'energia dell'Emilia-Romagna","Bologna, Italy",,3,,37,https://github.com/ARPA-SIMC,"https://github.com/arpa-simc/agrolib, https://github.com/arpa-simc/criteria1d, https://github.com/arpa-simc/criteria3d",2022-11-13T05:27:38.127Z,2026-10-07T17:06:58.500Z,https://avatars.githubusercontent.com/u/13255471?v=4,,"Consumption, Consumption, Consumption","Agriculture and Nutrition, Agriculture and Nutrition, Agriculture and Nutrition",Italy,for-profit,,https://www.arpae.it/it/temi-ambientali/meteo/cosa-fa-arpae-meteo
The Social Cost of Carbon Initiative - Resources for the Future,rffscghg,,,,1,,8,https://github.com/rffscghg,https://github.com/rffscghg/mimigive.jl,2022-11-16T16:05:45.402Z,2026-10-03T05:46:59.579Z,https://avatars.githubusercontent.com/u/78443244?v=4,,Climate Change,Integrated Assessment and Climate Policy,,,,
FrontEndNet.Work Open Web ,frontendnetwork,We're a young team of webdesigners and web-developers and we're offering (ads-)free tools and apps as well as open source projects.,Germany,contribute@frontendnet.work,1,,10,https://github.com/frontendnetwork,https://github.com/frontendnetwork/veganify,2022-11-14T11:04:06.185Z,2026-10-02T16:14:01.669Z,https://avatars.githubusercontent.com/u/88216012?v=4,,Consumption,Agriculture and Nutrition,Germany,for-profit,,https://frontendnet.work
Accélérateur de la Transition Écologique (ADEME),incubateur-ademe,Incubateur interne de l'ADEME,France,contact@incubateur-ademe.beta.gouv.fr,2,,53,https://github.com/incubateur-ademe,"https://github.com/incubateur-ademe/impactco2, https://github.com/incubateur-ademe/nosgestesclimat",2022-11-14T05:06:12.536Z,2024-04-15T05:00:36.194Z,https://avatars.githubusercontent.com/u/78278195?v=4,,"Consumption, Emissions","Computation and Communication, Carbon Intensity and Accounting",Frace,government agency,,http://incubateur-ademe.beta.gouv.fr
CLIMAAX,CLIMAAX,climate ready regions,,,1,,1,https://github.com/CLIMAAX,https://github.com/climaax/crabook,2023-05-30T14:35:10.452Z,2026-10-07T07:32:52.644Z,https://avatars.githubusercontent.com/u/134370049?v=4,,Sustainable Development,Education,EU,community,,https://www.climaax.eu
dorie,dorie,,,,1,,1,https://gitlab.dune-project.org/dorie,https://gitlab.dune-project.org/dorie/dorie,2024-07-18T13:50:10.879Z,2026-10-04T07:43:36.066Z,,,Natural Resources,Water Supply and Quality,,,,
PyBOP Team,pybop-team,,,,1,,7,https://github.com/pybop-team,https://github.com/pybop-team/pybop,2023-07-07T11:24:06.619Z,2026-10-02T22:17:50.967Z,https://avatars.githubusercontent.com/u/136452226?v=4,,Energy Storage,Battery,Global,community,,
Northwest Fisheries Science Center - Conservation Biology Program,nwfsc-cb,,United States of America,,1,,19,https://github.com/nwfsc-cb,https://github.com/nwfsc-cb/rcax,2023-02-24T07:12:30.140Z,2026-10-03T04:54:36.305Z,https://avatars.githubusercontent.com/u/36515201?v=4,,Biosphere,Marine Life and Fishery,USA,government agency,,https://www.fisheries.noaa.gov/about/northwest-fisheries-science-center
pyinat,pyinat,Python tools for interacting with iNaturalist,United States of America,,2,,6,https://github.com/pyinat,"https://github.com/pyinat/naturtag, https://github.com/pyinat/pyinaturalist",2022-11-14T17:10:52.763Z,2026-10-02T22:59:33.102Z,https://avatars.githubusercontent.com/u/105503620?v=4,,"Biosphere, Biosphere","Biodiversity Citizen Science, Biodiversity Citizen Science",Global,community,,https://pyinaturalist.readthedocs.io
Google Research,google-research,,Earth,,4,,357,https://github.com/google-research,"https://github.com/google-research/flood-forecasting, https://github.com/google-research/perch, https://github.com/google-research/arco-era5, https://github.com/google-research/weatherbench2",2022-11-13T06:07:28.793Z,2026-10-01T09:34:17.563Z,https://avatars.githubusercontent.com/u/43830688?v=4,,"Climate Change, Biosphere, Climate Change, Atmosphere","Natural Hazard and Storms, Bioacoustics and Acoustic Data Analysis, Climate Data Access and Visualization, Meteorological Observation and Forecast",USA,for-profit,,https://research.google
Rewiring America,rewiringamerica,"Rewiring America is the leading electrification nonprofit, focused on electrifying everything in our communities.",United States of America,hello@rewiringamerica.org,1,,22,https://github.com/rewiringamerica,https://github.com/rewiringamerica/api.rewiringamerica.org,2023-05-10T23:22:47.283Z,2026-10-03T03:52:25.704Z,https://avatars.githubusercontent.com/u/74219987?v=4,,Energy Systems,Energy Data Accessibility and Integration,,,,https://www.rewiringamerica.org
Continuous-Time Movement Modeling (CTMM) Initiative,ctmm-initiative,ctmm is an R package for analyzing animal tracking data as a continuous-time stochastic process,,flemingc@si.edu,1,,20,https://github.com/ctmm-initiative,https://github.com/ctmm-initiative/ctmm,2022-11-17T08:26:29.667Z,2026-10-03T05:46:59.708Z,https://avatars.githubusercontent.com/u/25776679?v=4,,Biosphere,Ecological and Environmental Modeling,,,,http://biology.umd.edu/movement.html
nextflow-io,nextflow-io,"Portable, reproducible data-driven computational pipelines at scale",,,1,nextflowio,113,https://github.com/nextflow-io,https://github.com/nextflow-io/nf-co2footprint,2022-11-05T04:11:01.074Z,2026-10-02T02:59:21.295Z,https://avatars.githubusercontent.com/u/6698688?v=4,,Consumption,Computation and Communication,,,,http://nextflow.io
iNUX ,gw-inux,iNUX - Interactive understanding of groundwater hydrology and hydrogeology - An ERASMUS+ cooperation project,Germany,Thomas.Reimann@tu-dresden.de,1,,13,https://github.com/gw-inux,https://github.com/gw-inux/jupyter-notebooks,2023-12-06T22:27:59.411Z,2026-10-03T03:52:09.815Z,https://avatars.githubusercontent.com/u/140447749?v=4,,Sustainable Development,Education,,,,http://www.gw-inux.org
GMLC-TDC,GMLC-TDC,Repository for the GMLC TDC tool suite - HELICS,,helicsteam@helics.org,1,,32,https://github.com/GMLC-TDC,https://github.com/GMLC-TDC/HELICS,2022-11-12T20:37:30.174Z,2026-10-06T19:36:13.274Z,https://avatars.githubusercontent.com/u/22627455?v=4,,Energy Systems,Energy System Modeling Frameworks,USA,government agency,,https://helics.org
Klimatbyrån,Klimatbyran,,,,1,,1,https://github.com/Klimatbyran,https://github.com/klimatbyran/frontend,2022-11-14T05:32:28.050Z,2026-10-06T22:30:31.112Z,https://avatars.githubusercontent.com/u/101254632?v=4,,Emissions,Emission Observation and Modeling,Sweden,community,,https://klimatkollen.se/sv/
BioCro Team,biocro,,,,1,,6,https://github.com/biocro,https://github.com/biocro/biocro,2023-06-15T18:18:53.465Z,2026-10-03T03:52:11.956Z,https://avatars.githubusercontent.com/u/108023099?v=4,,Biosphere,Plants and Vegetation,Global,community,,https://biocro.org/
EnAccess Foundation,EnAccess,Open Source Solutions and Innovations for Energy Access projects,Netherlands,info@enaccess.org,3,,6,https://github.com/EnAccess,"https://github.com/enaccess/digitalization-support-hub, https://github.com/enaccess/opensmartmeter, https://github.com/enaccess/micropowermanager",2022-11-17T17:48:48.524Z,2026-10-07T21:34:05.014Z,https://avatars.githubusercontent.com/u/44804394?v=4,"'https://github.com/sponsors/EnAccess', 'https://www.paypal.me/EnAccess'","Energy Systems, Energy Systems, Energy Systems","Energy Data Accessibility and Integration, Building Energy Monitoring, Grid Management and Microgrid",Netherlands,non-profit,,https://enaccess.org
Bioeconomy,bioeconomy,"This group gathers repositories relating to the provision of data and analysis on biomass/bioeconomy supply and demand on a long-term basis in the context of the European Commission's in-house science service, DG Joint Research Center.",,,2,,7,https://gitlab.com/bioeconomy,"https://gitlab.com/bioeconomy/forobs/biotrade, https://gitlab.com/bioeconomy/eu_cbm/eu_cbm_hat",2023-04-27T10:38:57.439Z,2026-09-25T15:28:52.405Z,https://gitlab.com/uploads/-/system/group/avatar/4897061/bioeconomy_graphic_full.jpg,,"Consumption, Emissions","Agriculture and Nutrition, Carbon Offsets and Trading",Global,collaboration,,
fund-model,fund-model,,,,1,,1,https://github.com/fund-model,https://github.com/fund-model/MimiFUND.jl,2022-11-03T15:16:29.630Z,2026-10-03T03:51:46.621Z,https://avatars.githubusercontent.com/u/1495727?v=4,,Sustainable Development,Sustainable Investment,Global,community,,http://www.fund-model.org
Centre for High-Performance Scientific Computing in Terrestrial Systems (HPSC-TerrSys),HPSCTerrSys,,"Juelich, Germany",,1,,3,https://github.com/HPSCTerrSys,https://github.com/hpscterrsys/tsmp,2022-11-15T21:58:40.126Z,2026-10-06T20:23:55.294Z,https://avatars.githubusercontent.com/u/58439173?v=4,,Climate Change,Earth and Climate Modeling,Germany,academia,,http://www.hpsc-terrsys.de
ASSUME,assume-framework,Agent based market model toolbox,,,1,,5,https://github.com/assume-framework,https://github.com/assume-framework/assume,2023-04-24T16:04:10.577Z,2026-10-03T03:52:10.287Z,https://avatars.githubusercontent.com/u/131251735?v=4,,Energy Systems,Energy Markets,Germany,community,,https://assume-project.de/
MyEMS,MyEMS,行业领先的开源能源管理系统 。用开源助力实现碳达峰碳中和。Industry leading Open Source Energy Management System. Industrie führend Open-Source-Energiemanagementsystem.,"Beijing, China",,1,,2,https://github.com/MyEMS,https://github.com/myems/myems,2022-11-17T00:47:20.936Z,2026-10-06T22:30:31.923Z,https://avatars.githubusercontent.com/u/60860946?v=4,,Consumption,Buildings and Heating,,,,https://myems.cn
macroecology,macroecology,,,,1,,17,https://github.com/macroecology,https://github.com/macroecology/letsr,2022-11-08T00:40:15.459Z,2026-10-02T16:42:06.127Z,https://avatars.githubusercontent.com/u/6784164?v=4,,Biosphere,Biodiversity Analysis and Metrics,Global,community,2025-10-25,
Equinor,equinor,,Norway,,2,,758,https://github.com/equinor,"https://github.com/equinor/ecalc, https://github.com/equinor/acidwatch",2022-11-04T04:42:23.291Z,2026-10-03T03:52:59.886Z,https://avatars.githubusercontent.com/u/525862?v=4,,"Emissions, Emissions","Emission Observation and Modeling, Carbon Capture",Norway,for-profit,,https://equinor.com/
Global Facility for Disaster Reduction and Recovery (GFDRR),GFDRR,GFDRR supports developing countries on disaster risk reduction and climate change adaptation,,,3,GFDRR,83,https://github.com/GFDRR,"https://github.com/GFDRR/thinkhazard, https://github.com/GFDRR/rdl-standard, https://github.com/GFDRR/CCDR-tools",2022-11-03T04:37:14.759Z,2026-10-06T22:54:56.400Z,https://avatars.githubusercontent.com/u/708300?v=4,,"Climate Change, Climate Change, Climate Change","Natural Hazard and Storms, Natural Hazard and Storms, Natural Hazard and Storms",Global,government agency,,https://www.gfdrr.org/en
Mercator Ocean International,mercator-ocean,"Mercator Ocean International is a global leader in digital oceanography and ocean forecasting, now evolving into an intergovernmental organization.","Toulouse, France",,1,,3,https://github.com/mercator-ocean,https://github.com/mercator-ocean/copernicus-marine-toolbox,2024-02-05T16:09:12.018Z,2026-10-03T03:52:23.100Z,https://avatars.githubusercontent.com/u/33515150?v=4,,Hydrosphere,Ocean and Hydrology Data Access,,,,http://www.mercator-ocean.eu
Grid eXchange Fabric (GXF): formerly known as the Open Smart Grid Platform,OSGP,"Grid eXchange Fabric (GXF) allows to monitor and control hardware in the public space. It's an open, generic, scalable and independent IoT platform!",Vianen,,1,,4,https://github.com/OSGP,https://github.com/OSGP/open-smart-grid-platform,2022-11-12T07:26:53.734Z,2026-10-06T20:32:17.895Z,https://avatars.githubusercontent.com/u/11352045?v=4,,Energy Systems,Grid Management and Microgrid,Netherlands,collaboration,,https://www.lfenergy.org/projects/gxf/
Mapbiomas Brazil,mapbiomas-brazil,,Brazil,,1,,30,https://github.com/mapbiomas-brazil,https://github.com/mapbiomas-brazil/mapbiomas-training,2023-02-22T11:24:43.386Z,2026-10-03T04:54:36.355Z,https://avatars.githubusercontent.com/u/54656337?v=4,,Sustainable Development,Education,,,,http://mapbiomas.org
Donald Danforth Plant Science Center,danforthcenter,Our Mission: Improve the Human Condition Through Plant Science,"St. Louis, MO",,1,,137,https://github.com/danforthcenter,https://github.com/danforthcenter/plantcv,2022-11-07T16:37:04.605Z,2026-10-01T21:37:14.162Z,https://avatars.githubusercontent.com/u/9678079?v=4,,Biosphere,Plants and Vegetation,USA,non-profit,,https://danforthcenter.org
National Snow and Ice Data Center,nsidc,University of Colorado Boulder,"Boulder, Colorado",nsidc@nsidc.org,2,NSIDC,153,https://github.com/nsidc,"https://github.com/nsidc/NSIDC-Data-Tutorials, https://github.com/nsidc/qgreenland",2022-11-04T05:55:01.599Z,2026-10-03T01:32:15.779Z,https://avatars.githubusercontent.com/u/1874284?v=4,,"Sustainable Development, Cryosphere","Education, Glacier and Ice Sheets",USA,government agency,,http://www.nsidc.org/
The Restart Project,TheRestartProject,London-based social enterprise that encourages and empowers people to use their electronics longer in order to reduce waste.,London,tech@therestartproject.org,1,,14,https://github.com/TheRestartProject,https://github.com/therestartproject/restarters.net,2022-11-09T22:19:15.774Z,2026-10-06T22:30:37.280Z,https://avatars.githubusercontent.com/u/9137856?v=4,,Industrial Ecology,Circular Economy and Waste,,,,https://therestartproject.org
modflowpy,modflowpy,,,,1,,8,https://github.com/modflowpy,https://github.com/modflowpy/flopy,2022-11-10T18:08:48.309Z,2026-10-01T20:14:13.321Z,https://avatars.githubusercontent.com/u/10146746?v=4,,Natural Resources,Water Supply and Quality,USA,government agency,,https://flopy.readthedocs.io/en/stable/
U.S. General Services Administration,GSA,The U.S. General Services Administration,"1800 F Street NW, Washington DC 20405",gsa-github.support@gsa.gov,1,,1006,https://github.com/GSA,https://github.com/GSA/sdg-indicators-usa,2022-11-02T21:21:00.942Z,2026-10-06T22:54:46.471Z,https://avatars.githubusercontent.com/u/643070?v=4,,Sustainable Development,Sustainable Development Goals,USA,government agency,,https://open.gsa.gov
Neural Hydrology,neuralhydrology,"AI 4 Earth Sciences research group, Institute of Machine Learning, JKU Linz",,,1,,2,https://github.com/neuralhydrology,https://github.com/neuralhydrology/neuralhydrology,2023-02-22T23:27:42.950Z,2026-10-03T02:35:56.231Z,https://avatars.githubusercontent.com/u/59032226?v=4,,Hydrosphere,Freshwater and Hydrology,Germany,academia,,https://neuralhydrology.github.io/
openpv,open-pv,Building the open source website openpv.de to evaluate the solar potential of your building :sunny:,,,2,,7,https://github.com/open-pv,"https://github.com/open-pv/simshady, https://github.com/open-pv/website",2023-07-05T09:27:59.885Z,2026-10-02T22:59:32.046Z,https://avatars.githubusercontent.com/u/131481028?v=4,,"Renewable Energy, Renewable Energy","Photovoltaics and Solar Energy, Photovoltaics and Solar Energy",Germany,community,,http://www.openpv.de
NVIDIA Corporation,NVIDIA,,"2788 San Tomas Expressway, Santa Clara, CA, 95051",,2,,342,https://github.com/NVIDIA,"https://github.com/NVIDIA/earth2mip, https://github.com/nvidia/earth2studio",2022-11-02T16:32:36.376Z,2026-10-07T21:34:33.513Z,https://avatars.githubusercontent.com/u/1728152?v=4,,"Climate Change, Climate Change","Earth and Climate Modeling, Earth and Climate Modeling",USA,for-profit,,https://nvidia.com
ARCCSS climate extremes,ARCCSS-extremes,,,,1,,2,https://github.com/ARCCSS-extremes,https://github.com/ARCCSS-extremes/climpact,2022-11-11T23:45:14.963Z,2026-10-07T10:33:54.017Z,https://avatars.githubusercontent.com/u/12821207?v=4,,Climate Change,Climate Data Processing and Analysis,Australia,government agency,,https://climateextremes.org.au/
SOPhyE (Satellite Ocean Colour and Phytoplankton Ecology Group),BIO-RSG,Remote Sensing Group at the Bedford Institute of Oceanography for DFO Canada,Canada,,1,,7,https://github.com/BIO-RSG,https://github.com/BIO-RSG/PhytoFit,2022-11-14T09:15:53.094Z,2026-10-07T10:33:49.428Z,https://avatars.githubusercontent.com/u/68566074?v=4,,Biosphere,Marine Life and Fishery,Canada,government agency,,https://bio-rsg.github.io/
ORNL DAAC,ornldaac,The ORNL DAAC archives and delivers terrestrial ecology data as part of the NASA Earth Observing System Data and Information System (EOSDIS).,"Oak Ridge, TN, USA",,1,,42,https://github.com/ornldaac,https://github.com/ornldaac/gedi_tutorials,2022-11-15T06:55:51.861Z,2026-10-02T06:29:26.738Z,https://avatars.githubusercontent.com/u/31244857?v=4,,Sustainable Development,Education,USA,government agency,,https://daac.ornl.gov
SERVIR,SERVIR,,,,2,,98,https://github.com/SERVIR,"https://github.com/SERVIR/ClimateSERVpy, https://github.com/SERVIR/ClimateSERV2",2022-11-03T22:46:29.899Z,2026-10-06T23:05:39.373Z,https://avatars.githubusercontent.com/u/8176548?v=4,,"Climate Change, Climate Change","Climate Data Access and Visualization, Climate Data Access and Visualization",Global,collaboration,,https://www.servirglobal.net/
Greater Wellington Regional Council,Greater-Wellington-Regional-Council,,New Zealand,,1,greaterwgtn,3,https://github.com/Greater-Wellington-Regional-Council,https://github.com/greater-wellington-regional-council/environmental-outcomes-platform,2024-06-17T04:46:39.484Z,2026-10-06T21:57:34.440Z,https://avatars.githubusercontent.com/u/110517368?v=4,,Sustainable Development,Data Catalogs and Interfaces,New Zealand,government agency,,https://www.gw.govt.nz/
UW Hydro | Computational Hydrology,UW-Hydro,We build tools to simulate the terrestrial hydrologic cycle,"Seattle, WA",nijssen@uw.edu,2,,27,https://github.com/UW-Hydro,"https://github.com/UW-Hydro/MetSim, https://github.com/UW-Hydro/VIC",2022-11-04T20:46:55.389Z,2026-10-06T22:42:29.962Z,https://avatars.githubusercontent.com/u/3475662?v=4,,"Climate Change, Hydrosphere","Earth and Climate Modeling, Freshwater and Hydrology",USA,academia,,https://uw-hydro.github.io/
The Draf Project,DrafProject,"Home of Demand Response Analysis Framework (DRAF), it's modules, and showcases.",Germany,mfleschutz@gmail.com,2,,3,https://github.com/DrafProject,"https://github.com/DrafProject/draf, https://github.com/drafproject/elmada",2026-09-25T06:35:47.792Z,2026-10-08T04:36:12.004Z,https://avatars.githubusercontent.com/u/62054152?v=4,,"Energy Systems, Emissions","Load and Demand Forecasting, Carbon Offsets and Trading",,,,
OBIS,iobis,Ocean Biodiversity Information System,Belgium,helpdesk@obis.org,2,OBISNetwork,256,https://github.com/iobis,"https://github.com/iobis/robis, https://github.com/iobis/pyobis",2022-11-03T15:31:37.511Z,2026-10-02T16:42:12.129Z,https://avatars.githubusercontent.com/u/13709415?v=4,,"Biosphere, Biosphere","Biodiversity Data Access and Management, Biodiversity Data Access and Management",Belgium,collaboration,,https://obis.org
Theoretical Ecology,TheoreticalEcology,"Repositories of the Theoretical Ecology Group, University of Regensburg","Regensburg, Germany",,1,,10,https://github.com/TheoreticalEcology,https://github.com/theoreticalecology/s-jsdm,2022-11-15T03:23:55.397Z,2026-10-06T22:15:35.201Z,https://avatars.githubusercontent.com/u/22679875?v=4,,Biosphere,Species Distribution Modeling,,,,https://www.uni-regensburg.de/biologie-vorklinische-medizin/forschen/arbeitsgruppen/ag-hartig
Hurricane Analysis and Forecast System (HAFS) Community,hafs-community,HAFS is the Unified Forecast System (UFS) hurricane application specialized in tropical cyclone research and forecasting.,,,1,,44,https://github.com/hafs-community,https://github.com/hafs-community/HAFS,2022-11-18T13:18:21.386Z,2026-10-02T22:59:39.003Z,https://avatars.githubusercontent.com/u/48633048?v=4,,Climate Change,Natural Hazard and Storms,USA,community,2025-10-25,https://wpo.noaa.gov/the-hurricane-analysis-and-forecast-system-hafs/
FLR,flr,,,team@flrproject.org,1,,46,https://github.com/flr,https://github.com/flr/flcore,2022-11-04T21:02:31.203Z,2026-10-03T04:47:12.969Z,https://avatars.githubusercontent.com/u/3429277?v=4,,Biosphere,Marine Life and Fishery,Global,community,,http://flrproject.org
HVDC-WISE,HVDC-WISE,The project seeks to provide the necessary framework for HVDC grid design to enable future EU-GB grids to be planned and operated in reliable and resilient way,,,1,,1,https://github.com/HVDC-WISE,https://github.com/hvdc-wise/hvdc-wise_lib,2023-07-25T14:28:26.969Z,2026-10-06T22:42:09.619Z,https://avatars.githubusercontent.com/u/137079837?v=4,,Energy Systems,Grid Analysis and Planning,Global,collaboration,,http://hvdc-wise.eu
MeteoInfo,meteoinfo,Integrated GIS and scientific computation environment,,yaqiang.wang@gmail.com,1,,15,https://github.com/meteoinfo,https://github.com/meteoinfo/MeteoInfo,2022-11-07T00:27:31.311Z,2026-10-03T04:47:13.381Z,https://avatars.githubusercontent.com/u/12314696?v=4,,Atmosphere,Meteorological Observation and Forecast,China,academia,,http://www.meteothink.org/
Chargeprice,chargeprice,,,,1,chargeprice,3,https://github.com/chargeprice,https://github.com/chargeprice/open-ev-data,2026-09-24T18:43:57.422Z,2026-10-02T06:28:52.777Z,https://avatars.githubusercontent.com/u/66462851?v=4,,Consumption,Mobility and Transportation,,,,https://www.chargeprice.app
UdK-VPT,UdK-VPT,,Berlin,,1,,16,https://github.com/UdK-VPT,https://github.com/UdK-VPT/BuildingSystems,2022-11-03T07:35:46.811Z,2026-10-06T22:42:09.470Z,https://avatars.githubusercontent.com/u/10708399?v=4,,Consumption,Buildings and Heating,Germany,academia,,https://www.udk-berlin.de/studium/architektur/fachgebiete/versorgungsplanung-und-versorgungstechnik/
The Carpentries Incubator,carpentries-incubator,"A space for The Carpentries community to create, test, and improve lessons, supported by systems, process, and training to foster collaboration.",,team@carpentries.org,1,,242,https://github.com/carpentries-incubator,https://github.com/carpentries-incubator/green-software-hpc,2022-11-10T13:05:59.233Z,2026-10-03T05:47:09.628Z,https://avatars.githubusercontent.com/u/53264631?v=4,"'https://github.com/sponsors/carpentries', 'https://give.communityin.org/TheCarpentries'",Sustainable Development,Education,,,,https://carpentries-incubator.org/
Plant-Root-Soil-Interactions-Modelling,Plant-Root-Soil-Interactions-Modelling,,,,1,,4,https://github.com/Plant-Root-Soil-Interactions-Modelling,https://github.com/Plant-Root-Soil-Interactions-Modelling/CPlantBox,2022-11-10T07:30:13.047Z,2026-10-06T21:57:34.969Z,https://avatars.githubusercontent.com/u/25530913?v=4,,Biosphere,Plants and Vegetation,Germany,government agency,,https://plant-root-soil-interactions-modelling.github.io/CRootBox/
Fire safety design tools,firetools,"A collection of open-source tools for fire safety engineers, firefighters, researchers, and students.",Italy,,1,,12,https://github.com/firetools,https://github.com/firetools/qgis2fds,2022-11-16T21:34:16.084Z,2026-10-03T03:55:28.706Z,https://avatars.githubusercontent.com/u/16683990?v=4,,Biosphere,Wildfire,Italy,community,,https://firetools.org
IPCC-WG1,IPCC-WG1,Official GitHub repository for IPCC-WG1,,,1,,16,https://github.com/IPCC-WG1,https://github.com/IPCC-WG1/Chapter-9,2022-11-15T22:10:38.447Z,2026-10-06T22:42:09.279Z,https://avatars.githubusercontent.com/u/50878063?v=4,,Climate Change,Climate Data Access and Visualization,Global,government agency,,https://github.com/IPCC-WG1
Carbon Intensity API,carbon-intensity,,United Kingdom,,1,,6,https://github.com/carbon-intensity,https://github.com/carbon-intensity/api-definitions,2022-11-17T17:27:22.560Z,2026-10-03T03:55:30.748Z,https://avatars.githubusercontent.com/u/31545181?v=4,,Emissions,Carbon Intensity and Accounting,UK,collaboration,,http://carbonintensity.org.uk/
Energy and Power Group,EPGOxford,"The Energy and Power Group (EPG), part of Engineering Science at University of Oxford","Oxford, UK",,1,EPGOxford,2,https://github.com/EPGOxford,https://github.com/EPGOxford/OPEN,2023-07-13T16:33:15.766Z,2026-10-06T23:34:43.017Z,https://avatars.githubusercontent.com/u/54850669?v=4,,Energy Systems,Renewable Energy Integration,UK,academia,,https://epg.eng.ox.ac.uk/
censusdis,censusdis,,,,1,,6,https://github.com/censusdis,https://github.com/censusdis/censusdis,2024-02-13T17:01:53.943Z,2026-10-02T22:59:35.594Z,https://avatars.githubusercontent.com/u/153302187?v=4,,Sustainable Development,Population and Poverty,USA,community,,http://censusdis.readthedocs.io
Mazama Science,MazamaScience,SEE YOUR DATA,"Seattle, WA",jonathan.callahan@dri.edu,1,,15,https://github.com/MazamaScience,https://github.com/mazamascience/airmonitor,2022-11-12T23:23:42.305Z,2026-10-07T10:33:53.694Z,https://avatars.githubusercontent.com/u/12518709?v=4,,Natural Resources,Air Quality,USA,academia,,http://mazamascience.com
TNO,TNO,The Netherlands Organisation for Applied Scientific Research,The Netherlands,info@tno.nl,2,,62,https://github.com/TNO,"https://github.com/TNO/ChaProEV, https://github.com/TNO/EXIOMOD-open",2022-11-05T08:18:36.161Z,2026-10-06T23:34:17.023Z,https://avatars.githubusercontent.com/u/1871660?v=4,,"Consumption, Climate Change","Mobility and Transportation, Integrated Assessment and Climate Policy",Netherlands,government agency,,http://www.tno.nl
ERC Synergy Grant Water Futures,WaterFutures,Repository for the ERC SyG Water Futures Team,,,2,,1,https://github.com/WaterFutures,"https://github.com/waterfutures/epyt-control, https://github.com/waterfutures/epyt-flow",2024-01-31T13:34:11.826Z,2026-10-06T22:42:19.040Z,https://avatars.githubusercontent.com/u/149570313?v=4,,"Natural Resources, Natural Resources","Water Supply and Quality, Water Supply and Quality",EU,academia,,http://www.waterfutures.eu
jrc-ldv,jrc-ldv,,,,1,,8,https://code.europa.eu/jrc-ldv,https://code.europa.eu/jrc-ldv/jrshift,2024-07-18T11:57:25.611Z,2026-10-03T04:54:31.586Z,,,Consumption,Mobility and Transportation,EU,government agency,,
JuliaEnergy,JuliaEnergy,,,,2,,5,https://github.com/JuliaEnergy,"https://github.com/JuliaEnergy/Joulia.jl, https://github.com/JuliaEnergy/PowerDynamics.jl",2022-11-14T01:46:14.381Z,2026-10-06T22:54:56.390Z,https://avatars.githubusercontent.com/u/42609159?v=4,,"Energy Systems, Energy Systems","Energy System Modeling Frameworks, Grid Analysis and Planning",Global,community,,
Centre for Net Zero,centrefornetzero,Pioneering research to make the future energy system a reality,United Kingdom,info@centrefornetzero.org,1,CentreNetZero,14,https://github.com/centrefornetzero,https://github.com/centrefornetzero/pypsa-fes,2022-11-16T02:50:56.834Z,2026-10-03T03:55:28.951Z,https://avatars.githubusercontent.com/u/85338001?v=4,,Energy Systems,Global and Regional Energy System Models,UK,non-profit,,https://www.centrefornetzero.org/
World Resources Institute,wri,,"Washington, DC",datalab@wri.org,5,,269,https://github.com/wri,"https://github.com/wri/gfw-mapbuilder, https://github.com/wri/carbon-budget, https://github.com/wri/global-power-plant-database, https://github.com/wri/gfw, https://github.com/wri/sentinel-tree-cover",2022-11-03T00:18:19.167Z,2026-10-02T21:52:39.176Z,https://avatars.githubusercontent.com/u/4615146?v=4,,"Biosphere, Biosphere, Energy Systems, Biosphere, Biosphere","Forest Observation and Management, Biomass, Energy Data Accessibility and Integration, Forest Observation and Management, Forest Remote Sensing",USA,non-profit,,https://wri.org
sshaerosol,sshaerosol,,,,1,,2,https://github.com/sshaerosol,https://github.com/sshaerosol/ssh-aerosol,2023-03-11T12:27:00.723Z,2026-10-02T22:37:32.910Z,https://avatars.githubusercontent.com/u/56385869?v=4,,Atmosphere,Atmospheric Chemistry and Aerosol,France,academia,,http://sshaerosol.wordpress.com
PyPSA meets Earth,pypsa-meets-earth,An open source energy system model initiative for our Earth,,,4,pypsameetsearth,35,https://github.com/pypsa-meets-earth,"https://github.com/pypsa-meets-earth/pypsa-kz-data, https://github.com/pypsa-meets-earth/earth-osm, https://github.com/pypsa-meets-earth/pypsa-earth, https://github.com/pypsa-meets-earth/pypsa-asean",2022-11-14T09:36:13.738Z,2026-10-02T22:37:59.234Z,https://avatars.githubusercontent.com/u/84225086?v=4,,"Energy Systems, Energy Systems, Energy Systems, Energy Systems","Global and Regional Energy System Models, Grid Analysis and Planning, Global and Regional Energy System Models, Global and Regional Energy System Models",Global,community,,https://pypsa-meets-earth.github.io/
Libre Solar Project,LibreSolar,,"Hamburg, Germany",,3,,46,https://github.com/LibreSolar,"https://github.com/LibreSolar/bms-firmware, https://github.com/LibreSolar/bms-c1, https://github.com/LibreSolar/charge-controller-firmware",2022-11-06T05:38:10.395Z,2024-04-14T08:14:02.001Z,https://avatars.githubusercontent.com/u/17674115?v=4,,"Renewable Energy, Energy Storage, Renewable Energy","Photovoltaics and Solar Energy, Battery, Photovoltaics and Solar Energy",Germany,community,,https://libre.solar
USDA-VS,USDA-VS,USDA-Veterinary Services,,tod.p.stuber@usda.gov,1,,3,https://github.com/USDA-VS,https://github.com/usda-vs/genoflu,2023-03-21T12:42:33.434Z,2026-10-06T22:29:53.690Z,https://avatars.githubusercontent.com/u/9865425?v=4,,Biosphere,Avian Monitoring and Analysis,USA,government agency,,http://usda.gov
Centre for Environmental Data Analysis Developers,cedadev,,UK,,2,,468,https://github.com/cedadev,"https://github.com/cedadev/cf-checker, https://github.com/cedadev/cis",2022-11-02T18:15:31.597Z,2026-10-02T22:38:10.943Z,https://avatars.githubusercontent.com/u/1781681?v=4,,"Climate Change, Atmosphere","Climate Data Standards, Atmospheric Composition and Dynamics",UK,academia,,https://www.ceda.ac.uk
Home Assistant Libraries,home-assistant-libs,Device libraries used by Home Assistant,,hello@home-assistant.io,1,,51,https://github.com/home-assistant-libs,https://github.com/home-assistant-libs/forecast_solar,2022-11-06T05:53:50.090Z,2026-10-02T06:29:12.215Z,https://avatars.githubusercontent.com/u/63743711?v=4,,Renewable Energy,Photovoltaics and Solar Energy,,,,https://www.home-assistant.io
FlexMeasures,FlexMeasures,FlexMeasures is the smart EMS for energy flexibility applications. An incubation project at the Linux Energy Foundation.,,flexmeasures@lists.lfenergy.org,1,,9,https://github.com/FlexMeasures,https://github.com/FlexMeasures/flexmeasures,2022-11-14T08:06:20.823Z,2026-10-06T19:41:54.235Z,https://avatars.githubusercontent.com/u/75485874?v=4,,Energy Systems,Building Energy Monitoring,Global,collaboration,,https://flexmeasures.io
Roseau Technologies,RoseauTechnologies,,Grenoble,contact@roseautechnologies.com,1,,2,https://github.com/RoseauTechnologies,https://github.com/roseautechnologies/roseau_load_flow,2023-10-20T15:38:38.764Z,2026-10-07T10:34:06.185Z,https://avatars.githubusercontent.com/u/38894380?v=4,,Energy Systems,Energy System Modeling Frameworks,France,for-profit,,https://www.roseautechnologies.com
Climate Policy Radar,climatepolicyradar,,"London, UK",,1,climatepolradar,66,https://github.com/climatepolicyradar,https://github.com/climatepolicyradar/methodology,2022-11-14T18:15:31.994Z,2026-10-03T03:55:39.119Z,https://avatars.githubusercontent.com/u/84979427?v=4,,Climate Change,Integrated Assessment and Climate Policy,UK,non-profit,,http://climatepolicyradar.org
REEF3D,REEF3D,REEF3D : Open-Source Hydrodynamics,"NTNU Trondheim, Norway",,1,REEF3D,2,https://github.com/REEF3D,https://github.com/reef3d/reef3d,2026-09-25T17:58:27.608Z,2026-10-06T21:57:33.835Z,https://avatars.githubusercontent.com/u/44928822?v=4,,Hydrosphere,Coastal and Reefs,,,,http://www.reef3d.com
Power-Systems-Optimization-Course,Power-Systems-Optimization-Course,,,,1,,1,https://github.com/Power-Systems-Optimization-Course,https://github.com/power-systems-optimization-course/power-systems-optimization,2023-09-08T17:37:38.682Z,2026-10-06T23:15:01.891Z,https://avatars.githubusercontent.com/u/144373230?v=4,,Sustainable Development,Education,USA,government agency,,
gwmod,gwmod,,,,1,,2,https://github.com/gwmod,https://github.com/gwmod/nlmod,2023-10-26T17:27:50.724Z,2026-10-03T02:36:08.402Z,https://avatars.githubusercontent.com/u/147708829?v=4,,Hydrosphere,Freshwater and Hydrology,Netherlands,community,,https://nlmod.readthedocs.io/en/stable/
National Renewable Energy Centre - CENER,iat-cener,"CENER is a technology centre, specialised in applied research and in the development and promotion of renewable energies","Sarriguren, Spain",,1,CENER_Energia,10,https://github.com/iat-cener,https://github.com/iat-cener/tonatiuh,2022-11-12T15:08:44.430Z,2026-10-03T03:55:32.203Z,https://avatars.githubusercontent.com/u/12331888?v=4,,Renewable Energy,Photovoltaics and Solar Energy,Spain,government agency,,https://www.cener.com
MESMER-group,MESMER-group,,,,1,,5,https://github.com/MESMER-group,https://github.com/MESMER-group/mesmer,2022-11-15T06:10:49.446Z,2026-10-06T21:57:34.289Z,https://avatars.githubusercontent.com/u/78082765?v=4,,Climate Change,Earth and Climate Modeling,Switzerland,academia,,https://mesmer-emulator.readthedocs.io/en/latest/
mtress,mtress,,,,1,,1,https://github.com/mtress,https://github.com/mtress/mtress,2026-09-25T13:54:36.574Z,2026-10-02T22:37:34.741Z,https://avatars.githubusercontent.com/u/90922169?v=4,,Energy Systems,Renewable Energy Integration,,,,
CMU CREATE Lab,CMU-CREATE-Lab,,"Pittsburgh, PA, USA",,1,,170,https://github.com/CMU-CREATE-Lab,https://github.com/CMU-CREATE-Lab/deep-smoke-machine,2022-11-04T09:04:34.236Z,2024-04-14T01:18:23.500Z,https://avatars.githubusercontent.com/u/3278646?v=4,,Emissions,Emission Observation and Modeling,USA,academia,,http://cmucreatelab.org
Emissions API,emissions-api,Easy access to satellite-based emission data for everyone,"Osnabrück, Germany",,1,emissions_api,10,https://github.com/emissions-api,https://github.com/emissions-api/emissions-api,2022-11-13T15:51:32.336Z,2026-10-03T03:55:27.318Z,https://avatars.githubusercontent.com/u/47664099?v=4,,Emissions,Emission Observation and Modeling,Germany,community,,https://emissions-api.org
OSMOSE: Modelling Marine Exploited Ecosystems,osmose-model,,,,1,,20,https://github.com/osmose-model,https://github.com/osmose-model/osmose,2022-11-09T12:36:18.570Z,2026-10-02T22:37:53.903Z,https://avatars.githubusercontent.com/u/16767770?v=4,,Biosphere,Marine Life and Fishery,Global,community,,http://www.osmose-model.org
Arup,arup-group,We Shape a Better World,,nathanrobertsarup,1,,31,https://github.com/arup-group,https://github.com/arup-group/a-carbon-tool,2022-11-05T14:39:56.742Z,2026-10-02T01:01:41.639Z,https://avatars.githubusercontent.com/u/59966781?v=4,,Consumption,Buildings and Heating,Global,for-profit,,https://www.arup.com/
opentaps,opentaps,,,,2,,11,https://github.com/opentaps,"https://github.com/opentaps/open-climate-investing, https://github.com/opentaps/blockchain-carbon-accounting",2022-11-15T05:12:11.304Z,2026-10-03T02:44:11.521Z,https://avatars.githubusercontent.com/u/79276703?v=4,,"Sustainable Development, Emissions","Sustainable Investment, Carbon Intensity and Accounting",USA,for-profit,,https://www.opensourcestrategies.com/
igmk,igmk,,,,1,,21,https://github.com/igmk,https://github.com/igmk/pamtra,2023-03-04T23:54:22.815Z,2026-10-03T05:47:01.037Z,https://avatars.githubusercontent.com/u/17179490?v=4,,Atmosphere,Radiative Transfer,,,,
Pacific Marine Environmental Laboratory,NOAA-PMEL,"NOAA/PMEL conducts research to advance our knowledge of the global ocean and its interactions with the earth, atmosphere and ecosystems.","Seattle, WA",,1,,108,https://github.com/NOAA-PMEL,https://github.com/NOAA-PMEL/Ferret,2022-11-07T19:18:36.534Z,2026-10-06T22:54:50.675Z,https://avatars.githubusercontent.com/u/16405663?v=4,,Hydrosphere,Ocean and Hydrology Data Access,USA,academia,,http://www.pmel.noaa.gov
"Institute of Food Technologists, Global Food Traceability Center",ift-gftc,,"Chicago, IL",traceability@ift.org,1,,10,https://github.com/ift-gftc,https://github.com/ift-gftc/opentraceability,2023-05-17T09:14:55.650Z,2026-10-03T02:44:58.765Z,https://avatars.githubusercontent.com/u/46349747?v=4,,Consumption,Agriculture and Nutrition,,,,http://ift.org
ADCIRC Development Group,adcirc,Development team for the ADCIRC Model,"Chapel Hill, North Carolina",,1,,5,https://github.com/adcirc,https://github.com/adcirc/adcirc,2022-11-05T23:22:38.722Z,2026-10-02T22:17:22.570Z,https://avatars.githubusercontent.com/u/19238040?v=4,,Climate Change,Natural Hazard and Storms,USA,academia,,http://www.adcirc.org
ALUMET project,alumet-dev,"Development of the ALUMET measurement software for efficient and sustainable computing (Adaptive, Lightweight, Unified Metrics)",,,1,,11,https://github.com/alumet-dev,https://github.com/alumet-dev/alumet,2024-05-14T15:38:41.940Z,2026-10-02T06:29:53.164Z,https://avatars.githubusercontent.com/u/166117324?v=4,,Consumption,Computation and Communication,France,collaboration,,https://alumet.dev
ZALF - Computation and Data Service Platform (CDP),zalf-rpm,,"Eberswalder Str. 84, 15374 Müncheberg, Germany",michael.berg-mohnicke@zalf.de,1,,132,https://github.com/zalf-rpm,https://github.com/zalf-rpm/monica,2022-11-05T01:45:25.137Z,2026-10-03T04:47:18.445Z,https://avatars.githubusercontent.com/u/3840218?v=4,,Consumption,Agriculture and Nutrition,Germany,non-profit,,https://www.zalf.de/en/struktur/cdp/Pages/default.aspx
batterypass,batterypass,,,,1,,1,https://github.com/batterypass,https://github.com/batterypass/batterypassdatamodel,2024-07-25T11:07:12.509Z,2026-10-03T02:45:38.880Z,https://avatars.githubusercontent.com/u/143512932?v=4,,Energy Storage,Battery,,,,
OpenFLUID,OpenFLUID,OpenFLUID is a software platform for spatial modelling and simulation of landscapes. Official forge repository at https://forge.inrae.fr/openfluid,"Montpellier, France",contact@openfluid-project.org,1,,19,https://github.com/OpenFLUID,https://github.com/openfluid/openfluid,2022-11-04T18:28:22.339Z,2026-10-06T22:54:49.910Z,https://avatars.githubusercontent.com/u/3300491?v=4,,Natural Resources,Soil and Land,France,collaboration,,http://www.openfluid-project.org
Hundredrabbits,hundredrabbits,"We only use github to host the javascript versions of our applications, for the C and Assembly versions, see: https://git.sr.ht/~rabbits/",Sailing the Pacific Ocean,hundredrabbits@gmail.com,1,,32,https://github.com/hundredrabbits,https://github.com/hundredrabbits/grimgrains,2022-11-04T20:39:22.941Z,2024-04-12T23:15:15.267Z,https://avatars.githubusercontent.com/u/15803194?v=4,,Consumption,Agriculture and Nutrition,Global,for-profit,,http://100r.co
pyet,pyet-org,This organization holds the open source python package pyet.,,,1,,2,https://github.com/pyet-org,https://github.com/pyet-org/pyet,2023-03-10T00:24:32.481Z,2026-10-03T03:55:34.158Z,https://avatars.githubusercontent.com/u/117862225?v=4,,Natural Resources,Water Supply and Quality,Global,community,,https://github.com/phydrus/pyet
Integrated Multisector Multiscale Modeling,IMMM-SFA,Models and code from the IM3 SFA,"Richland, WA",,2,,45,https://github.com/IMMM-SFA,"https://github.com/IMMM-SFA/tell, https://github.com/IMMM-SFA/mosartwmpy",2022-11-14T08:22:16.467Z,2026-10-06T23:16:04.594Z,https://avatars.githubusercontent.com/u/31457237?v=4,,"Energy Systems, Natural Resources","Load and Demand Forecasting, Water Supply and Quality",USA,government agency,,https://im3.pnnl.gov/
Matplotlib Developers,matplotlib,,,,1,matplotlib,52,https://github.com/matplotlib,https://github.com/matplotlib/cmocean,2022-11-02T16:22:55.322Z,2024-10-29T13:07:01.495Z,https://avatars.githubusercontent.com/u/215947?v=4,'https://github.com/sponsors/matplotlib',Hydrosphere,Ocean and Hydrology Data Access,Global,community,,https://matplotlib.org
GEOS,GEOS-DEV,GEOS Simulation Framework,,,1,,1,https://github.com/GEOS-DEV,https://github.com/GEOS-DEV/GEOS,2022-11-12T19:04:53.725Z,2026-10-06T22:55:27.948Z,https://avatars.githubusercontent.com/u/38363894?v=4,,Emissions,Carbon Capture,Global,community,,https://geosx-geosx.readthedocs-hosted.com/en/latest/index.html
Fabrique numérique du Ministère de la Transition écologique,MTES-MCT,Incubateur des Startups d'Etat,France,,2,,100,https://github.com/MTES-MCT,"https://github.com/mtes-mct/monitorfish, https://github.com/mtes-mct/ecobalyse",2022-11-12T20:51:38.455Z,2026-10-06T21:57:36.355Z,https://avatars.githubusercontent.com/u/20193330?v=4,,"Biosphere, Industrial Ecology","Marine Life and Fishery, Life Cycle Assessment",France,government agency,,https://ecologie.gouv.fr/
Python for Data,pydata,,,,1,,28,https://github.com/pydata,https://github.com/pydata/xarray,2022-11-02T16:23:00.274Z,2026-10-01T10:47:09.539Z,https://avatars.githubusercontent.com/u/1284191?v=4,,Climate Change,Climate Data Standards,Global,community,,http://groups.google.com/forum/?fromgroups#!forum/pydata
OpenFAST,OpenFAST,Organization for OpenFAST-related repositories including whole-turbine and full wind farm simulation tools.,,,1,,7,https://github.com/OpenFAST,https://github.com/openfast/openfast,2022-11-07T18:56:55.253Z,2026-10-06T23:35:32.042Z,https://avatars.githubusercontent.com/u/15838605?v=4,,Renewable Energy,Wind Energy,USA,government agency,,https://openfast.readthedocs.io
Fields of The World (FTW),fieldsoftheworld,"A novel ML benchmark dataset for agricultural field instance segmentation spanning countries on four continents (Europe, Africa, Asia, and South America).",,,1,,22,https://github.com/fieldsoftheworld,https://github.com/fieldsoftheworld/ftw-baselines,2024-09-18T04:26:12.239Z,2026-10-02T06:28:50.844Z,https://avatars.githubusercontent.com/u/179528260?v=4,,Consumption,Agriculture and Nutrition,Global,community,,https://fieldsofthe.world
PlantPhys,plantphys,,United States of America,shawn.p.serbin@nasa.gov,1,,2,https://github.com/plantphys,https://github.com/plantphys/gsti,2024-06-17T18:18:37.376Z,2026-10-03T04:54:41.639Z,https://avatars.githubusercontent.com/u/170114687?v=4,,Biosphere,Plants and Vegetation,,,,
Geospatial Research Institute | Toi Hangarau,GeospatialResearch,,New Zealand,gri-enquiries@canterbury.ac.nz,1,GeospatialNZ,3,https://github.com/GeospatialResearch,https://github.com/geospatialresearch/digital-twins,2022-11-16T03:03:04.429Z,2026-10-06T20:23:56.757Z,https://avatars.githubusercontent.com/u/31715076?v=4,,Climate Change,Natural Hazard and Storms,New Zealand,academia,,https://geospatial.ac.nz
Pacific Northwest National Laboratory (Public),pnnl,This Org is intended for the hosting of approved released PNNL software repositories for public use and collaboration.,United States of America,,3,,474,https://github.com/pnnl,"https://github.com/pnnl/exago, https://github.com/pnnl/constrain, https://github.com/pnnl/geocluster",2022-11-09T10:22:26.506Z,2026-10-01T21:30:37.020Z,https://avatars.githubusercontent.com/u/10872965?v=4,,"Energy Systems, Consumption, Renewable Energy","Grid Analysis and Planning, Buildings and Heating, Geothermal Energy",USA,government agency,,http://www.pnnl.gov/
Global Fishing Watch,GlobalFishingWatch,Technology Illuminating the World's Fishing Fleet,"0,0",info@globalfishingwatch.org,1,,144,https://github.com/GlobalFishingWatch,https://github.com/GlobalFishingWatch/gfwr,2022-11-05T18:05:45.357Z,2026-10-06T21:39:11.590Z,https://avatars.githubusercontent.com/u/9467707?v=4,,Biosphere,Marine Life and Fishery,USA,non-profit,,http://globalfishingwatch.org
DataONE,DataONEorg,,United States of America,support@dataone.org,2,,116,https://github.com/DataONEorg,"https://github.com/dataoneorg/rdataone, https://github.com/dataoneorg/d1_python",2022-11-06T07:50:08.930Z,2026-10-06T22:42:17.029Z,https://avatars.githubusercontent.com/u/5865133?v=4,,"Sustainable Development, Sustainable Development","Data Catalogs and Interfaces, Data Catalogs and Interfaces",USA,community,,https://dataone.org
restor,Restor-Foundation,An open data platform of ecological insights for the global restoration movement.,"Zürich, Switzerland",,1,,1,https://github.com/Restor-Foundation,https://github.com/restor-foundation/tcd,2023-11-17T11:36:44.799Z,2026-10-06T23:05:10.842Z,https://avatars.githubusercontent.com/u/75027896?v=4,,Biosphere,Forest Remote Sensing,Switzerland,non-profit,,https://restor.eco
CSIRO Hydroinformatics,csiro-hydroinformatics,CSIRO - hydroinformatics repositories,,,1,,47,https://github.com/csiro-hydroinformatics,https://github.com/csiro-hydroinformatics/pybomwater,2022-11-10T20:10:13.433Z,2026-10-03T03:55:50.233Z,https://avatars.githubusercontent.com/u/51142635?v=4,,Hydrosphere,Ocean and Hydrology Data Access,USA,community,,https://csiro-hydroinformatics.github.io/streamflow-forecasting-tools-onboard/
Assessing Solar,AssessingSolar,,,,1,,5,https://github.com/AssessingSolar,https://github.com/assessingsolar/solarstations,2023-02-24T07:51:36.885Z,2026-10-06T21:57:33.502Z,https://avatars.githubusercontent.com/u/65510739?v=4,,Renewable Energy,Photovoltaics and Solar Energy,Global,community,,http://assessingsolar.org
iClimate,iClimate,,,bkt992@gmail.com,1,,1,https://github.com/iClimate,https://github.com/iclimate/ghgpy,2024-04-03T15:38:26.700Z,2026-10-06T22:42:11.612Z,https://avatars.githubusercontent.com/u/165917448?v=4,,Emissions,Carbon Intensity and Accounting,Global,community,,https://ghgpy.iclimate.io.vn/
BC3 Low Carbon department,bc3LC,,Spain,,1,,2,https://github.com/bc3LC,https://github.com/bc3lc/medusa,2023-04-20T12:43:37.202Z,2026-10-06T23:15:03.099Z,https://avatars.githubusercontent.com/u/113363938?v=4,,Climate Change,Integrated Assessment and Climate Policy,Spain,academia,,https://www.bc3research.org/bc3/objectives/objective_2_support_decision_making_in_the_transition_to_a_low_carbon_society.html
OpenTripPlanner Project,opentripplanner,,worldwide,,1,,23,https://github.com/opentripplanner,https://github.com/opentripplanner/opentripplanner,2022-11-03T05:11:00.191Z,2026-10-02T06:29:52.388Z,https://avatars.githubusercontent.com/u/3007066?v=4,,Consumption,Mobility and Transportation,Global,community,,http://opentripplanner.org
bbsBayes,bbsBayes,Project for R packages conducting hierarchical Bayesian analysis of North American breeding bird survey data,,,1,,2,https://github.com/bbsBayes,https://github.com/bbsbayes/bbsbayes2,2023-03-11T07:57:39.440Z,2026-10-06T19:41:06.648Z,https://avatars.githubusercontent.com/u/122904625?v=4,,Biosphere,Avian Monitoring and Analysis,Global,community,,
GFBio,gfbio,German Federation for Biological Data,Germany,,1,,24,https://github.com/gfbio,https://github.com/gfbio/gfbio-data-submission,2022-11-07T22:45:07.335Z,2026-10-03T05:47:00.871Z,https://avatars.githubusercontent.com/u/7249241?v=4,,Biosphere,Biodiversity Data Access and Management,Germany,collaboration,,https://www.gfbio.org/
Jua,juaAI,Building a foundation physics model for nature,Switzerland,,1,,2,https://github.com/juaAI,https://github.com/juaai/stationbench,2023-07-06T16:35:16.058Z,2026-10-06T20:23:52.803Z,https://avatars.githubusercontent.com/u/77738808?v=4,,Atmosphere,Meteorological Observation and Forecast,Switzerland,for-profit,,http://jua.ai
Specify Collections Consortium,specify,The Specify Collections Consortium of biological museums and research repositories produces software platforms that process species and specimen data.,"University of Kansas, Lawrence",support@specifysoftware.org,1,,29,https://github.com/specify,https://github.com/specify/specify7,2022-11-03T09:34:52.717Z,2026-10-02T22:38:10.513Z,https://avatars.githubusercontent.com/u/2906014?v=4,,Biosphere,Biodiversity Data Access and Management,USA,academia,,https://specifysoftware.org/
ClimateWatch-Vizzuality,ClimateWatch-Vizzuality,,,,1,,7,https://github.com/ClimateWatch-Vizzuality,https://github.com/climatewatch-vizzuality/climate-watch,2022-11-13T00:15:28.681Z,2026-10-06T23:15:14.622Z,https://avatars.githubusercontent.com/u/41366936?v=4,,Sustainable Development,Knowledge Platforms,USA,non-profit,,https://www.climatewatchdata.org/
pyGSFLOW,pygsflow,pyGSFLOW is a python package for GSFLOW integrated models,,pygsflow@gmail.com,1,,2,https://github.com/pygsflow,https://github.com/pygsflow/pygsflow,2022-11-18T11:13:52.409Z,2026-10-03T02:45:18.707Z,https://avatars.githubusercontent.com/u/47640617?v=4,,Natural Resources,Water Supply and Quality,USA,government agency,,https://pygsflow.github.io/pygsflowdocs/
CREA,energyandcleanair,,,,2,,66,https://github.com/energyandcleanair,"https://github.com/energyandcleanair/fossil_shipment_tracker_r, https://github.com/energyandcleanair/creahia",2022-11-15T06:26:51.723Z,2026-10-03T02:45:11.168Z,https://avatars.githubusercontent.com/u/64344323?v=4,,"Emissions, Natural Resources","Emission Observation and Modeling, Air Quality",Finland,non-profit,,https://energyandcleanair.org/
WAM2layersTeam,WAM2layers,,,,1,,1,https://github.com/WAM2layers,https://github.com/wam2layers/wam2layers,2022-11-15T03:20:35.145Z,2026-10-06T22:54:52.907Z,https://avatars.githubusercontent.com/u/101812219?v=4,,Atmosphere,Atmospheric Dispersion and Transport,Global,collaboration,,http://wam2layers.readthedocs.io
VERSO,VERSO-UVM,,,,1,,1,https://github.com/VERSO-UVM,https://github.com/verso-uvm/wastewater-infrastructure-mapping,2023-08-04T17:26:28.708Z,2026-10-06T21:57:33.786Z,https://avatars.githubusercontent.com/u/107194815?v=4,,Natural Resources,Water Supply and Quality,,,,
UU-Hydro,UU-Hydro,"Earth Surface Hydrology Group (chair: Prof. Marc F. P. Bierkens), Department of Physical Geography, Utrecht University","Utrecht, Netherlands",E.H.Sutanudjaja@uu.nl,1,,5,https://github.com/UU-Hydro,https://github.com/UU-Hydro/PCR-GLOBWB_model,2022-11-09T20:36:15.942Z,2026-10-06T19:41:09.620Z,https://avatars.githubusercontent.com/u/8937096?v=4,,Hydrosphere,Freshwater and Hydrology,Netherlands,academia,,http://www.globalhydrology.nl/
URBANopt,urbanopt,URBANopt,,ben.polly@nrel.gov,1,,30,https://github.com/urbanopt,https://github.com/urbanopt/urbanopt-cli,2022-11-13T08:33:36.286Z,2026-10-03T03:51:47.825Z,https://avatars.githubusercontent.com/u/46975958?v=4,,Consumption,Buildings and Heating,,,,https://www.nrel.gov/buildings/urbanopt.html
python-windrose,python-windrose,,,,1,,3,https://github.com/python-windrose,https://github.com/python-windrose/windrose,2022-11-13T03:59:22.932Z,2026-10-01T22:46:20.175Z,https://avatars.githubusercontent.com/u/28726174?v=4,,Atmosphere,Meteorological Observation and Forecast,Global,community,,https://python-windrose.github.io/windrose/
GIC-AIT,gicait,,"Pathum Thani, Thailand",geoinfo@ait.asia,1,,22,https://github.com/gicait,https://github.com/gicait/pyaez,2022-11-15T08:34:49.271Z,2026-10-02T22:38:02.634Z,https://avatars.githubusercontent.com/u/57244736?v=4,,Consumption,Agriculture and Nutrition,Thailand,academia,,http://geoinfo.ait.ac.th/
RMRS Missoula Fire Sciences Lab,firelab,,"Missoula, MT",firelabmissoula@gmail.com,2,,66,https://github.com/firelab,"https://github.com/firelab/windninja, https://github.com/firelab/nfdrs4",2022-11-04T21:24:19.506Z,2026-10-02T22:59:35.829Z,https://avatars.githubusercontent.com/u/3028309?v=4,,"Biosphere, Biosphere","Wildfire, Wildfire",USA,community,,https://research.fs.usda.gov/firelab
SASWE,UW-SASWE,"Sustainability, Satellites, Water and Environment",United States of America,,1,,2,https://github.com/UW-SASWE,https://github.com/uw-saswe/rat,2023-05-11T16:30:23.825Z,2026-10-06T23:15:04.167Z,https://avatars.githubusercontent.com/u/104859991?v=4,,Natural Resources,Water Supply and Quality,USA,academia,,https://saswe.net/
IUCNN,IUCNN,,,,1,,1,https://github.com/IUCNN,https://github.com/iucnn/iucnn,2023-02-25T06:45:50.687Z,2026-10-06T22:15:52.442Z,https://avatars.githubusercontent.com/u/90766685?v=4,,Biosphere,Biodiversity Data Access and Management,Global,community,,http://iucn.org
Community Surface Dynamics Modeling System,csdms,Cyberinfrastructure for the quantitative modeling of earth and planetary surface processes,,csdms@colorado.edu,2,,130,https://github.com/csdms,"https://github.com/csdms/ivy, https://github.com/csdms/pymt",2022-11-03T09:29:18.202Z,2026-10-02T01:54:16.043Z,https://avatars.githubusercontent.com/u/6618239?v=4,,"Sustainable Development, Climate Change","Education, Earth and Climate Modeling",USA,academia,,http://csdms.colorado.edu
JuliaGeo,JuliaGeo,"JuliaGeo is a community of researchers, engineers and others interested in working with spatial data in Julia.",,steering@juliageo.org,1,,32,https://github.com/JuliaGeo,https://github.com/JuliaGeo/NCDatasets.jl,2022-11-03T05:28:57.374Z,2026-10-06T23:15:02.757Z,https://avatars.githubusercontent.com/u/10616454?v=4,,Climate Change,Climate Data Standards,,,,https://juliageo.org/
xgcm,xgcm,xarray-based tools for general circulation model analysis,,,1,xgcm_dev,8,https://github.com/xgcm,https://github.com/xgcm/xgcm,2022-11-03T19:33:59.063Z,2026-10-03T04:47:15.874Z,https://avatars.githubusercontent.com/u/14025832?v=4,,Climate Change,Climate Data Processing and Analysis,Global,community,,http://xgcm.readthedocs.io
Tools for Atmospheric Chemistry Research,AirChem,"A collection of models, programs, and analysis scripts for communal use by the atmospheric chemistry community (I hope).","Earth, from the surface to ~60 km up",,1,,2,https://github.com/AirChem,https://github.com/airchem/f0am,2025-10-07T15:25:23.830Z,2026-10-06T23:05:11.505Z,https://avatars.githubusercontent.com/u/46232638?v=4,,Atmosphere,Atmospheric Chemistry and Aerosol,,,,
Amazon Science,amazon-science,,,,1,AmazonScience,498,https://github.com/amazon-science,https://github.com/amazon-science/earth-forecasting-transformer,2023-02-15T02:42:01.238Z,2026-10-02T19:41:19.083Z,https://avatars.githubusercontent.com/u/70298811?v=4,,Climate Change,Earth and Climate Modeling,Global,for-profit,,https://amazon.science
IfcLCA,IfcLCA,Opensource Life Cycle Assessment for Built Environment using Industry Foundation Classes,,louis@lt.plus,1,,1,https://github.com/IfcLCA,https://github.com/ifclca/ifclca,2024-06-22T17:07:50.380Z,2026-10-06T22:29:58.084Z,https://avatars.githubusercontent.com/u/166899267?v=4,,Industrial Ecology,Life Cycle Assessment,,,,http://www.ifclca.com
environmental-modeling-workflows,environmental-modeling-workflows,,,,1,,5,https://github.com/environmental-modeling-workflows,https://github.com/environmental-modeling-workflows/watershed-workflow,2023-12-06T21:26:54.410Z,2026-10-02T22:38:16.743Z,https://avatars.githubusercontent.com/u/117863331?v=4,,Hydrosphere,Freshwater and Hydrology,USA,non-profit,,https://environmental-modeling-workflows.github.io/watershed-workflow/stable/intro.html
Sovereign Nature Initiative,sovereign-nature,,,roots@sovereignnature.com,1,sovereignnature,25,https://github.com/sovereign-nature,https://github.com/sovereign-nature/deep,2022-11-15T06:15:53.691Z,2026-10-03T02:36:07.654Z,https://avatars.githubusercontent.com/u/95316148?v=4,,Sustainable Development,Sustainable Investment,Netherlands,non-profit,,https://sovereignnature.com
enbility,enbility,Solutions for using the EEBUS protocol,Germany,,1,,9,https://github.com/enbility,https://github.com/enbility/eebus-go,2023-03-21T21:44:57.482Z,2026-10-03T05:46:59.675Z,https://avatars.githubusercontent.com/u/118294492?v=4,,Energy Systems,Energy Data Accessibility and Integration,Germany,for-profit,,https://enbility.net
VoCol - Vocabulary collaboration and build environment,vocol,VoCol supports the effective and efficient vocabulary creation by domain experts and knowledge engineers.,,,1,,15,https://github.com/vocol,https://github.com/vocol/mobivoc,2022-11-09T03:22:26.774Z,2024-04-14T19:55:32.246Z,https://avatars.githubusercontent.com/u/8235117?v=4,,Consumption,Mobility and Transportation,Germany,academia,,https://github.com/vocol/vocol
Software Underground,softwareunderground,Connecting geo/computing researchers. See also https://github.com/swung-research,,hello@softwareunderground.org,1,swung_org,47,https://github.com/softwareunderground,https://github.com/softwareunderground/awesome-open-geoscience,2022-11-08T22:11:48.446Z,2024-05-01T09:30:02.748Z,https://avatars.githubusercontent.com/u/8144157?v=4,'https://github.com/sponsors/softwareunderground',Sustainable Development,Curated Lists,Canada,non-profit,,https://softwareunderground.org
SunPy,sunpy,Python for Solar Physics,,,1,,49,https://github.com/sunpy,https://github.com/sunpy/sunpy,2022-11-03T22:25:27.329Z,2024-10-29T10:54:43.115Z,https://avatars.githubusercontent.com/u/963197?v=4,"'https://github.com/sponsors/sunpy', 'https://opencollective.com/sunpy'",Climate Change,Earth and Climate Modeling,Global,community,,https://www.sunpy.org
NumericalMathematics,NumericalMathematics,,,,1,,1,https://github.com/NumericalMathematics,https://github.com/numericalmathematics/dispersiveshallowwater.jl,2025-03-18T08:36:03.918Z,2026-10-06T20:23:59.513Z,https://avatars.githubusercontent.com/u/202252210?v=4,,Hydrosphere,Waves and Currents,Germany,academia,,
GridWorks,thegridelectric,"GridWorks is an agent-based, scalable and secure system for decarbonizing power grids.",,gridworks@gridworks-consulting.com,1,,39,https://github.com/thegridelectric,https://github.com/thegridelectric/gridworks-scada,2022-11-14T06:28:03.880Z,2026-10-02T06:28:52.898Z,https://avatars.githubusercontent.com/u/20042700?v=4,,Consumption,Buildings and Heating,,,,
AidData,aiddata,A Research Lab at William & Mary,"Williamsburg, VA",info@aiddata.org,1,,58,https://github.com/aiddata,https://github.com/aiddata/accessible-poverty-estimates,2022-11-11T18:08:04.326Z,2026-10-03T03:56:16.181Z,https://avatars.githubusercontent.com/u/5346381?v=4,,Sustainable Development,Population and Poverty,USA,non-profit,,http://aiddata.org
GRECO project,greco-project,,,,1,,7,https://github.com/greco-project,https://github.com/greco-project/pvcompare,2023-02-28T16:30:24.043Z,2026-10-03T04:54:44.094Z,https://avatars.githubusercontent.com/u/50671643?v=4,,Renewable Energy,Photovoltaics and Solar Energy,EU,collaboration,,https://www.greco-project.eu/
SatelliteShorelines,SatelliteShorelines,Home to open-source projects mapping coastal change from satellites,,,1,,2,https://github.com/SatelliteShorelines,https://github.com/satelliteshorelines/coastseg,2023-02-14T20:05:05.526Z,2026-10-06T23:05:28.453Z,https://avatars.githubusercontent.com/u/113170084?v=4,,Hydrosphere,Coastal and Reefs,,,,
netCDF Operators,nco,,,,2,,8,https://github.com/nco,"https://github.com/nco/nco, https://github.com/nco/pynco",2022-11-06T22:45:51.732Z,2026-10-03T02:44:24.987Z,https://avatars.githubusercontent.com/u/13952264?v=4,,"Climate Change, Climate Change","Climate Data Processing and Analysis, Climate Data Processing and Analysis",Global,community,,https://nco.sourceforge.net/
ITA-Social-Projects,ita-social-projects,,,ita.social.projs@gmail.com,1,,91,https://github.com/ita-social-projects,https://github.com/ita-social-projects/greencity,2022-11-14T05:14:46.090Z,2026-10-03T02:36:18.690Z,https://avatars.githubusercontent.com/u/13644056?v=4,,Sustainable Development,Education,USA,for-profit,,https://career.softserveinc.com/en-us/learning-and-certification/formats-3
rOpenSpain,rOpenSpain,"rOpenSci is our form, Spanish public data our matter",Spain,hola@ropenspain.es,1,,21,https://github.com/rOpenSpain,https://github.com/ropenspain/climaemet,2022-11-09T23:06:48.395Z,2026-10-06T22:42:12.494Z,https://avatars.githubusercontent.com/u/34716267?v=4,,Climate Change,Climate Data Access and Visualization,Spain,community,,http://ropenspain.es
acoupi,acoupi,,,,1,,4,https://github.com/acoupi,https://github.com/acoupi/acoupi,2024-10-11T17:43:06.941Z,2026-10-03T04:47:15.271Z,https://avatars.githubusercontent.com/u/152899600?v=4,,Biosphere,Bioacoustics and Acoustic Data Analysis,Global,community,,http://acoupi.github.io/acoupi/
Instrat,instrat-pl,"Warsaw-based think tank with a mission of supercharging policies and public opinion with open data and research for a fair, green and digital economy","Warsaw, PL",info@instrat.pl,1,fundacjainstrat,6,https://github.com/instrat-pl,https://github.com/instrat-pl/pypsa-pl,2024-02-12T17:01:59.282Z,2026-10-03T03:55:52.208Z,https://avatars.githubusercontent.com/u/60134030?v=4,,Energy Systems,Global and Regional Energy System Models,Poland,for-profit,,http://www.instrat.pl
HydroFrame,hydroframe,,,,1,,31,https://github.com/hydroframe,https://github.com/hydroframe/hf_hydrodata,2022-11-13T23:34:19.222Z,2026-10-03T03:51:51.268Z,https://avatars.githubusercontent.com/u/48289869?v=4,,Hydrosphere,Ocean and Hydrology Data Access,USA,community,,https://www.hydroframe.org/
AusOcean,ausocean,Non-profit with the mission of helping our oceans through technology.,"Adelaide, Australia",inquire@ausocean.org,1,,8,https://github.com/ausocean,https://github.com/ausocean/openfish,2023-04-20T02:26:17.053Z,2026-10-03T02:36:07.676Z,https://avatars.githubusercontent.com/u/52269442?v=4,,Biosphere,Marine Life and Fishery,Australia,collaboration,,https://www.ausocean.org
SWOT Community,SWOT-community,"This is a code space for the global SWOT mission community. We share experience, code, research and much more. Our mission is to increase the value of SWOT.",,,1,,1,https://github.com/SWOT-community,https://github.com/swot-community/swot-opentoolkit,2023-10-05T07:54:17.079Z,2026-10-06T22:14:58.346Z,https://avatars.githubusercontent.com/u/146996204?v=4,,Hydrosphere,Freshwater and Hydrology,USA,government agency,,
STS Rosario,STS-Rosario,,Rosario,,1,,2,https://github.com/STS-Rosario,https://github.com/STS-Rosario/carpoolear,2022-11-07T05:48:22.102Z,2026-10-06T21:57:35.879Z,https://avatars.githubusercontent.com/u/24493883?v=4,,Consumption,Mobility and Transportation,Argentina,community,,http://www.stsrosario.org.ar/index.html
CryoGrid,CryoGrid,,,,1,,6,https://github.com/CryoGrid,https://github.com/CryoGrid/CryoGrid3,2022-11-20T05:48:54.970Z,2026-10-06T23:34:21.286Z,https://avatars.githubusercontent.com/u/34233956?v=4,,Natural Resources,Soil and Land,Global,community,,
Environmental Informatics at Marburg University,environmentalinformatics-marburg,,Germany,admin@environmentalinformatics-marburg.de,1,,81,https://github.com/environmentalinformatics-marburg,https://github.com/environmentalinformatics-marburg/tubedb,2022-11-03T20:16:19.458Z,2026-10-03T03:55:51.720Z,https://avatars.githubusercontent.com/u/3872203?v=4,,Climate Change,Climate Data Access and Visualization,Germany,academia,,http://www.environmentalinformatics-marburg.de
ForC,forc-db,Global Forest Carbon Database (PI: Kristina J. Anderson-Teixeira),Smithsonian,teixeirak@si.edu,2,,7,https://github.com/forc-db,"https://github.com/forc-db/ForC, https://github.com/forc-db/GROA",2023-02-24T09:26:06.851Z,2026-10-02T03:51:09.989Z,https://avatars.githubusercontent.com/u/16504833?v=4,,"Biosphere, Biosphere","Biomass, Deforestation and Reforestation",USA,academia,,https://forc-db.github.io/
GEB-model,GEB-model,,,jens.de.bruijn@vu.nl,1,,1,https://github.com/GEB-model,https://github.com/geb-model/geb,2024-02-01T16:16:21.427Z,2026-10-06T19:41:29.487Z,https://avatars.githubusercontent.com/u/152297940?v=4,,Hydrosphere,Freshwater and Hydrology,Global,community,,
Energinet DataHub,Energinet-DataHub,National energy transmission system operator data hub developing to support change toward decarbonised economies,,,1,,25,https://github.com/Energinet-DataHub,https://github.com/Energinet-DataHub/greenforce-frontend,2022-11-14T05:01:03.012Z,2026-10-06T23:34:46.443Z,https://avatars.githubusercontent.com/u/71637070?v=4,,Energy Systems,Grid Management and Microgrid,Denmark,government agency,,https://energinet.dk/
The Global Energy System Model (GENeSYS-MOD),GENeSYS-MOD,,Germany,,2,,1,https://github.com/GENeSYS-MOD,"https://github.com/genesys-mod/genesysmod.jl, https://github.com/genesys-mod/genesys_mod.gms",2023-09-05T11:40:58.120Z,2026-10-06T23:05:38.682Z,https://avatars.githubusercontent.com/u/106666860?v=4,,"Energy Systems, Energy Systems","Global and Regional Energy System Models, Energy System Modeling Frameworks",Germany,community,,https://genesysmod.readthedocs.io/en/latest/index.html
PyroNear,pyronear,Preserving forests from wildfires one commit at a time,Paris,,2,pyro_near,23,https://github.com/pyronear,"https://github.com/pyronear/pyro-vision, https://github.com/pyronear/pyro-risks",2022-11-14T06:30:29.334Z,2024-10-30T02:43:17.535Z,https://avatars.githubusercontent.com/u/61667887?v=4,'https://github.com/sponsors/pyronear',"Biosphere, Biosphere","Wildfire, Wildfire",France,non-profit,,https://pyronear.org/
rte-antares-rpackage,rte-antares-rpackage,RTE ANTARES R PACKAGE ,,rte-antares-rpackage@rte-france.com,2,,30,https://github.com/rte-antares-rpackage,"https://github.com/rte-antares-rpackage/antaresviz, https://github.com/rte-antares-rpackage/antaresread",2022-11-09T03:39:47.185Z,2024-04-14T20:00:26.039Z,https://avatars.githubusercontent.com/u/23478907?v=4,,"Energy Systems, Energy Systems","Energy System Modeling Frameworks, Energy System Modeling Frameworks",Global,community,,https://rte-antares-rpackage.github.io/rPackagesRte/
Science Based Targets initiative,ScienceBasedTargets,,,,1,sciencetargets,3,https://github.com/ScienceBasedTargets,https://github.com/ScienceBasedTargets/SBTi-finance-tool,2022-11-16T16:31:11.909Z,2026-10-06T19:41:10.518Z,https://avatars.githubusercontent.com/u/92389205?v=4,,Sustainable Development,Sustainable Investment,Global,collaboration,,https://sciencebasedtargets.org/
Predictive Ecology Group,PredictiveEcology,Ecological forecasting models and data,"Victoria, BC, Canada",,1,,119,https://github.com/PredictiveEcology,https://github.com/PredictiveEcology/LandR,2022-11-07T01:06:41.456Z,2026-10-06T22:54:49.702Z,https://avatars.githubusercontent.com/u/10555025?v=4,,Biosphere,Forest Modeling and Analysis,Canada,community,,https://PredictiveEcology.org
mapme-initiative,mapme-initiative,,,,1,,32,https://github.com/mapme-initiative,https://github.com/mapme-initiative/mapme.biodiversity,2022-11-15T02:20:55.248Z,2026-10-03T02:36:19.067Z,https://avatars.githubusercontent.com/u/76036920?v=4,,Biosphere,Biodiversity Analysis and Metrics,Germany,for-profit,,https://mapme-initiative.org/
soilwater,soilwater,,,,1,,43,https://github.com/soilwater,https://github.com/soilwater/pynotes-agriscience,2023-04-25T15:43:54.284Z,2026-10-03T01:19:17.204Z,https://avatars.githubusercontent.com/u/73772799?v=4,,Sustainable Development,Education,USA,academia,,http://soilwater.com
Biodiversity Information Standards (TDWG),tdwg,We are a non-profit organization and a community dedicated to developing biodiversity information standards.,United States of America,secretariat@tdwg.org,1,tdwg,69,https://github.com/tdwg,https://github.com/tdwg/dwc,2022-11-10T02:33:36.102Z,2026-10-02T22:17:39.564Z,https://avatars.githubusercontent.com/u/5882606?v=4,,Biosphere,Biodiversity Data Cleaning and Standardization,Global,collaboration,,https://www.tdwg.org
Deltares research & development,Deltares-research,Deltares research and development repositories,Netherlands,fmsst@deltares.nl,1,,1,https://github.com/Deltares-research,https://github.com/Deltares-research/FloodAdapt,2023-09-13T13:09:54.375Z,2026-10-06T21:57:36.087Z,https://avatars.githubusercontent.com/u/147377923?v=4,,Climate Change,Natural Hazard and Storms,Netherlands,academia,,https://deltares.nl/en/
eMapR Lab,eMapR,"OSU Environmental Monitoring, Analysis, and Process Recognition Lab",Oregon State University,emapr.lab@oregonstate.edu,1,,36,https://github.com/eMapR,https://github.com/eMapR/LT-GEE,2022-11-12T16:15:39.277Z,2026-10-06T21:57:27.856Z,https://avatars.githubusercontent.com/u/25697385?v=4,,Natural Resources,Soil and Land,USA,academia,,http://emapr.ceoas.oregonstate.edu/
Competitive Simulation of Retail Electric Power Markets,powertac,,"Minneapolis, Rotterdam, Thessaloniki, Pittsburgh, Zagreb",,1,,41,https://github.com/powertac,https://github.com/powertac/powertac-server,2022-11-02T23:15:02.234Z,2026-10-03T05:47:14.676Z,https://avatars.githubusercontent.com/u/488669?v=4,,Energy Systems,Energy Markets,,,,http://www.powertac.org
pledge4future,pledge4future,"Webapp to assess, monitor and compare CO2 emissions of research institutes.","Heidelberg, Germany",info@pledge4future.org,1,,2,https://github.com/pledge4future,https://github.com/pledge4future/wepledge,2022-11-14T06:48:46.752Z,2024-04-14T06:13:11.301Z,https://avatars.githubusercontent.com/u/75507191?v=4,,Emissions,Carbon Intensity and Accounting,Germany,community,,http://pledge4future.org
ARC COE for Climate Extremes: Computational Modelling Systems,coecms,,,,1,,134,https://github.com/coecms,https://github.com/coecms/clef,2022-11-04T00:45:12.272Z,2026-10-02T22:38:07.628Z,https://avatars.githubusercontent.com/u/2030614?v=4,,Climate Change,Climate Data Access and Visualization,Australia,government agency,,http://climate-cms.unsw.wikispaces.net
Open-MSS,Open-MSS,mss.rtfd.io,,mss-info@fz-juelich.de,1,TheMSSystem,9,https://github.com/Open-MSS,https://github.com/Open-MSS/MSS,2022-11-14T09:17:42.177Z,2026-10-06T19:41:50.830Z,https://avatars.githubusercontent.com/u/75254179?v=4,,Atmosphere,Atmospheric Composition and Dynamics,Germany,community,,https://open-mss.github.io/
openego,openego,open electricity Grid optimization,,,1,,23,https://github.com/openego,https://github.com/openego/eDisGo,2022-11-05T08:29:32.616Z,2026-10-03T02:36:09.559Z,https://avatars.githubusercontent.com/u/15909192?v=4,,Energy Systems,Grid Analysis and Planning,Germany,community,,https://ego-n.org/
Natural Capital Alliance,natcap,"Pioneering science, technology, and partnerships that enable people and nature to thrive.",United States,,1,natcapproject,80,https://github.com/natcap,https://github.com/natcap/invest,2022-11-08T14:08:16.679Z,2026-10-02T22:38:26.448Z,https://avatars.githubusercontent.com/u/7783885?v=4,,Sustainable Development,Sustainable Investment,USA,academia,,http://naturalcapitalalliance.stanford.edu
Field Boundaries for Agriculture (fiboa),fiboa,"An ecosystem of data schema specifications, tools and data for more interoperability between field boundaries and related agriculture & other data",United States of America,,1,,25,https://github.com/fiboa,https://github.com/fiboa/specification,2024-01-22T22:14:44.430Z,2026-10-03T03:56:18.797Z,https://avatars.githubusercontent.com/u/157402571?v=4,,Consumption,Agriculture and Nutrition,Global,community,,http://fiboa.org
"biomod2 package, tools and scripts ",biomodhub,,,,1,,5,https://github.com/biomodhub,https://github.com/biomodhub/biomod2,2022-11-15T21:52:24.297Z,2026-10-03T02:36:18.365Z,https://avatars.githubusercontent.com/u/36854792?v=4,,Biosphere,Species Distribution Modeling,Global,community,,
Energy Research and Forecasting,erf-model,"A modern, state-of-the-art, atmospheric energy flow prediction system funded by the US Department of Energy",,,1,,11,https://github.com/erf-model,https://github.com/erf-model/ERF,2022-11-14T07:50:24.176Z,2026-10-02T22:59:38.484Z,https://avatars.githubusercontent.com/u/59941622?v=4,,Renewable Energy,Wind Energy,USA,academia,,https://erf.readthedocs.io/en/latest/
Precision Sustainable Ag,precision-sustainable-ag,"Coordinated agricultural research, on-farm monitoring, decision support tools and shared analytical environments",,,1,,137,https://github.com/precision-sustainable-ag,https://github.com/precision-sustainable-ag/dst-selector,2022-11-14T08:20:51.040Z,2026-10-02T06:29:37.636Z,https://avatars.githubusercontent.com/u/50888103?v=4,,Consumption,Agriculture and Nutrition,USA,community,,http://www.precisionsustainableag.org
Open Energy Dashboard,OpenEnergyDashboard,Energy Dashboard for Sustainability,,openenergydashboard@gmail.com,1,,5,https://github.com/OpenEnergyDashboard,https://github.com/OpenEnergyDashboard/OED,2022-11-09T04:25:24.457Z,2026-10-06T19:41:10.925Z,https://avatars.githubusercontent.com/u/32343363?v=4,,Energy Systems,Building Energy Monitoring,Global,community,,https://openenergydashboard.github.io/
hydro-python,hydro-python,,,,1,,1,https://github.com/hydro-python,https://github.com/hydro-python/hydropowerlib,2023-03-27T11:00:35.453Z,2026-10-02T06:29:13.404Z,https://avatars.githubusercontent.com/u/27208044?v=4,,Renewable Energy,Hydro Energy,Global,community,,https://pypi.org/project/Hydro/
SEAPATH - (S)oftware (E)nabled (A)utomation (P)latform and (A)rtifacts (TH)erein,seapath,,,,1,,42,https://github.com/seapath,https://github.com/seapath/meta-seapath,2022-11-14T05:02:50.705Z,2026-10-03T02:36:11.683Z,https://avatars.githubusercontent.com/u/70589345?v=4,,Energy Systems,Grid Management and Microgrid,Global,community,,
vegandevs,vegandevs,,,,1,,4,https://github.com/vegandevs,https://github.com/vegandevs/vegan,2022-11-03T10:28:27.007Z,2026-10-03T03:57:22.923Z,https://avatars.githubusercontent.com/u/8548207?v=4,,Biosphere,Ecological and Environmental Modeling,,,,
FlexTRKR,FlexTRKR,,,,1,,2,https://github.com/FlexTRKR,https://github.com/flextrkr/pyflextrkr,2023-05-09T20:30:09.990Z,2026-10-06T23:15:06.401Z,https://avatars.githubusercontent.com/u/88464559?v=4,,Atmosphere,Atmospheric Chemistry and Aerosol,,,,
"Landscape Science & Technology, Environment & Climate Change Canada",LandSciTech,,"National Wildlife Research Centre, Carleton University, Ottawa, ON",,1,,8,https://github.com/LandSciTech,https://github.com/landscitech/ccvir,2023-02-15T01:45:17.375Z,2026-10-06T23:05:24.664Z,https://avatars.githubusercontent.com/u/41919529?v=4,,Climate Change,Climate Data Processing and Analysis,USA,academia,,
Open SDG,open-sdg,,,,1,,16,https://github.com/open-sdg,https://github.com/open-sdg/open-sdg,2022-11-13T02:53:25.352Z,2026-10-03T05:47:27.899Z,https://avatars.githubusercontent.com/u/45497269?v=4,,Sustainable Development,Sustainable Development Goals,Global,government agency,,https://open-sdg.org/
APA Technology Division,APA-Technology-Division,The American Planning Association (APA) Technology Division links you with others who share your interest in the use of technology in urban planning.,,,1,apa_technology,1,https://github.com/APA-Technology-Division,https://github.com/apa-technology-division/urban-and-regional-planning-resources,2022-11-17T12:20:22.174Z,2026-10-06T22:42:11.866Z,https://avatars.githubusercontent.com/u/64234845?v=4,,Sustainable Development,Curated Lists,USA,for-profit,,https://tech.planning.org/
Fab Lab Barcelona,fablabbcn,"We are an innovation centre rethinking the way we live, work and play in cities.",,info@fablabbcn.org,1,fablabbcn,155,https://github.com/fablabbcn,https://github.com/fablabbcn/smartcitizen-data,2022-11-02T22:42:43.817Z,2024-04-15T07:40:25.171Z,https://avatars.githubusercontent.com/u/1260741?v=4,,Natural Resources,Air Quality,,,,http://fablabbcn.org
NGEE-Tropics,NGEET,,,,1,,15,https://github.com/NGEET,https://github.com/NGEET/fates,2022-11-09T07:41:49.583Z,2026-10-06T20:24:00.821Z,https://avatars.githubusercontent.com/u/14792952?v=4,,Biosphere,Forest Modeling and Analysis,USA,government agency,,http://ngee-tropics.lbl.gov/
Believ,SwitchEV,,"London, UK",,1,,6,https://github.com/SwitchEV,https://github.com/SwitchEV/RISE-V2G,2022-11-14T06:11:39.051Z,2026-10-06T22:42:12.133Z,https://avatars.githubusercontent.com/u/30324321?v=4,,Consumption,Mobility and Transportation,UK,for-profit,,https://www.believ.com/
[C]Worthy,CWorthy-ocean,,,info@cworthy.org,1,,1,https://github.com/CWorthy-ocean,https://github.com/cworthy-ocean/c-star,2023-05-12T17:26:37.524Z,2026-10-06T21:57:35.760Z,https://avatars.githubusercontent.com/u/121502925?v=4,,Emissions,Carbon Capture,,,,http://cworthy.org
Publicis Sapient France,publicissapient-france,"Communauté Tech de Publicis Sapient, nous créons des logiciels de haute qualité. Nos terrains de jeu : Data, Cloud, Dev front, back, mobile, Coaching agile",Paris,engineering@publicissapient.com,1,PubSapientEng,398,https://github.com/publicissapient-france,https://github.com/publicissapient-france/e-footprint,2022-11-02T22:55:41.420Z,2026-10-03T02:44:55.405Z,https://avatars.githubusercontent.com/u/461655?v=4,,Consumption,Computation and Communication,USA,for-profit,,https://blog.engineering.publicissapient.fr
Danish Energy Agency - Global Cooperation ,DEA-GE,We share best practice from the green transition in Denmark through government-to-government cooperation.,Denmark,ens@ens.dk,1,,1,https://github.com/DEA-GE,https://github.com/dea-ge/lava,2025-12-21T17:44:18.066Z,2026-10-06T22:15:09.431Z,https://avatars.githubusercontent.com/u/137408007?v=4,,Energy Systems,Renewable Energy Integration,,,,https://ens.dk/en/global-cooperation/global-cooperation
PrOMMiS,prommis,Process Optimization and Modeling for Minerals Sustainability,,,1,,11,https://github.com/prommis,https://github.com/prommis/prommis,2023-12-11T19:25:37.872Z,2026-10-02T22:59:41.871Z,https://avatars.githubusercontent.com/u/124107808?v=4,,Industrial Ecology,Circular Economy and Waste,Global,community,,http://netl.doe.gov/prommis
The Washington Post,washingtonpost,,"Washington, D.C.",,1,,87,https://github.com/washingtonpost,https://github.com/washingtonpost/data-2C-beyond-the-limit-usa,2022-11-03T11:38:29.306Z,2024-04-14T11:14:32.422Z,https://avatars.githubusercontent.com/u/1963554?v=4,,Sustainable Development,Knowledge Platforms,USA,for-profit,,https://washpost.engineering/
Université Gustave Eiffel,Universite-Gustave-Eiffel,The Gustave Eiffel University if a french university born from the fuse of the former Université Paris-Est Marne-la-Vallé and the IFSTTAR institute.,France,software@univ-eiffel.fr,2,,27,https://github.com/Universite-Gustave-Eiffel,"https://github.com/Universite-Gustave-Eiffel/NoiseCapture, https://github.com/Universite-Gustave-Eiffel/NoiseModelling",2022-11-03T23:42:35.927Z,2026-10-06T22:54:45.523Z,https://avatars.githubusercontent.com/u/7008647?v=4,,"Consumption, Consumption","Mobility and Transportation, Mobility and Transportation",France,academia,,https://www.univ-gustave-eiffel.fr/
gridstatus,gridstatus,,,,1,,3,https://github.com/gridstatus,https://github.com/gridstatus/gridstatus,2023-05-04T20:40:43.125Z,2026-10-01T17:51:59.959Z,https://avatars.githubusercontent.com/u/111189335?v=4,,Energy Systems,Energy Data Accessibility and Integration,,,,
ARM User Facility,ARM-DOE,,,,2,,16,https://github.com/ARM-DOE,"https://github.com/arm-doe/pyart, https://github.com/arm-doe/act",2022-11-04T07:43:29.132Z,2026-10-06T22:41:56.668Z,https://avatars.githubusercontent.com/u/2540600?v=4,,"Atmosphere, Atmosphere","Meteorological Observation and Forecast, Atmospheric Composition and Dynamics",USA,government agency,,https://www.arm.gov/
ACTRIS Cloudnet,actris-cloudnet,ACTRIS Cloud Remote Sensing Data Centre Unit (CLU),"Helsinki, Finland",actris-cloudnet@fmi.fi,3,ACTRIS_Cloudnet,28,https://github.com/actris-cloudnet,"https://github.com/actris-cloudnet/mwrpy, https://github.com/actris-cloudnet/cloudnetpy, https://github.com/actris-cloudnet/dataportal",2022-11-14T10:21:38.189Z,2026-10-03T00:12:29.492Z,https://avatars.githubusercontent.com/u/52170164?v=4,,"Atmosphere, Atmosphere, Atmosphere","Atmospheric Composition and Dynamics, Atmospheric Chemistry and Aerosol, Atmospheric Chemistry and Aerosol",Finland,government agency,,https://cloudnet.fmi.fi/
UMN-Hydro,UMN-Hydro,,,,1,,3,https://github.com/UMN-Hydro,https://github.com/UMN-Hydro/GSFLOW-GRASS,2022-11-11T06:59:00.276Z,2026-10-06T22:30:13.586Z,https://avatars.githubusercontent.com/u/16745966?v=4,,Natural Resources,Water Supply and Quality,USA,government agency,,
Evolutionary Ecology Group at University of Cambridge,EvolEcolGroup,,United Kingdom,,1,,3,https://github.com/EvolEcolGroup,https://github.com/evolecolgroup/tidysdm,2023-02-26T11:46:28.641Z,2026-10-06T22:54:56.842Z,https://avatars.githubusercontent.com/u/44270007?v=4,,Biosphere,Species Distribution Modeling,UK,academia,,https://evolecolgroup.github.io/website/
Chi Hack Night,chihacknight,"We are a group of volunteers that care about creating, supporting, and serving the public good",Chicago,,1,,35,https://github.com/chihacknight,https://github.com/chihacknight/decarbonize-my-state,2022-11-06T02:46:50.493Z,2026-10-03T03:56:15.900Z,https://avatars.githubusercontent.com/u/12619450?v=4,,Sustainable Development,Knowledge Platforms,USA,non-profit,,http://chihacknight.org/
BIG-MAP,BIG-MAP,Battery Interface Genome - Materials Acceleration Platform.  Promoting accelerated discovery of novel battery materials.,Europe,,2,BIGMAP_EU,16,https://github.com/BIG-MAP,"https://github.com/big-map/battinfo, https://github.com/big-map/big-map-registry",2022-11-16T00:48:49.865Z,2026-10-06T22:55:10.941Z,https://avatars.githubusercontent.com/u/75324577?v=4,,"Sustainable Development, Energy Storage","Taxonomy and Ontology, Battery",EU,collaboration,,https://www.big-map.eu/
energy-data,energy-data,,,,1,,12,https://github.com/energy-data,https://github.com/energy-data/energydata.info,2023-02-21T09:57:05.989Z,2026-10-03T04:54:50.058Z,https://avatars.githubusercontent.com/u/20424964?v=4,,Energy Systems,Energy Data Accessibility and Integration,Global,collaboration,,http://energydata.info
timflow-org,timflow-org,,,,1,,3,https://github.com/timflow-org,https://github.com/timflow-org/timflow,2026-01-28T01:37:49.321Z,2026-10-03T05:47:07.039Z,https://avatars.githubusercontent.com/u/257546483?v=4,,Hydrosphere,Freshwater and Hydrology,,,,
geocryology,geocryology,,In the frozen earth,,1,,10,https://github.com/geocryology,https://github.com/geocryology/globsim,2022-11-14T08:33:18.074Z,2026-10-02T22:38:05.105Z,https://avatars.githubusercontent.com/u/7445398?v=4,,Natural Resources,Soil and Land,Canada,academia,,http://www.carleton.ca/permafrost
OMS-NetZero,OMS-NetZero,,,,1,,4,https://github.com/OMS-NetZero,https://github.com/oms-netzero/fair,2022-11-09T02:19:11.384Z,2026-10-06T22:42:11.655Z,https://avatars.githubusercontent.com/u/26712044?v=4,,Climate Change,Earth and Climate Modeling,Global,community,,https://fair.readthedocs.io/en/latest/
dlr-ve,dlr-ve,,,,4,,11,https://gitlab.com/dlr-ve,"https://gitlab.com/dlr-ve/esy/amiris/amiris-py, https://gitlab.com/dlr-ve/esy/vencopy/vencopy, https://gitlab.com/dlr-ve/esy/remix/framework, https://gitlab.com/dlr-ve/esy/amiris/amiris",2023-03-28T20:25:47.320Z,2026-09-25T15:29:20.051Z,,,"Energy Systems, Consumption, Energy Systems, Energy Systems","Energy Markets, Mobility and Transportation, Energy System Modeling Frameworks, Energy Policy",Germany,collaboration,,
quanted,quanted,,,,1,,98,https://github.com/quanted,https://github.com/quanted/esat,2022-11-04T17:55:50.231Z,2026-10-03T04:54:52.011Z,https://avatars.githubusercontent.com/u/16341712?v=4,,Natural Resources,Water Supply and Quality,,,,
LHEEA,lheea,"Hydrodynamics, Energetics & Atmospheric Environment Laboratory. École Centrale de Nantes, UMR CNRS 6598",,,1,,6,https://gitlab.com/lheea,https://gitlab.com/lheea/CN-AeroModels,2024-10-14T00:01:22.622Z,2026-09-25T19:26:39.651Z,https://gitlab.com/uploads/-/system/group/avatar/15784097/LogoCN_LHEEA_CNRS.jpg,,Renewable Energy,Wind Energy,France,academia,,http://lheea.ec-nantes.fr
Exeter Climate Systems,ExeClim,,,,1,,1,https://github.com/ExeClim,https://github.com/execlim/isca,2022-11-11T02:33:27.523Z,2026-10-06T19:41:10.308Z,https://avatars.githubusercontent.com/u/13350658?v=4,,Atmosphere,Atmospheric Composition and Dynamics,UK,academia,,https://execlim.github.io/IscaWebsite/
NESP Threatened Species Recovery Hub (Project 3.1),nesp-tsr3-1,,,,1,,3,https://github.com/nesp-tsr3-1,https://github.com/nesp-tsr3-1/tsx,2022-11-18T09:04:10.995Z,2026-10-03T03:55:53.387Z,https://avatars.githubusercontent.com/u/33853157?v=4,,Biosphere,Terrestrial Wildlife,Global,academia,,http://nespthreatenedspecies.edu.au
Open Power System Data,Open-Power-System-Data,,,,3,,6,https://github.com/Open-Power-System-Data,"https://github.com/Open-Power-System-Data/time_series, https://github.com/Open-Power-System-Data/conventional_power_plants, https://github.com/Open-Power-System-Data/renewable_power_plants",2023-02-23T09:52:20.630Z,2026-10-06T21:57:28.076Z,https://avatars.githubusercontent.com/u/14346309?v=4,,"Energy Systems, Energy Systems, Energy Systems","Energy Data Accessibility and Integration, Energy Data Accessibility and Integration, Renewable Energy Integration",Global,collaboration,,http://open-power-system-data.org/
sustainlab-group,sustainlab-group,,,,1,,10,https://github.com/sustainlab-group,https://github.com/sustainlab-group/sustainbench,2022-11-15T03:11:39.483Z,2026-10-02T02:56:22.403Z,https://avatars.githubusercontent.com/u/43426653?v=4,,Sustainable Development,Sustainable Development Goals,USA,academia,,https://sustain.stanford.edu/
RemoteSensingTools,RemoteSensingTools,,,,1,,4,https://github.com/RemoteSensingTools,https://github.com/RemoteSensingTools/vSmartMOM.jl,2022-11-18T09:58:46.330Z,2026-10-06T23:15:49.753Z,https://avatars.githubusercontent.com/u/83097293?v=4,,Atmosphere,Radiative Transfer,Global,community,,https://remotesensingtools.github.io/vSmartMOM.jl/
open-dpp,open-dpp,,Germany,info@open-dpp.de,1,,5,https://github.com/open-dpp,https://github.com/open-dpp/open-dpp,2024-12-05T17:33:01.147Z,2026-10-02T06:29:53.987Z,https://avatars.githubusercontent.com/u/189142446?v=4,,Industrial Ecology,Circular Economy and Waste,,,,https://open-dpp.de
Unified Forecast System (UFS),ufs-community,"The Unified Forecast System (UFS) is a community-based, coupled, comprehensive Earth modeling system.",,,1,,30,https://github.com/ufs-community,https://github.com/ufs-community/ufs-weather-model,2022-11-13T16:41:21.973Z,2026-10-02T22:37:24.570Z,https://avatars.githubusercontent.com/u/49994907?v=4,,Atmosphere,Meteorological Observation and Forecast,USA,community,,https://ufs.epic.noaa.gov/
Mines Oceanography,mines-oceanography,,United States of America,,1,,8,https://github.com/mines-oceanography,https://github.com/mines-oceanography/mantaray,2023-11-26T19:43:58.564Z,2026-10-03T05:47:23.974Z,https://avatars.githubusercontent.com/u/88852386?v=4,,Hydrosphere,Waves and Currents,,,,
AMOC community,AMOCcommunity,A github community for analysis of the Atlantic meridional overturning circulation.,,,1,,1,https://github.com/AMOCcommunity,https://github.com/amoccommunity/amocatlas,2025-04-11T13:16:04.682Z,2026-10-06T23:15:14.230Z,https://avatars.githubusercontent.com/u/191322482?v=4,,Hydrosphere,Ocean and Hydrology Data Access,,,,http://github.com/AMOCcommunity
BattMo,BattMoTeam,Models for batteries and electrochemical devices. ,Norway,battmo@sintef.no,1,,19,https://github.com/BattMoTeam,https://github.com/BattMoTeam/BattMo,2023-03-29T06:11:54.853Z,2026-10-06T21:57:30.789Z,https://avatars.githubusercontent.com/u/91334501?v=4,,Energy Storage,Battery,Norway,community,,https://battmo.org/
Terraformation,terraware,,,,1,GlobalTerraform,20,https://github.com/terraware,https://github.com/terraware/terraware-web,2022-11-16T03:57:35.963Z,2026-10-02T06:29:52.372Z,https://avatars.githubusercontent.com/u/67658396?v=4,,Biosphere,Deforestation and Reforestation,USA,for-profit,,https://terraformation.com
envite consulting GmbH,envite-consulting,Pioneering IT sustainability,Germany,,1,,26,https://github.com/envite-consulting,https://github.com/envite-consulting/camunda-carbon-reductor,2023-02-22T10:32:34.050Z,2026-10-03T03:56:16.082Z,https://avatars.githubusercontent.com/u/112858958?v=4,,Consumption,Computation and Communication,Germany,for-profit,,https://envite.de
OpenSynth,OpenSynth-energy,,,info@opensynth.energy,1,,1,https://github.com/OpenSynth-energy,https://github.com/opensynth-energy/opensynth,2024-06-26T18:06:31.419Z,2026-10-06T23:15:15.818Z,https://avatars.githubusercontent.com/u/163300212?v=4,,Energy Systems,Energy Data Accessibility and Integration,UK,non-profit,,http://opensynth.energy
Nature Conservancy Canada / Conservation De La Nature Canada,NCC-CNC,"NCC/CNC is the country’s unifying force for nature, working to deliver large-scale, permanent land conservation. ",Canada,,1,,7,https://github.com/NCC-CNC,https://github.com/ncc-cnc/wheretowork,2022-11-16T03:09:51.599Z,2026-10-06T19:41:14.395Z,https://avatars.githubusercontent.com/u/82907210?v=4,,Biosphere,Conservation and Restoration,Canada,non-profit,,https://www.natureconservancy.ca/en/
Prayas (Energy Group),prayas-energy,,"Pune, India",energy.model@prayaspune.org,1,,3,https://github.com/prayas-energy,https://github.com/prayas-energy/rumi,2023-03-11T04:02:34.330Z,2026-10-03T04:55:05.876Z,https://avatars.githubusercontent.com/u/16575131?v=4,,Energy Systems,Energy System Modeling Frameworks,,,,https://www.prayaspune.org/peg
Zarr Developers,zarr-developers,Contributors to the Zarr open source project.,,,1,,46,https://github.com/zarr-developers,https://github.com/zarr-developers/zarr-python,2022-11-02T16:25:52.313Z,2026-10-02T06:29:53.923Z,https://avatars.githubusercontent.com/u/35050297?v=4,,Climate Change,Climate Data Standards,Global,community,,https://zarr.dev
pommes-public,pommes-public,POMMES - a cosmos for bottom-up linear fundamental power market modeling,Germany,,1,,4,https://github.com/pommes-public,https://github.com/pommes-public/pommesdispatch,2023-02-15T01:53:05.910Z,2026-10-03T02:45:26.754Z,https://avatars.githubusercontent.com/u/86974645?v=4,,Energy Systems,Energy Markets,Germany,community,,
icon,icon,,,,1,,5,https://gitlab.dkrz.de/icon,https://gitlab.dkrz.de/icon/icon-model,2024-07-18T12:30:48.775Z,2026-10-03T04:54:30.417Z,,,Climate Change,Earth and Climate Modeling,Germany,for-profit,,https://www.dkrz.de/
Brown and Caldwell - Public,BrownandCaldwell-Public,,United States of America,,1,,1,https://github.com/BrownandCaldwell-Public,https://github.com/brownandcaldwell-public/tidywater,2023-10-25T22:38:55.883Z,2026-10-06T23:15:15.108Z,https://avatars.githubusercontent.com/u/142610710?v=4,,Natural Resources,Water Supply and Quality,,,,http://brownandcaldwell.com
VU-IVM,VU-IVM,VU-IVM GitHub,Amsterdam,info.ivm@vu.nl,1,,2,https://github.com/VU-IVM,https://github.com/vu-ivm/damagescanner,2023-03-10T04:48:25.351Z,2026-10-06T23:05:38.920Z,https://avatars.githubusercontent.com/u/56406868?v=4,,Climate Change,Natural Hazard and Storms,Netherlands,for-profit,,https://vu.nl/nl/over-de-vu/onderzoeksinstituten/ivm
ESA WorldCereal,WorldCereal,The WorldCereal consortium has been funded by ESA (European Space Agency) to perform global crop mapping at field scale,,info@worldcereal.org,1,,2,https://github.com/WorldCereal,https://github.com/worldcereal/worldcereal-classification,2023-02-20T07:41:14.627Z,2026-10-06T19:41:13.629Z,https://avatars.githubusercontent.com/u/66418926?v=4,,Consumption,Agriculture and Nutrition,EU,government agency,,https://esa-worldcereal.org/
Global Earthquake Model,gem,GEM is a non-profit foundation that drives a global collaborative effort to assess earthquake risk around the globe,"Pavia, Italy",info@globalquakemodel.org,1,,96,https://github.com/gem,https://github.com/gem/oq-engine,2022-11-02T22:21:31.564Z,2026-10-01T16:39:18.012Z,https://avatars.githubusercontent.com/u/316546?v=4,,Climate Change,Natural Hazard and Storms,Italy,non-profit,,http://www.globalquakemodel.org
Eradiate,eradiate,,,,1,,15,https://github.com/eradiate,https://github.com/eradiate/eradiate,2022-11-14T09:41:36.555Z,2026-10-03T04:47:24.762Z,https://avatars.githubusercontent.com/u/65609068?v=4,,Atmosphere,Radiative Transfer,Belgium,for-profit,,https://www.eradiate.eu/
HoloViz Topics,holoviz-topics,Domain specific topics using HoloViz tools,,,1,holoviz_org,15,https://github.com/holoviz-topics,https://github.com/holoviz-topics/EarthML,2022-11-03T18:16:17.239Z,2026-10-02T23:59:59.110Z,https://avatars.githubusercontent.com/u/38562379?v=4,,Natural Resources,Soil and Land,Global,community,,http://holoviz.org
Los Alamos National Laboratory,lanl,,"Los Alamos, New Mexico, USA",github-register@lanl.gov,1,,659,https://github.com/lanl,https://github.com/lanl/FEHM,2022-11-03T03:20:28.693Z,2026-10-01T22:31:15.708Z,https://avatars.githubusercontent.com/u/585305?v=4,,Renewable Energy,Geothermal Energy,USA,government agency,,https://www.lanl.gov/
RMI,RMI,"RMI is a nonpartisan nonprofit transforming global energy systems through market-driven solutions to secure a clean, prosperous, zero-carbon future for all.","Boulder, CO",spd@rmi.org,1,,6,https://github.com/RMI,https://github.com/RMI/steel-guidance,2023-02-20T13:52:04.485Z,2026-10-06T22:15:05.368Z,https://avatars.githubusercontent.com/u/113151636?v=4,,Emissions,Carbon Intensity and Accounting,USA,non-profit,,https://rmi.org/
GEOS-Chem,geoschem,The GEOS-Chem model of atmospheric chemistry and composition,International,geos-chem-support@g.harvard.edu,4,,60,https://github.com/geoschem,"https://github.com/geoschem/geos-chem, https://github.com/geoschem/gcpy, https://github.com/geoschem/integrated_methane_inversion, https://github.com/geoschem/HEMCO",2022-11-09T02:29:41.696Z,2026-10-01T22:52:18.601Z,https://avatars.githubusercontent.com/u/8321017?v=4,,"Atmosphere, Atmosphere, Emissions, Emissions","Atmospheric Chemistry and Aerosol, Atmospheric Chemistry and Aerosol, Emission Observation and Modeling, Emission Observation and Modeling",Global,academia,,http://www.geos-chem.org
PraCTES,PraCTES,,,hfdrake@uci.edu,1,,1,https://github.com/PraCTES,https://github.com/practes/mit-practes,2023-03-02T12:47:13.353Z,2026-10-06T23:05:27.275Z,https://avatars.githubusercontent.com/u/59091906?v=4,,Sustainable Development,Education,USA,academia,,
bioenergy-research-centers,bioenergy-research-centers,,,,1,,5,https://github.com/bioenergy-research-centers,https://github.com/bioenergy-research-centers/bioenergy.org,2025-02-28T04:07:26.103Z,2026-10-03T04:47:21.720Z,https://avatars.githubusercontent.com/u/142427124?v=4,,Renewable Energy,Bioenergy,Global,academia,,http://bioenergy.org
CLIMBER-X Earth System Modelling Community,cxesmc,,,,1,,8,https://github.com/cxesmc,https://github.com/cxesmc/climber-x,2024-05-31T14:28:24.200Z,2026-10-03T05:47:11.004Z,https://avatars.githubusercontent.com/u/171320816?v=4,,Climate Change,Earth and Climate Modeling,,,,
AWF,AWF-GAUG,"Chair of Forest Inventory and Remote Sensing, University of Göttingen","Göttingen, Germany",,1,,11,https://github.com/AWF-GAUG,https://github.com/awf-gaug/treecrowndelineation,2023-04-26T13:57:42.776Z,2026-10-06T22:15:24.308Z,https://avatars.githubusercontent.com/u/29123942?v=4,,Biosphere,Forest Remote Sensing,Germany,academia,,http://www.uni-goettingen.de/en/67094.html
Daily Erosion Project of Iowa State University,dailyerosion,Modelling Soil Erosion in Iowa and beyond since 2002.,"Ames, Iowa",,1,,10,https://github.com/dailyerosion,https://github.com/dailyerosion/dep,2022-11-06T03:33:28.991Z,2026-10-03T04:47:26.465Z,https://avatars.githubusercontent.com/u/42647857?v=4,,Natural Resources,Soil and Land,USA,academia,,https://dailyerosion.org
Prospect Energy,prospect-energy,,,,1,,4,https://gitlab.com/prospect-energy,https://gitlab.com/prospect-energy/prospect-server,2023-05-04T13:41:43.418Z,2026-09-25T19:13:28.356Z,,,Energy Systems,Energy Data Accessibility and Integration,,,,
The Ocean Cleanup,TheOceanCleanupAlgorithms,,"Rotterdam, The Netherlands",,1,,7,https://github.com/TheOceanCleanupAlgorithms,https://github.com/TheOceanCleanupAlgorithms/ADVECT,2023-02-23T01:07:45.643Z,2026-10-06T22:14:49.386Z,https://avatars.githubusercontent.com/u/29291389?v=4,,Industrial Ecology,Circular Economy and Waste,Netherlands,non-profit,,https://theoceancleanup.com
AguaClara Reach,AguaClara-Reach,,"Ithaca, NY",,1,,1,https://github.com/AguaClara-Reach,https://github.com/aguaclara-reach/aguaclara,2025-08-04T00:46:18.460Z,2026-10-06T06:40:40.864Z,https://avatars.githubusercontent.com/u/42070153?v=4,,Natural Resources,Water Supply and Quality,USA,non-profit,,http://aguaclarareach.org
Sustentarea,sustentarea,Research and Extension Center at the University of São Paulo (USP),Brazil,sustentarea@usp.br,1,,7,https://github.com/sustentarea,https://github.com/sustentarea/logoclim,2024-05-29T10:59:20.601Z,2026-10-03T05:47:19.250Z,https://avatars.githubusercontent.com/u/171078414?v=4,,Climate Change,Climate Data Access and Visualization,,,,https://www.fsp.usp.br/sustentarea
Pastas,pastas,This organization holds the open source python package Pastas,,,1,,13,https://github.com/pastas,https://github.com/pastas/pastas,2022-11-14T20:05:30.222Z,2026-10-01T16:39:04.123Z,https://avatars.githubusercontent.com/u/18461359?v=4,,Hydrosphere,Freshwater and Hydrology,Global,academia,,http://pastas.readthedocs.io/
Open Carbon Watch,OpenCarbonWatch,"We monitor greenhouse gases emission reports published by organizations, along with their legal obligations and their own commitments, and track them over time.",France,contact@opencarbonwatch.org,1,,1,https://github.com/OpenCarbonWatch,https://github.com/OpenCarbonWatch/Website,2026-09-24T18:52:13.077Z,2026-10-06T23:34:35.781Z,https://avatars.githubusercontent.com/u/57277203?v=4,,Emissions,Emission Observation and Modeling,,,,https://opencarbonwatch.org
AI2,allenai,,"Seattle, WA",ai2-info@allenai.org,2,,454,https://github.com/allenai,"https://github.com/allenai/olmoearth_projects, https://github.com/allenai/satlas",2022-11-06T17:18:34.185Z,2024-04-14T22:08:05.570Z,https://avatars.githubusercontent.com/u/5667695?v=4,,"Biosphere, Sustainable Development","Forest Remote Sensing, Data Catalogs and Interfaces",USA,non-profit,,http://www.allenai.org
Streetmix,streetmix,"“It’s a streetfight everywhere... but if you can change the street, you can change the world.” —Janette Sadik-Khan, former NYC DOT Commissioner",United States of America,hello@streetmix.net,1,streetmix,18,https://github.com/streetmix,https://github.com/streetmix/streetmix,2022-11-04T18:18:44.221Z,2024-10-29T23:35:59.826Z,https://avatars.githubusercontent.com/u/6877271?v=4,'https://github.com/sponsors/streetmix',Consumption,Mobility and Transportation,Global,community,,https://streetmix.net/
BlueGreen Labs,bluegreen-labs,BlueGreen open science labs & consulting: environmental research infrastructure to address climate change through data driven methods,"Melsele, Belgium",info@bluegreenlabs.org,6,,58,https://github.com/bluegreen-labs,"https://github.com/bluegreen-labs/phenocamr, https://github.com/bluegreen-labs/daymetr, https://github.com/bluegreen-labs/phenor, https://github.com/bluegreen-labs/ecmwfr, https://github.com/bluegreen-labs/MODISTools, https://github.com/bluegreen-labs/snotelr",2022-11-18T21:29:47.506Z,2026-10-02T01:42:29.277Z,https://avatars.githubusercontent.com/u/65854203?v=4,,"Biosphere, Climate Change, Biosphere, Climate Change, Sustainable Development, Cryosphere","Terrestrial Wildlife, Climate Data Processing and Analysis, Plants and Vegetation, Climate Data Access and Visualization, Environmental Satellites, Snow and Permafrost",Belgium,academia,,http://bluegreenlabs.org
Alberta Biodiversity Monitoring Institute,ABbiodiversity,"We track changes in wildlife and their habitats across Alberta, working collaboratively to provide ongoing, relevant, and scientifically credible information. ","Edmonton, AB",,1,abbiodiversity,15,https://github.com/ABbiodiversity,https://github.com/ABbiodiversity/wildRtrax,2022-11-16T20:46:55.544Z,2026-10-06T22:29:36.186Z,https://avatars.githubusercontent.com/u/28935129?v=4,,Biosphere,Bioacoustics and Acoustic Data Analysis,Canada,academia,,http://www.abmi.ca
Open Charge Map,openchargemap,Open Charge Map is the global Open Data registry of electric vehicle charging locations.,,,1,,6,https://github.com/openchargemap,https://github.com/openchargemap/ocm-system,2022-11-02T23:09:15.287Z,2024-10-30T02:43:12.233Z,https://avatars.githubusercontent.com/u/2486335?v=4,,Consumption,Mobility and Transportation,Global,community,,http://openchargemap.org
OpenIPSL,OpenIPSL,An team of collaborators developing the OpenIPSL Modelica library for power system simulations and other related oss projects in power system modeling and sim.,Cyber Space and All Around the World!,luigi.vanfretti@gmail.com,1,,1,https://github.com/OpenIPSL,https://github.com/openipsl/openipsl,2022-11-15T14:37:53.600Z,2026-10-06T23:15:15.865Z,https://avatars.githubusercontent.com/u/29949865?v=4,,Energy Systems,Energy System Modeling Frameworks,USA,for-profit,,http://openipsl.org
Switch Power System Planning Model,switch-model,Optimal planning model for power systems with large shares of renewable energy,,mfripp@hawaii.edu,1,,12,https://github.com/switch-model,https://github.com/switch-model/switch,2022-11-12T04:46:13.439Z,2026-10-03T01:32:00.344Z,https://avatars.githubusercontent.com/u/11792892?v=4,,Energy Systems,Renewable Energy Integration,USA,community,,http://switch-model.org
elenia,elenia1,,,,1,,1,https://gitlab.com/elenia1,https://gitlab.com/elenia1/elenia-energy-library,2025-01-25T00:04:12.374Z,2026-09-25T19:13:28.091Z,,,Energy Systems,Grid Management and Microgrid,Germany,academia,,
Huracan-project,Huracan-project,"The Huracán project is a large research grant, funded by NERC and NSF, to explore North Atlantic tropical cyclone risk to the midlatitudes.",,,1,,1,https://github.com/Huracan-project,https://github.com/huracan-project/huracanpy,2024-04-24T15:50:18.588Z,2026-10-06T23:15:17.340Z,https://avatars.githubusercontent.com/u/167978010?v=4,,Climate Change,Natural Hazard and Storms,Global,community,,https://research.reading.ac.uk/huracan/
Modeling and Meteorology Branch of the California Air Resources Board,mmb-carb,,"Sacramento, California",,1,,4,https://github.com/mmb-carb,https://github.com/mmb-carb/esta,2023-02-24T15:06:05.892Z,2026-10-03T02:44:13.630Z,https://avatars.githubusercontent.com/u/31774095?v=4,,Emissions,Emission Observation and Modeling,USA,government agency,,https://www.arb.ca.gov/homepage.htm
Humanitarian OpenStreetMap Team,hotosm,An international team dedicated to humanitarian action and community development through open mapping.,Global,info@hotosm.org,1,hotosm,264,https://github.com/hotosm,https://github.com/hotosm/hotosm-website,2022-11-02T22:53:42.395Z,2026-10-02T15:38:43.972Z,https://avatars.githubusercontent.com/u/458752?v=4,'https://github.com/sponsors/hotosm',Climate Change,Natural Hazard and Storms,Global,non-profit,,http://www.hotosm.org
usask-arg,usask-arg,,,,1,,16,https://github.com/usask-arg,https://github.com/usask-arg/sasktran2,2023-06-29T18:32:52.345Z,2026-10-03T05:47:27.055Z,https://avatars.githubusercontent.com/u/138140024?v=4,,Atmosphere,Radiative Transfer,Global,community,,
simsphere,simsphere,,,,1,,1,https://github.com/simsphere,https://github.com/simsphere/simsphere,2025-12-13T07:55:16.646Z,2026-10-03T08:47:06.250Z,https://avatars.githubusercontent.com/u/77640077?v=4,,Natural Resources,Soil and Land,,,,
People Powered Retrofit (PPR),retrofitcoop,,,,1,,2,https://gitlab.com/retrofitcoop,https://gitlab.com/retrofitcoop/macquette,2023-03-28T20:15:44.286Z,2026-09-25T19:59:10.434Z,,,Consumption,Buildings and Heating,UK,community,2025-10-25,https://retrofit.coop
International Oceanographic Data and Information Exchange,iodepo,Oceanographic data and information management.,"Ostend, Belgium",it@iode.org,1,,16,https://github.com/iodepo,https://github.com/iodepo/odis-arch,2022-11-15T22:44:24.289Z,2026-10-02T06:28:56.977Z,https://avatars.githubusercontent.com/u/18591584?v=4,,Hydrosphere,Ocean and Hydrology Data Access,Global,government agency,,http://www.iode.org
evcc-io,evcc-io,Sonne tanken ☀️🚗,Germany,,1,,11,https://github.com/evcc-io,https://github.com/evcc-io/evcc,2022-11-14T05:09:40.378Z,2024-10-30T01:45:09.143Z,https://avatars.githubusercontent.com/u/81383504?v=4,'https://github.com/sponsors/evcc-io',Consumption,Mobility and Transportation,Germany,community,,https://evcc.io
santiago-sanitation-systems,santiago-sanitation-systems,Publishing services of and around Santiago software,,dorothee.spuhler@eawag.ch,1,,3,https://github.com/santiago-sanitation-systems,https://github.com/santiago-sanitation-systems/Santiago.jl,2024-02-14T10:38:34.905Z,2026-10-03T02:45:39.078Z,https://avatars.githubusercontent.com/u/67377940?v=4,,Industrial Ecology,Circular Economy and Waste,Switzerland,collaboration,,https://github.com/santiago-sanitation-systems/Santiago.jl
SoilBGC-Datashare,SoilBGC-Datashare,,,,1,,1,https://github.com/SoilBGC-Datashare,https://github.com/SoilBGC-Datashare/sidb,2023-02-24T08:46:41.941Z,2026-10-06T22:42:12.393Z,https://avatars.githubusercontent.com/u/20792238?v=4,,Natural Resources,Soil and Land,Germany,academia,,https://soilbgc-datashare.github.io/sidb/
SpaceML,spaceml-org,,,,2,,40,https://github.com/spaceml-org,"https://github.com/spaceml-org/ml4floods, https://github.com/spaceml-org/starcop",2022-11-18T11:56:35.287Z,2026-10-02T03:51:12.465Z,https://avatars.githubusercontent.com/u/75035593?v=4,,"Climate Change, Emissions","Natural Hazard and Storms, Emission Observation and Modeling",Global,collaboration,,http://spaceml.org
Irish Marine Institute,IrishMarineInstitute,"Marine Institute, Ireland. The state agency responsible for marine research, technology development and innovation in Ireland. ",Ireland,info@marine.ie,1,,92,https://github.com/IrishMarineInstitute,https://github.com/IrishMarineInstitute/awesome-erddap,2022-11-05T16:07:29.329Z,2026-10-06T22:42:13.996Z,https://avatars.githubusercontent.com/u/10881493?v=4,,Sustainable Development,Curated Lists,Ireland,government agency,,https://www.marine.ie/
secondlaw,secondlaw-ai,,,,1,,5,https://github.com/secondlaw-ai,https://github.com/secondlaw-ai/skyrim,2024-04-21T22:39:22.493Z,2026-10-03T03:56:21.692Z,https://avatars.githubusercontent.com/u/167584047?v=4,,Atmosphere,Meteorological Observation and Forecast,Global,academia,,http://secondlaw.com
Western States Water Use Program (WSWUP),WSWUP,WSWUP housed at the Desert Research Institute aims to advance crop and open water use estimates through observations and open modeling tools     ,"Reno, NV",,3,,9,https://github.com/WSWUP,"https://github.com/WSWUP/gridwxcomp, https://github.com/WSWUP/pymetric, https://github.com/wswup/agweather-qaqc",2022-11-17T12:36:50.075Z,2026-10-06T21:06:39.435Z,https://avatars.githubusercontent.com/u/23201768?v=4,,"Atmosphere, Hydrosphere, Atmosphere","Meteorological Observation and Forecast, Freshwater and Hydrology, Meteorological Observation and Forecast",USA,government agency,,https://www.dri.edu/western-states-water-use-program
Climate Dynamics,CliDyn,Climate Dynamics section of AWI,Germany,,1,,1,https://github.com/CliDyn,https://github.com/clidyn/climsight,2024-05-06T14:06:15.618Z,2026-10-06T23:15:18.228Z,https://avatars.githubusercontent.com/u/168721011?v=4,,Climate Change,Climate Data Access and Visualization,Germany,government agency,,https://www.awi.de/en/science/climate-sciences/climate-dynamics.html
TERN,ternaustralia,TERN is enabled by NCRIS. Our work is a result of collaborative partnerships with many universities and institutions.,Brisbane,tern@uq.edu.au,1,,98,https://github.com/ternaustralia,https://github.com/ternaustralia/ausplotsr,2022-11-13T04:46:06.636Z,2026-10-03T02:44:11.906Z,https://avatars.githubusercontent.com/u/45140818?v=4,,Natural Resources,Soil and Land,Australia,academia,,http://www.tern.org.au
Cisco,cisco-open,,,oss-github@cisco.com,1,ciscoopen,123,https://github.com/cisco-open,https://github.com/cisco-open/green-monitoring,2022-11-14T05:16:46.943Z,2026-10-03T02:45:02.779Z,https://avatars.githubusercontent.com/u/95529662?v=4,,Energy Systems,Building Energy Monitoring,USA,for-profit,,https://opensource.cisco.com
globalbioticinteractions,globalbioticinteractions,,,,1,,320,https://github.com/globalbioticinteractions,https://github.com/globalbioticinteractions/globalbioticinteractions,2022-11-06T08:13:16.967Z,2026-10-03T04:47:31.415Z,https://avatars.githubusercontent.com/u/9599468?v=4,,Biosphere,Biodiversity Data Access and Management,Global,academia,,http://globalbioticinteractions.org
Giswater,giswater,,,info@giswater.org,1,,13,https://github.com/giswater,https://github.com/giswater/plugin,2022-11-06T06:57:30.844Z,2026-10-03T08:47:10.675Z,https://avatars.githubusercontent.com/u/3052331?v=4,,Natural Resources,Water Supply and Quality,,,,http://www.giswater.org
SlideRule Earth,SlideRuleEarth,Server and client tools for on-demand processing of science data in the cloud,,,1,,2,https://github.com/SlideRuleEarth,https://github.com/slideruleearth/sliderule,2022-11-15T21:31:22.131Z,2026-10-06T23:34:33.440Z,https://avatars.githubusercontent.com/u/63428847?v=4,,Sustainable Development,Environmental Satellites,USA,collaboration,,https://slideruleearth.io/
Carbonifer,carboniferio,Take Control of the Carbon Emissions of your Cloud,France,contact@carbonifer.io,1,carboniferio,3,https://github.com/carboniferio,https://github.com/carboniferio/carbonifer,2023-07-05T15:58:46.428Z,2026-10-03T03:56:17.020Z,https://avatars.githubusercontent.com/u/122363433?v=4,,Consumption,Computation and Communication,France,for-profit,,https://carbonifer.io/
CoastalME,CoastalModellingEnvironment,Coastal Modelling Environment is a Free and Open Source software for geospatial modelling to simulate decadal and longer coastal morphological change,United Kingdom,payo.andres@gmail.com,1,,1,https://github.com/CoastalModellingEnvironment,https://github.com/coastalmodellingenvironment/coastalme,2025-11-14T18:18:09.515Z,2026-10-06T21:57:31.279Z,https://avatars.githubusercontent.com/u/243986716?v=4,,Hydrosphere,Coastal and Reefs,,,,https://www.osgeo.org/projects/coastalme/
Balmorel Community,balmorelcommunity,,,,1,,13,https://github.com/balmorelcommunity,https://github.com/balmorelcommunity/balmorel,2022-11-13T03:02:16.009Z,2026-10-03T03:56:20.451Z,https://avatars.githubusercontent.com/u/29952453?v=4,,Energy Systems,Energy System Modeling Frameworks,USA,academia,,http://balmorel.com
USDA Forest Service,USDAForestService,"For updating and hosting new repo or other questions, please contact <sm.fs.github_admin@usda.gov>",USDA Forest Service - Chief Information Office,,1,,15,https://github.com/USDAForestService,https://github.com/USDAForestService/ForestVegetationSimulator,2022-11-09T07:30:50.016Z,2024-04-14T22:03:13.020Z,https://avatars.githubusercontent.com/u/21344804?v=4,,Biosphere,Forest Modeling and Analysis,USA,government agency,,https://www.fs.usda.gov/
SoilWatch,SoilWatch,,"Brussels, Belgium",,1,,2,https://github.com/SoilWatch,https://github.com/SoilWatch/soil-erosion-watch,2026-05-12T13:13:29.430Z,2026-10-06T22:42:12.434Z,https://avatars.githubusercontent.com/u/84096586?v=4,,Natural Resources,Soil and Land,,,,https://soilwatch.eu/
Ubilabs,ubilabs,,"Hamburg, Germany",coding@ubilabs.com,1,,115,https://github.com/ubilabs,https://github.com/ubilabs/esa-climate-from-space,2022-11-02T18:16:27.340Z,2026-10-02T22:37:30.219Z,https://avatars.githubusercontent.com/u/50165?v=4,,Sustainable Development,Knowledge Platforms,Germany,for-profit,,https://ubilabs.com
National Center for Ecological Analysis and Synthesis,NCEAS,,"Santa Barbara, CA",help@nceas.ucsb.edu,1,,112,https://github.com/NCEAS,https://github.com/nceas/eml,2022-11-04T02:21:52.900Z,2026-10-06T22:42:12.650Z,https://avatars.githubusercontent.com/u/2159348?v=4,,Sustainable Development,Taxonomy and Ontology,USA,academia,,https://www.nceas.ucsb.edu
sharppy,sharppy,,,,1,,2,https://github.com/sharppy,https://github.com/sharppy/SHARPpy,2022-11-08T07:54:46.501Z,2026-10-03T03:56:15.693Z,https://avatars.githubusercontent.com/u/10359202?v=4,,Atmosphere,Atmospheric Composition and Dynamics,USA,,,
NCI,nci,,"Australian National University, Canberra, Australia",,1,,25,https://github.com/nci,https://github.com/nci/scores,2023-02-14T23:57:48.353Z,2026-10-01T22:46:38.289Z,https://avatars.githubusercontent.com/u/18274870?v=4,,Climate Change,Earth and Climate Modeling,Australia,government agency,,http://nci.org.au/
NLR-SolTrace,NLR-SolTrace,,,,1,,1,https://github.com/NLR-SolTrace,https://github.com/nlr-soltrace/soltrace,2026-05-27T00:05:06.946Z,2026-10-06T22:16:30.216Z,https://avatars.githubusercontent.com/u/253594140?v=4,,Renewable Energy,Photovoltaics and Solar Energy,,,,
Sustainable Computing,sustainable-computing-io,,United States of America,info@sustainable-computing.io,1,,37,https://github.com/sustainable-computing-io,https://github.com/sustainable-computing-io/kepler,2022-11-14T09:34:27.050Z,2026-10-02T22:38:20.209Z,https://avatars.githubusercontent.com/u/91567619?v=4,,Consumption,Computation and Communication,USA,community,,http://www.sustainable-computing.io
PalmStudio research project,PalmStudio,Oil Palm modelling,,,1,,3,https://github.com/PalmStudio,https://github.com/palmstudio/xpalm.jl,2023-03-02T09:45:40.400Z,2026-10-06T23:15:39.530Z,https://avatars.githubusercontent.com/u/59010813?v=4,,Consumption,Agriculture and Nutrition,Global,community,,https://palmstudio.github.io/
Envirometrix,Envirometrix,"Research, Innovation and Consultancy","Wageningen, the Netherlands",tom.hengl@envirometrix.net,1,,5,https://github.com/Envirometrix,https://github.com/Envirometrix/PNVmaps,2022-11-16T20:58:25.152Z,2026-10-06T22:14:56.732Z,https://avatars.githubusercontent.com/u/32822370?v=4,,Biosphere,Biomass,Netherlands,for-profit,,http://envirometrix.net
Australian Biodiversity Information Governance Group,AusBIGG,AusBIGG was established within the initial phases of the Biodiversity Data Repository to govern the information standards used by it and for other purposes.,Australia,,1,,1,https://github.com/AusBIGG,https://github.com/ausbigg/abis,2022-11-20T09:28:47.768Z,2026-10-06T23:05:38.969Z,https://avatars.githubusercontent.com/u/106950843?v=4,,Biosphere,Biodiversity Data Cleaning and Standardization,,,,
Tenstream Radiative Transfer Model,tenstream,Parallel Radiative Transfer Model to calculate atmospheric heating rates for use in cloud resolving models,,fabian@jakub.com,1,,1,https://github.com/tenstream,https://github.com/tenstream/tenstream,2022-11-11T16:56:03.475Z,2026-10-03T01:28:58.604Z,https://avatars.githubusercontent.com/u/11333945?v=4,,Atmosphere,Radiative Transfer,Germany,community,,
Oceanography for Everyone,OceanographyforEveryone,,,,1,,4,https://github.com/OceanographyforEveryone,https://github.com/oceanographyforeveryone/openctd,2022-11-07T22:00:15.771Z,2026-10-06T22:14:55.642Z,https://avatars.githubusercontent.com/u/14789732?v=4,,Hydrosphere,Coastal and Reefs,Global,community,,http://oceanographyforeveryone.com
Organic Basics ApS,Organic-Basics,,"Copenhagen, Denmark",tech@organicbasics.com,1,,2,https://github.com/Organic-Basics,https://github.com/Organic-Basics/ob-low-impact-website,2026-09-24T18:55:57.678Z,2026-10-06T23:34:41.776Z,https://avatars.githubusercontent.com/u/54848514?v=4,,Consumption,Computation and Communication,,,,https://www.organicbasics.com
Quantitative Sustainable Design (QSD) Group,QSD-Group,"Tools for quantitative sustainable design (QSD) to guide the research, development, and deployment of technologies and inform decision-making.",,quantitative.sustainable.design@gmail.com,1,,5,https://github.com/QSD-Group,https://github.com/qsd-group/qsdsan,2022-11-17T22:12:49.647Z,2026-10-06T23:15:23.871Z,https://avatars.githubusercontent.com/u/68925850?v=4,,Industrial Ecology,Life Cycle Assessment,Global,academia,,
FLOODS,floods,,,,1,,2,https://code.europa.eu/floods,https://code.europa.eu/floods/floods-river/flexth,2024-07-18T12:09:34.003Z,2026-10-03T02:44:21.622Z,,,Climate Change,Natural Hazard and Storms,EU,government agency,,
diowa,diowa,,United Kingdom,,1,,36,https://github.com/diowa,https://github.com/diowa/icare,2022-11-04T03:11:19.717Z,2026-10-03T04:55:16.857Z,https://avatars.githubusercontent.com/u/2099801?v=4,,Consumption,Mobility and Transportation,Italy,for-profit,,http://diowa.com
BioSTEAM Development Group,BioSTEAMDevelopmentGroup,"Our mission is to create, deliver, and support open-source products that make the BioSTEAM software easy to use, deploy, and scale.",,BioSTEAMDevelopmentGroup@gmail.com,1,,7,https://github.com/BioSTEAMDevelopmentGroup,https://github.com/biosteamdevelopmentgroup/biosteam,2022-11-14T07:30:19.447Z,2026-10-06T21:57:32.144Z,https://avatars.githubusercontent.com/u/61621970?v=4,,Renewable Energy,Bioenergy,Global,community,,https://biosteam.readthedocs.io/en/latest/index.html
r4ss,r4ss,R code for Stock Synthesis,,,1,,3,https://github.com/r4ss,https://github.com/r4ss/r4ss,2022-11-08T07:41:46.831Z,2026-10-02T22:59:39.830Z,https://avatars.githubusercontent.com/u/6178431?v=4,,Biosphere,Marine Life and Fishery,USA,government agency,,https://www.fisheries.noaa.gov/
PlantSimulationLab,PlantSimulationLab,,,,1,,1,https://github.com/PlantSimulationLab,https://github.com/plantsimulationlab/helios,2022-11-14T07:29:40.309Z,2026-10-06T23:15:22.293Z,https://avatars.githubusercontent.com/u/34010853?v=4,,Biosphere,Plants and Vegetation,USA,academia,,
Environmental Data and Governance Initiative,edgi-govdata-archiving,"The Environmental Data & Governance Initiative (EDGI) documents, analyzes, and advocates for the federal provision of environmental data and governance.",,envirodgi@protonmail.com,1,,95,https://github.com/edgi-govdata-archiving,https://github.com/edgi-govdata-archiving/echo-cross-program,2022-11-07T11:39:24.508Z,2024-04-14T08:16:27.860Z,https://avatars.githubusercontent.com/u/24626991?v=4,,Sustainable Development,Data Catalogs and Interfaces,USA,non-profit,,http://www.envirodatagov.org
uncscode,uncscode,,,,1,,11,https://github.com/uncscode,https://github.com/uncscode/particula,2022-11-16T04:30:57.559Z,2026-10-02T22:38:09.300Z,https://avatars.githubusercontent.com/u/91224023?v=4,,Atmosphere,Atmospheric Chemistry and Aerosol,Global,community,,
NASA EarthRISE,NASA-EarthRISE,"Empowering state & local governments, federally-recognized Tribes, territories, and private sector to integrate satellite data into their decision-making.",,,1,,1,https://github.com/NASA-EarthRISE,https://github.com/nasa-earthrise/earthrise-applied-artificial-intelligence-and-deep-learning-book,2025-07-18T15:04:41.414Z,2026-10-06T22:42:12.957Z,https://avatars.githubusercontent.com/u/220915817?v=4,,Sustainable Development,Education,USA,government agency,,https://science.nasa.gov/earth-science/earth-action/earthrise/
ECS Hack Week ,ECSHackWeek,,,,1,,7,https://github.com/ECSHackWeek,https://github.com/ECSHackWeek/impedance.py,2022-11-12T23:13:52.202Z,2026-10-06T22:42:12.658Z,https://avatars.githubusercontent.com/u/32744210?v=4,,Energy Storage,Battery,Global,community,2025-10-25,https://www.electrochem.org/233/hack-week
ROLL THE CLOUD INC.,rollthecloudinc,"Nonprofit building web experiences breaking free from scope 1,2,3 carbon emissions.",United States of America,hi@rollthecloud.com,1,rollthecloud,266,https://github.com/rollthecloudinc,https://github.com/rollthecloudinc/quell,2022-11-14T20:58:56.841Z,2026-10-02T03:53:40.601Z,https://avatars.githubusercontent.com/u/104270036?v=4,,Consumption,Computation and Communication,USA,non-profit,,https://rollthecloud.com
Office of Data Science and Informatics,NASA-IMPACT,,,esds.dsig@gmail.com,3,,88,https://github.com/NASA-IMPACT,"https://github.com/NASA-IMPACT/veda-ui, https://github.com/NASA-IMPACT/marine_debris_ML, https://github.com/nasa-impact/prithvi-wxc",2022-11-14T15:35:50.518Z,2026-10-06T23:05:04.327Z,https://avatars.githubusercontent.com/u/22798984?v=4,,"Sustainable Development, Industrial Ecology, Atmosphere","Data Catalogs and Interfaces, Circular Economy and Waste, Meteorological Observation and Forecast",USA,government agency,,https://earthdata.nasa.gov/esds/impact
HIT2GAP,HIT2GAP-EU-PROJECT,An energy management platform could help to reduce this energy gap,,,1,,1,https://github.com/HIT2GAP-EU-PROJECT,https://github.com/HIT2GAP-EU-PROJECT/bemserver,2023-03-27T11:01:58.901Z,2026-10-06T21:38:46.851Z,https://avatars.githubusercontent.com/u/27004362?v=4,,Consumption,Buildings and Heating,France,for-profit,,http://www.hit2gap.eu/
OpenEMS,OpenEMS,Open Source Energy Management System,,,1,,10,https://github.com/OpenEMS,https://github.com/openems/openems,2022-11-15T04:51:18.860Z,2026-10-06T19:41:53.336Z,https://avatars.githubusercontent.com/u/20765902?v=4,,Energy Systems,Building Energy Monitoring,Germany,non-profit,,http://openems.io
ICES tools (development area),ices-tools-dev,"Tools under development by ICES, or by other institutes and projects","Copenhagen, Denmark",taf@ices.dk,1,,94,https://github.com/ices-tools-dev,https://github.com/ices-tools-dev/echosms,2022-11-06T17:17:18.289Z,2026-10-03T03:51:53.313Z,https://avatars.githubusercontent.com/u/20533855?v=4,,Biosphere,Marine Life and Fishery,Denmark,collaboration,,https://www.ices.dk/data/tools/Pages/Software.aspx
Carob --- standardizing agricultural research data,carob-data,,Kenya,carob-data@gmail.com,1,,5,https://github.com/carob-data,https://github.com/carob-data/carob,2025-06-03T10:10:47.439Z,2026-10-03T05:47:33.519Z,https://avatars.githubusercontent.com/u/214550159?v=4,,Consumption,Agriculture and Nutrition,,,,https://carob-data.org
SciTools,SciTools,SciTools is a collaborative effort to produce powerful Python-based open-source tools for Earth scientists,United Kingdom,scitools.pub@gmail.com,1,,35,https://github.com/SciTools,https://github.com/SciTools/iris,2022-11-04T01:20:09.033Z,2026-10-06T22:46:46.194Z,https://avatars.githubusercontent.com/u/1391487?v=4,,Climate Change,Climate Data Processing and Analysis,UK,government agency,,https://scitools.org.uk/
Veins of the Earth,VeinsOfTheEarth,"An ecosystem for AI-ready, hydrology-centric data fusion",,,2,,3,https://github.com/VeinsOfTheEarth,"https://github.com/VeinsOfTheEarth/RivGraph, https://github.com/VeinsOfTheEarth/rabpro",2022-11-15T17:49:48.256Z,2026-10-06T23:04:59.467Z,https://avatars.githubusercontent.com/u/88787335?v=4,,"Hydrosphere, Hydrosphere","Freshwater and Hydrology, Freshwater and Hydrology",Global,community,,https://veinsoftheearth.github.io/RivGraph/
BioDT,BioDT,Horizon EU Biodiversity Digital Twin,,,2,BiodiversityDT,1,https://github.com/BioDT,"https://github.com/biodt/biodt-shiny, https://github.com/biodt/bfm-data",2023-05-11T09:29:08.653Z,2026-10-06T23:15:50.291Z,https://avatars.githubusercontent.com/u/106523593?v=4,,"Biosphere, Biosphere","Ecological and Environmental Modeling, Biodiversity Data Access and Management",EU,collaboration,,https://biodt.eu
Species File Group,SpeciesFileGroup,A biodiversity informatics research group.,"University of Illinois, INHS",,1,,55,https://github.com/SpeciesFileGroup,https://github.com/SpeciesFileGroup/taxonworks,2022-11-03T20:54:58.577Z,2024-04-14T22:07:32.109Z,https://avatars.githubusercontent.com/u/1653377?v=4,,Biosphere,Biodiversity Data Access and Management,USA,academia,,http://speciesfilegroup.org
FixMyCity,FixMyBerlin,Digitale Plattform für die Radverkehrsplanung,Berlin,info@fixmycity.de,1,,10,https://github.com/FixMyBerlin,https://github.com/fixmyberlin/tilda-geo,2022-11-13T04:23:23.613Z,2026-10-07T05:18:45.855Z,https://avatars.githubusercontent.com/u/26550743?v=4,,Consumption,Mobility and Transportation,,,,https://www.fixmycity.de/
NCAS CMS,NCAS-CMS,Useful tools to support NERC weather and climate research,UK,,2,,10,https://github.com/NCAS-CMS,"https://github.com/ncas-cms/cfdm, https://github.com/ncas-cms/cf-python",2022-11-12T20:35:51.494Z,2026-10-07T17:34:45.714Z,https://avatars.githubusercontent.com/u/31280705?v=4,,"Climate Change, Climate Change","Climate Data Standards, Climate Data Standards",UK,government agency,,http://cms.ncas.ac.uk/
watertap-org,watertap-org,,,,1,,22,https://github.com/watertap-org,https://github.com/watertap-org/watertap,2022-11-14T09:19:30.617Z,2026-10-02T03:53:14.925Z,https://avatars.githubusercontent.com/u/91289555?v=4,,Natural Resources,Water Supply and Quality,USA,government agency,,https://watertap-org.github.io/
HydPy,hydpy-dev,Repositories related to the HydPy framework,,,1,,3,https://github.com/hydpy-dev,https://github.com/hydpy-dev/hydpy,2024-10-25T23:42:45.736Z,2026-10-03T05:47:31.181Z,https://avatars.githubusercontent.com/u/44705018?v=4,,Hydrosphere,Freshwater and Hydrology,Germany,academia,,https://hydpy-dev.github.io/hydpy/
TeamOcean,team-ocean,"Software development at TeamOcean, NBI Copenhagen.",Copenhagen,,1,,7,https://github.com/team-ocean,https://github.com/team-ocean/veros,2022-11-09T04:34:14.587Z,2026-10-03T05:47:30.515Z,https://avatars.githubusercontent.com/u/57774860?v=4,,Hydrosphere,Ocean Models,Denmark,academia,,https://www.nbi.ku.dk/english/research/pice/oceanography/
Center for the Built Environment,CenterForTheBuiltEnvironment,GitHub account of the Center for the Built Environment (CBE) at UC Berkeley.,"Berkeley, CA",,2,,25,https://github.com/CenterForTheBuiltEnvironment,"https://github.com/centerforthebuiltenvironment/clima, https://github.com/CenterForTheBuiltEnvironment/comfort_tool",2022-11-06T23:19:51.643Z,2026-10-07T17:06:56.342Z,https://avatars.githubusercontent.com/u/6592546?v=4,,"Consumption, Consumption","Buildings and Heating, Buildings and Heating",USA,academia,,http://cbe.berkeley.edu
LiUSemWeb,LiUSemWeb,Software developed by the Semantic Web research group at Linköping University,"Linköping, Sweden",,1,liusemweb,6,https://github.com/LiUSemWeb,https://github.com/LiUSemWeb/CEON,2022-11-14T10:02:42.017Z,2026-10-06T23:15:37.078Z,https://avatars.githubusercontent.com/u/80054564?v=4,,Sustainable Development,Taxonomy and Ontology,Sweden,academia,,https://www.ida.liu.se/research/semanticweb/
eigenergy group @ michigan ece,eigenergy,A research group coming Fall 2027 at the University of Michigan Department of Electrical Engineering and Computer Science,United States of America,talks@umich.edu,1,,4,https://github.com/eigenergy,https://github.com/eigenergy/powerio,2026-06-10T04:13:35.871Z,2026-10-03T05:47:35.968Z,https://avatars.githubusercontent.com/u/289333365?v=4,,Energy Systems,Energy Data Accessibility and Integration,,,,
EnergieID cvso,EnergieID,,"Antwerp, Belgium",,1,,12,https://github.com/EnergieID,https://github.com/EnergieID/entsoe-py,2022-11-13T16:52:44.786Z,2026-10-06T23:16:08.855Z,https://avatars.githubusercontent.com/u/13538977?v=4,,Energy Systems,Energy Data Accessibility and Integration,Belgium,collaboration,,http://www.energieid.be
Open Mobility Foundation,openmobilityfoundation,Open-source foundation with a mission to transform the way cities manage transportation in the modern era using open-source data standards and software.,,,1,OpenMobilityFnd,11,https://github.com/openmobilityfoundation,https://github.com/openmobilityfoundation/mobility-data-specification,2022-11-15T08:22:01.329Z,2026-10-02T22:59:35.641Z,https://avatars.githubusercontent.com/u/52187191?v=4,,Consumption,Mobility and Transportation,USA,non-profit,,http://www.openmobilityfoundation.org/
MET-OM: software for Oceanography and Marine Meteorology ,MET-OM,,Norway,,2,,1,https://github.com/MET-OM,"https://github.com/met-om/metocean-stats, https://github.com/met-om/dnora",2023-06-08T07:28:33.672Z,2026-10-07T17:34:43.018Z,https://avatars.githubusercontent.com/u/135607669?v=4,,"Hydrosphere, Hydrosphere","Ocean and Hydrology Data Access, Waves and Currents",Norway,academia,,https://www.met.no/
sede-open,sede-open,,"2596 HR The Hague, The Netherlands",,1,,231,https://github.com/sede-open,https://github.com/sede-open/pyelq,2022-11-14T05:51:30.374Z,2026-10-03T04:47:20.106Z,https://avatars.githubusercontent.com/u/84848118?v=4,,Emissions,Carbon Intensity and Accounting,UK,for-profit,,https://www.shell.com/about-us/contact-us.html
Motus Wildlife Tracking System,MotusWTS,A global collaborative research network tracking migratory wildlife.,,motus@birdscanada.org,1,,8,https://github.com/MotusWTS,https://github.com/MotusWTS/motus,2022-11-10T21:59:05.221Z,2026-10-06T21:39:06.541Z,https://avatars.githubusercontent.com/u/31975508?v=4,,Biosphere,Avian Monitoring and Analysis,Canada,non-profit,,http://www.motus.org
GeoOcean,GeoOcean,Geomatics and Ocean Engineering Group,Spain,,1,GeoOcean_UC,1,https://github.com/GeoOcean,https://github.com/geoocean/bluemath_tk,2024-10-24T01:45:21.136Z,2026-10-06T23:15:39.586Z,https://avatars.githubusercontent.com/u/183629105?v=4,,Climate Change,Climate Data Processing and Analysis,,,,https://geoocean.sci.unican.es/hyweb/
turbinesFoam,turbinesFoam,Actuator line modeling in OpenFOAM.,,,1,,1,https://github.com/turbinesFoam,https://github.com/turbinesfoam/turbinesfoam,2022-11-08T19:00:59.986Z,2026-10-06T22:42:13.392Z,https://avatars.githubusercontent.com/u/10404114?v=4,,Renewable Energy,Wind Energy,Global,academia,,https://www.openfoam.com/
SteVe Community,steve-community,,Germany,,1,,4,https://github.com/steve-community,https://github.com/steve-community/steve,2022-11-06T01:59:33.192Z,2026-10-02T22:17:32.435Z,https://avatars.githubusercontent.com/u/112710077?v=4,,Consumption,Mobility and Transportation,Germany,community,,
Poisson Consulting Ltd.,poissonconsulting,Computational Biology and Statistical Ecology,"Nelson, BC, Canada",software@poissonconsulting.ca,1,,170,https://github.com/poissonconsulting,https://github.com/poissonconsulting/bbousuite,2022-11-04T19:41:10.197Z,2026-10-02T03:51:33.408Z,https://avatars.githubusercontent.com/u/1679318?v=4,,Biosphere,Terrestrial Wildlife,Canada,for-profit,,http://www.poissonconsulting.ca
Byrd Polar Education and Outreach,byrd-polar,"The Ohio State University Byrd Polar and Climate Research Center, Education and Outreach group",,utilitybyrd@zohomail.com,1,,1,https://github.com/byrd-polar,https://github.com/byrd-polar/fluid-earth,2022-11-14T20:12:41.097Z,2026-10-03T02:44:59.616Z,https://avatars.githubusercontent.com/u/88336624?v=4,,Climate Change,Climate Data Access and Visualization,USA,academia,,https://byrd.osu.edu/
VIAME,VIAME,"A computer vision project majorly targeting conservation efforts, but with other applications as well.",,viame.developers@gmail.com,1,,2,https://github.com/VIAME,https://github.com/VIAME/VIAME,2022-11-15T15:45:40.525Z,2026-10-06T22:55:10.569Z,https://avatars.githubusercontent.com/u/48599248?v=4,,Biosphere,Marine Life and Fishery,Global,collaboration,,http://www.viametoolkit.org/
Greenstand,Greenstand,Treetracker - Addressing Poverty and Climate Change through transparency in tree growing efforts,,info@greenstand.org,1,,54,https://github.com/Greenstand,https://github.com/Greenstand/treetracker-android,2022-11-14T06:13:32.341Z,2026-10-06T22:42:14.154Z,https://avatars.githubusercontent.com/u/25363578?v=4,,Biosphere,Deforestation and Reforestation,Global,non-profit,,https://app.gitbook.com/@greenstand/s/engineering/
Energy Sector Management Assistance Program (ESMAP),ESMAP-World-Bank-Group,ESMAP assist developing and emerging-market countries in addressing their energy challenge.,,,1,,1,https://github.com/ESMAP-World-Bank-Group,https://github.com/esmap-world-bank-group/epm,2024-11-12T15:39:05.806Z,2026-10-06T22:55:13.788Z,https://avatars.githubusercontent.com/u/188213372?v=4,,Energy Systems,Energy System Modeling Frameworks,,,,https://www.esmap.org/
Marine Systems Modelling at Plymouth Marine Laboratory,pmlmodelling,"Tools and models for marine systems modelling, created by the Environmental Intelligence Group at Plymouth Marine Laboratory.",,,1,,44,https://github.com/pmlmodelling,https://github.com/pmlmodelling/ersem,2022-11-18T07:55:03.850Z,2026-10-03T01:30:41.871Z,https://avatars.githubusercontent.com/u/72567641?v=4,,Hydrosphere,Ocean Carbon and Temperature,UK,non-profit,,https://pml.ac.uk/sciencetopics/environmental-intelligence
Natural Solutions,naturalsolutions,Biodiversity data and software,Marseille,commercial@natural-solutions.eu,2,,121,https://github.com/naturalsolutions,"https://github.com/naturalsolutions/ecosecrets, https://gitlab.com/natural-solutions/reneco/ecoreleve-data",2022-11-04T04:06:32.642Z,2024-04-14T16:16:59.810Z,https://avatars.githubusercontent.com/u/2242739?v=4,,"Biosphere, Biosphere","Terrestrial Wildlife, Biodiversity Data Access and Management",Global,for-profit,,https://natural-solutions.world
Amanzi,amanzi,Multi-process simulator for Environmental & Earth System Science,,,2,,23,https://github.com/amanzi,"https://github.com/amanzi/amanzi, https://github.com/amanzi/ats",2022-11-08T05:14:23.780Z,2026-10-03T03:51:46.308Z,https://avatars.githubusercontent.com/u/16613755?v=4,,"Hydrosphere, Hydrosphere","Freshwater and Hydrology, Freshwater and Hydrology",USA,government agency,,http://amanzi.github.io
ATMOSCHEM,atmoschem,,United States of America,,2,,20,https://github.com/atmoschem,"https://github.com/atmoschem/eixport, https://github.com/atmoschem/emissv",2022-11-09T06:40:40.579Z,2026-10-03T02:44:25.321Z,https://avatars.githubusercontent.com/u/35502286?v=4,,"Emissions, Emissions","Emission Observation and Modeling, Emission Observation and Modeling",Global,community,,https://atmoschem.github.io/
Zoological Society of London,Zoological-Society-of-London,,,,1,,7,https://github.com/Zoological-Society-of-London,https://github.com/zoological-society-of-london/rlpi,2022-11-05T15:02:19.546Z,2026-10-06T22:15:12.915Z,https://avatars.githubusercontent.com/u/6051597?v=4,,Biosphere,Biodiversity Analysis and Metrics,UK,non-profit,,http://www.zsl.org
copan,pik-copan,Coevolutionary Pathways – collaboration at Potsdam Institute for Climate Impact Research (PIK),Potsdam (Germany),donges@pik-potsdam.de,1,pik_copan,19,https://github.com/pik-copan,https://github.com/pik-copan/pyunicorn,2022-11-12T05:42:53.774Z,2026-10-03T03:56:27.442Z,https://avatars.githubusercontent.com/u/11884394?v=4,,Climate Change,Earth and Climate Modeling,Germany,non-profit,,https://www.pik-potsdam.de/copan
LBNL Energy Technologies Area,LBNL-ETA,Software produced by the Energy Technologies Area of Lawrence Berkeley National Laboratory,"Berkeley, CA",,1,,65,https://github.com/LBNL-ETA,https://github.com/LBNL-ETA/MSWH,2022-11-04T23:03:48.563Z,2026-10-06T22:55:05.806Z,https://avatars.githubusercontent.com/u/14825882?v=4,,Consumption,Buildings and Heating,USA,government agency,,http://eta.lbl.gov
Catalyst Cooperative,catalyst-cooperative,Catalyst is a small data engineering cooperative working on electricity regulation and climate change.,United States of America,hello@catalyst.coop,1,,84,https://github.com/catalyst-cooperative,https://github.com/catalyst-cooperative/pudl,2022-11-14T23:39:00.072Z,2026-10-02T19:44:00.165Z,https://avatars.githubusercontent.com/u/25487946?v=4,'https://github.com/sponsors/catalyst-cooperative',Energy Systems,Energy Data Accessibility and Integration,USA,for-profit,,https://catalyst.coop
PerovskiteSCModelling,PerovskiteSCModelling,"We are a research collaboration with members from the Universities of Southampton, Portsmouth and Bath.",,,1,,1,https://github.com/PerovskiteSCModelling,https://github.com/PerovskiteSCModelling/IonMonger,2022-11-18T08:42:24.427Z,2026-10-06T23:34:41.877Z,https://avatars.githubusercontent.com/u/45872822?v=4,,Renewable Energy,Photovoltaics and Solar Energy,Global,academia,,
USA National Phenology Network,usa-npn,USA National Phenology Network,"1311 E. 4th Street, Tucson, AZ 85721",,1,,31,https://github.com/usa-npn,https://github.com/usa-npn/rnpn,2022-11-05T14:19:51.844Z,2026-10-03T02:35:44.913Z,https://avatars.githubusercontent.com/u/17733470?v=4,,Biosphere,Plants and Vegetation,USA,collaboration,,https://www.usanpn.org
Global Hydrodynamics Lab,global-hydrodynamics,Yamazaki Lab @ IIS U-Tokyo,Tokyo,yamadai@raibow.iis.u-tokyo.ac.jp,1,G_Hydrodynamics,8,https://github.com/global-hydrodynamics,https://github.com/global-hydrodynamics/CaMa-Flood_v4,2023-02-15T05:09:55.224Z,2026-10-03T02:45:40.322Z,https://avatars.githubusercontent.com/u/76986737?v=4,,Climate Change,Natural Hazard and Storms,Japan,academia,,https://global-hydrodynamics.github.io/
SAP,SAP,"As a global leader in enterprise applications and business AI, SAP stands at the nexus of business and technology.",Germany,ospo@sap.com,1,SAPOpenSource,298,https://github.com/SAP,https://github.com/sap/power-monitoring-tool-for-macos,2022-11-02T16:43:30.212Z,2026-10-07T12:48:25.725Z,https://avatars.githubusercontent.com/u/2531208?v=4,,Consumption,Computation and Communication,Germany,for-profit,,https://opensource.sap.com
OpenModelica,OpenModelica,,"Linköping, Sweden",openmodelica@ida.liu.se,1,,70,https://github.com/OpenModelica,https://github.com/OpenModelica/OpenModelica,2022-11-05T04:32:46.321Z,2026-10-06T19:42:07.457Z,https://avatars.githubusercontent.com/u/4006504?v=4,,Consumption,Production and Industry,Sweden,non-profit,,https://openmodelica.org
Birdhouse,bird-house,Making Web Processing Services easy,,,1,,66,https://github.com/bird-house,https://github.com/bird-house/finch,2022-11-03T12:04:17.687Z,2026-10-03T05:47:35.854Z,https://avatars.githubusercontent.com/u/8569188?v=4,,Climate Change,Climate Data Processing and Analysis,Global,collaboration,,https://bird-house.github.io/
Museum für Naturkunde Berlin,MfN-Berlin,Natural History Museum in Berlin,Berlin,,1,,32,https://github.com/MfN-Berlin,https://github.com/mfn-berlin/naturblick-ios,2022-11-10T01:58:09.572Z,2026-10-06T22:16:33.235Z,https://avatars.githubusercontent.com/u/7763364?v=4,,Biosphere,Biodiversity Citizen Science,Germany,academia,,https://www.naturkundemuseum.berlin
Goddard Earth Observing System - Earth System Modeling,GEOS-ESM,,,,2,,54,https://github.com/GEOS-ESM,"https://github.com/geos-esm/swell, https://github.com/GEOS-ESM/MAPL",2022-11-13T18:11:54.010Z,2026-10-06T19:41:10.268Z,https://avatars.githubusercontent.com/u/36890935?v=4,,"Climate Change, Climate Change","Earth and Climate Modeling, Earth and Climate Modeling",USA,government agency,,https://gmao.gsfc.nasa.gov/index.php
DemandRegioTeam,DemandRegioTeam,,,,1,,1,https://github.com/DemandRegioTeam,https://github.com/DemandRegioTeam/disaggregator,2026-09-24T18:55:57.744Z,2026-10-06T23:34:44.020Z,https://avatars.githubusercontent.com/u/57136345?v=4,,Energy Systems,Load and Demand Forecasting,,,,
csdms-contrib,csdms-contrib,Source code for models and tools contributed the CSDMS Model Repository,,csdmssupport@colorado.edu,1,,155,https://github.com/csdms-contrib,https://github.com/csdms-contrib/fwdet,2022-11-09T21:03:17.376Z,2026-10-03T02:44:24.785Z,https://avatars.githubusercontent.com/u/10157854?v=4,,Climate Change,Natural Hazard and Storms,USA,academia,,http://csdms.colorado.edu
moilab,moiexpositoalonsolab,,,,1,,24,https://github.com/moiexpositoalonsolab,https://github.com/moiexpositoalonsolab/deepbiosphere,2023-03-01T18:30:22.096Z,2026-10-03T02:44:12.725Z,https://avatars.githubusercontent.com/u/56980263?v=4,,Biosphere,Species Distribution Modeling,USA,academia,,http://www.moisesexpositoalonso.org/team
PowerGenome,PowerGenome,,,,1,,1,https://github.com/PowerGenome,https://github.com/powergenome/powergenome,2022-11-15T09:24:22.806Z,2026-10-06T20:23:56.479Z,https://avatars.githubusercontent.com/u/76453163?v=4,,Energy Systems,Energy Data Accessibility and Integration,USA,community,,https://groups.io/g/powergenome
OpenDrift,OpenDrift,"OpenDrift is a software package for modeling the trajectories and fate of objects or substances drifting in the ocean, or even in the atmosphere.",,,1,,6,https://github.com/OpenDrift,https://github.com/OpenDrift/opendrift,2022-11-06T18:22:03.163Z,2026-10-06T23:16:16.144Z,https://avatars.githubusercontent.com/u/23311271?v=4,,Hydrosphere,Waves and Currents,Global,community,,https://opendrift.github.io/
DigitalPebble Ltd,DigitalPebble,,"Bristol, UK",github@digitalpebble.com,1,,27,https://github.com/DigitalPebble,https://github.com/digitalpebble/spruce,2022-11-02T21:15:35.203Z,2026-10-06T23:15:40.411Z,https://avatars.githubusercontent.com/u/1726647?v=4,'https://github.com/sponsors/DigitalPebble',Consumption,Computation and Communication,UK,non-profit,,https://www.digitalpebble.com
OpenTreeOfLife,OpenTreeOfLife,,,,1,,62,https://github.com/OpenTreeOfLife,https://github.com/opentreeoflife/opentree,2022-11-03T20:25:31.069Z,2026-10-06T22:42:13.952Z,https://avatars.githubusercontent.com/u/1752618?v=4,,Biosphere,Biodiversity Data Access and Management,USA,academia,,http://opentreeoflife.github.io/
Resource Watch,resource-watch,,,,1,,88,https://github.com/resource-watch,https://github.com/resource-watch/resource-watch,2022-11-05T22:55:10.715Z,2026-10-03T03:56:56.528Z,https://avatars.githubusercontent.com/u/18593980?v=4,,Sustainable Development,Data Catalogs and Interfaces,USA,non-profit,,https://resourcewatch.org/
DIW EVU,diw-evu,,,,3,,19,https://gitlab.com/diw-evu,"https://gitlab.com/diw-evu/oet/openenergytracker, https://gitlab.com/diw-evu/dieter_public/dieterpy, https://gitlab.com/diw-evu/emobpy/emobpy",2023-03-03T10:51:53.030Z,2026-09-25T21:12:14.264Z,https://gitlab.com/uploads/-/system/group/avatar/6612146/diw.jpg,,"Energy Systems, Energy Systems, Energy Storage","Energy Policy, Renewable Energy Integration, Battery",German,collaboration,,
NASA-LIS,NASA-LIS,,,,1,,3,https://github.com/NASA-LIS,https://github.com/NASA-LIS/LISF,2022-11-16T01:42:44.796Z,2026-10-06T23:15:41.070Z,https://avatars.githubusercontent.com/u/42041231?v=4,,Hydrosphere,Freshwater and Hydrology,USA,government agency,,https://lis.gsfc.nasa.gov/
NCX,ncx-co,Discover the true value of your land.,,,1,NCX,23,https://github.com/ncx-co,https://github.com/ncx-co/ifm_deferred_harvest,2022-11-04T22:02:32.669Z,2026-10-02T02:56:27.334Z,https://avatars.githubusercontent.com/u/3497011?v=4,,Emissions,Carbon Offsets and Trading,USA,for-profit,,https://www.ncx.com
ss3sim,ss3sim,,,,1,,12,https://github.com/ss3sim,https://github.com/ss3sim/ss3sim,2022-11-05T05:31:55.611Z,2026-10-02T22:46:49.935Z,https://avatars.githubusercontent.com/u/6423106?v=4,,Biosphere,Marine Life and Fishery,USA,government agency,,https://ss3sim.github.io/ss3sim/
CLOVER-energy,CLOVER-energy,,,,1,,1,https://github.com/CLOVER-energy,https://github.com/clover-energy/clover,2022-11-15T06:02:28.191Z,2026-10-07T00:04:37.009Z,https://avatars.githubusercontent.com/u/102805199?v=4,,Energy Systems,Grid Management and Microgrid,Global,community,,
Regen Network,regen-network,A platform to originate and invest in high-integrity carbon and biodiversity credits from ecological regeneration projects,,,1,,103,https://github.com/regen-network,https://github.com/regen-network/regen-ledger,2022-11-13T07:45:10.301Z,2026-10-03T04:47:32.022Z,https://avatars.githubusercontent.com/u/32378558?v=4,,Sustainable Development,Knowledge Platforms,USA,for-profit,,https://www.regen.network
VocalPy,vocalpy,A software community for researchers studying how animals communicate with sound,,,1,,17,https://github.com/vocalpy,https://github.com/vocalpy/vak,2022-11-07T19:14:01.949Z,2026-10-03T03:51:32.739Z,https://avatars.githubusercontent.com/u/99543036?v=4,,Biosphere,Bioacoustics and Acoustic Data Analysis,Global,community,,http://www.vocalpy.org/
dalesteam,dalesteam,,,,1,,6,https://github.com/dalesteam,https://github.com/dalesteam/dales,2022-11-11T23:33:47.085Z,2026-10-02T22:59:34.976Z,https://avatars.githubusercontent.com/u/11614894?v=4,,Climate Change,Earth and Climate Modeling,Netherlands,academia,,
aemon-j,aemon-j,Early-career network of Aquatic Ecosystem Modellers,,aemonj.models@gmail.com,1,,23,https://github.com/aemon-j,https://github.com/aemon-j/lakeensemblr,2022-11-13T19:59:37.588Z,2026-10-02T22:46:46.972Z,https://avatars.githubusercontent.com/u/41144236?v=4,,Hydrosphere,Freshwater and Hydrology,Global,community,,https://aquaticdatasciopensci.github.io
SERVIR-Mekong,Servir-Mekong,SERVIR-Mekong,"Bangkok, thailand",dsaah@sig-gis.com,1,,44,https://github.com/Servir-Mekong,https://github.com/servir-mekong/hydra-floods,2022-11-06T03:31:03.488Z,2026-10-06T20:23:50.868Z,https://avatars.githubusercontent.com/u/18582762?v=4,,Climate Change,Natural Hazard and Storms,Thailand,collaboration,,http://servir.adpc.net
Climopy,climopy-dev,Organization for developing climopy: The succinct toolset for analyzing climate data. ,,lukelbd@gmail.com,1,ClimopyOfficial,3,https://github.com/climopy-dev,https://github.com/climopy-dev/climopy,2022-11-16T07:28:12.082Z,2026-10-03T02:44:22.466Z,https://avatars.githubusercontent.com/u/108030365?v=4,,Climate Change,Climate Data Processing and Analysis,Global,community,,https://climopy.readthedocs.io
Clawpack Repositories,clawpack,Conservation Laws Package -- Finite volume methods for hyperbolic PDEs. ,,,1,,40,https://github.com/clawpack,https://github.com/clawpack/geoclaw,2022-11-03T01:52:59.957Z,2026-10-03T02:45:47.207Z,https://avatars.githubusercontent.com/u/725474?v=4,,Hydrosphere,Ocean Models,,,,http://www.clawpack.org
Agri-Hub,Agri-Hub,AI and Earth Observation for Sustainable Land Ecosystems research group,Greece,,1,beyond_center,3,https://github.com/Agri-Hub,https://github.com/Agri-Hub/Callisto-Dataset-Collection,2023-07-11T10:33:04.567Z,2026-10-06T21:38:49.678Z,https://avatars.githubusercontent.com/u/82144648?v=4,,Sustainable Development,Curated Lists,Greece,academia,,http://beyond-eocenter.eu/index.php/web-services/agrihub
ODINN,ODINN-SciML,Global climate-glacier interactions modelling with Universal Differential Equations,Earth,,1,ODINN_org,3,https://github.com/ODINN-SciML,https://github.com/ODINN-SciML/ODINN.jl,2023-05-09T20:23:40.821Z,2026-10-06T21:57:34.440Z,https://avatars.githubusercontent.com/u/80704461?v=4,,Cryosphere,Glacier and Ice Sheets,Global,community,,
Ingenjörsarbete För Klimatet,Ingenjorsarbete-For-Klimatet,,"Göteborg, Sverige",,1,,12,https://github.com/Ingenjorsarbete-For-Klimatet,https://github.com/Ingenjorsarbete-For-Klimatet/ifk-smhi,2023-02-28T13:01:59.195Z,2026-10-06T20:23:50.871Z,https://avatars.githubusercontent.com/u/82262206?v=4,,Atmosphere,Meteorological Observation and Forecast,Sweden,community,,https://www.ingenjorsarbeteforklimatet.se
Chameleon,Chameleon-company,,Australia,chameleon@deakin.edu.au,1,,7,https://github.com/Chameleon-company,https://github.com/chameleon-company/planting-optimisation-tool,2022-11-18T09:08:32.891Z,2026-10-06T23:16:16.020Z,https://avatars.githubusercontent.com/u/103407139?v=4,,Biosphere,Deforestation and Reforestation,,,,
Naturalis Biodiversity Center,naturalis,,"Leiden, the Netherlands",,1,,187,https://github.com/naturalis,https://github.com/naturalis/mebioda,2022-11-03T09:34:15.656Z,2026-10-03T01:29:32.151Z,https://avatars.githubusercontent.com/u/1404630?v=4,,Sustainable Development,Education,Netherlands,academia,,https://www.naturalis.nl
ESA CCI Toolbox (Cate),CCI-Tools,Cross-ECV tools supporting the ESA Climate Change Initiative (CCI),"ESA ECSAT, Harwell, UK",,1,,28,https://github.com/CCI-Tools,https://github.com/CCI-Tools/cate,2023-02-21T08:06:01.321Z,2026-10-07T06:33:46.390Z,https://avatars.githubusercontent.com/u/17924920?v=4,,Climate Change,Climate Data Access and Visualization,UK,government agency,,https://climate.esa.int/en/explore/analyse-climate-data/
Thomas Haine Research Group,hainegroup,Ocean circulation and dynamics,,,1,,8,https://github.com/hainegroup,https://github.com/hainegroup/oceanspy,2022-11-15T22:59:55.489Z,2026-10-02T03:51:12.429Z,https://avatars.githubusercontent.com/u/61514340?v=4,,Hydrosphere,Ocean and Hydrology Data Access,UK,academia,,https://sites.krieger.jhu.edu/haine/
project-pareto,project-pareto,,,,1,,5,https://github.com/project-pareto,https://github.com/project-pareto/project-pareto,2022-11-15T08:14:04.082Z,2026-10-02T22:38:06.689Z,https://avatars.githubusercontent.com/u/84409573?v=4,,Natural Resources,Water Supply and Quality,USA,collaboration,,http://project-pareto.org
Idaho National Laboratory,idaholab,Open Source Software From Idaho National Laboratory,"Idaho, US",cody.permann@inl.gov,2,,165,https://github.com/idaholab,"https://github.com/idaholab/falcon, https://github.com/idaholab/HYBRID",2022-11-07T03:20:08.400Z,2026-10-03T02:36:45.892Z,https://avatars.githubusercontent.com/u/3855370?v=4,,"Renewable Energy, Energy Systems","Geothermal Energy, Energy System Modeling Frameworks",USA,government agency,,https://inl.gov
climlab,climlab,Home of climlab software and related user content,,,1,,5,https://github.com/climlab,https://github.com/climlab/climlab,2022-11-09T21:48:45.016Z,2026-10-02T22:59:27.647Z,https://avatars.githubusercontent.com/u/83652930?v=4,,Climate Change,Earth and Climate Modeling,USA,academia,,https://climlab.readthedocs.io/en/latest/intro.html
DHIS2-CHAP,dhis2-chap,DHIS2 Chap Modeling Platform,,chap@dhis2.org,1,,60,https://github.com/dhis2-chap,https://github.com/dhis2-chap/chap-core,2024-10-14T16:30:50.884Z,2026-10-04T11:44:19.805Z,https://avatars.githubusercontent.com/u/184943667?v=4,,Climate Change,Climate Data Processing and Analysis,Global,collaboration,,https://chap.dhis2.org
University of Maryland Center for Global Sustainability,umd-cgs,,,,1,,8,https://github.com/umd-cgs,https://github.com/umd-cgs/gcam-china,2023-09-06T20:28:41.055Z,2026-10-02T22:46:46.771Z,https://avatars.githubusercontent.com/u/64285494?v=4,,Climate Change,Integrated Assessment and Climate Policy,USA,academia,,http://cgs.umd.edu
Ecosystem Dynamics and Forest Management Lab - School of Life Sciences - Technical University of Munich,edfm-tum,We work at the interface between natural ecosystem dynamics and the sustainable management of forests.,Germany,,1,,5,https://github.com/edfm-tum,https://github.com/edfm-tum/iland-model,2023-11-27T15:37:33.349Z,2026-10-03T05:47:00.791Z,https://avatars.githubusercontent.com/u/150276659?v=4,,Biosphere,Forest Modeling and Analysis,,,,https://www.lss.ls.tum.de/en/edfm/start/
GranthamImperial,GranthamImperial,,,,1,,2,https://github.com/GranthamImperial,https://github.com/GranthamImperial/silicone,2026-09-25T19:13:32.579Z,2026-10-06T22:15:00.347Z,https://avatars.githubusercontent.com/u/61453394?v=4,,Emissions,Carbon Intensity and Accounting,,,,
openmeteo,openmeteo,,,,1,,36,https://github.com/openmeteo,https://github.com/openmeteo/enhydris,2022-11-03T03:07:41.480Z,2026-10-03T03:56:55.651Z,https://avatars.githubusercontent.com/u/4920461?v=4,,Hydrosphere,Ocean and Hydrology Data Access,Global,academia,,http://open-meteo.com
Department of Landscape Water Conservation,storm-fsv-cvut,"The particular fields of interest are mathematical modeling of rainfall-runoff processes, soil erosion, transport processes, soil hydrology and GIS.",,,1,,11,https://github.com/storm-fsv-cvut,https://github.com/storm-fsv-cvut/smoderp2d,2023-02-22T10:27:53.872Z,2026-10-02T22:38:05.846Z,https://avatars.githubusercontent.com/u/36297649?v=4,,Natural Resources,Soil and Land,Czech Republic,government agency,,http://storm.fsv.cvut.cz/?lang=en
SalishSeaCast,SalishSeaCast,A  three-dimensional physical-biological-chemical ocean model for the Strait of Georgia and Salish Sea,"Vancouver, Canada",,1,,19,https://github.com/SalishSeaCast,https://github.com/SalishSeaCast/SalishSeaNowcast,2022-11-14T09:10:10.540Z,2026-10-06T20:23:53.942Z,https://avatars.githubusercontent.com/u/59676551?v=4,,Hydrosphere,Ocean Models,Canada,academia,,https://salishsea.eos.ubc.ca/
Metropolitan Council,Metropolitan-Council,"The Metropolitan Council is the regional policy-making body, planning agency, and provider of essential services for the Twin Cities metropolitan region. ","St. Paul, MN",,1,,11,https://github.com/Metropolitan-Council,https://github.com/metropolitan-council/ghg-cprg,2022-11-14T09:28:24.976Z,2026-10-06T23:16:16.977Z,https://avatars.githubusercontent.com/u/58085983?v=4,,Emissions,Carbon Intensity and Accounting,,,,https://metrocouncil.org/
USGS MODFLOW OWHM,modflow,Official USGS MODFLOW-OWHM Source Code and Compiled Executable Downloads,,,1,,1,https://code.usgs.gov/modflow,https://code.usgs.gov/modflow/mf-owhm,2026-04-04T15:52:30.858Z,2026-10-03T02:44:24.793Z,https://code.usgs.gov/uploads/-/system/group/avatar/2112/320px-MODFLOW_3D_grid.png,,Hydrosphere,Freshwater and Hydrology,,,,
Virtual-FCS H2020,Virtual-FCS,Development of a cyber-physical platform for fuel cell system modelling.,,simon.clark@sintef.no,1,,1,https://github.com/Virtual-FCS,https://github.com/Virtual-FCS/VirtualFCS,2022-11-18T14:49:06.119Z,2026-10-06T22:15:03.106Z,https://avatars.githubusercontent.com/u/73799930?v=4,,Energy Storage,Hydrogen,Global,collaboration,,http://virtual-fcs.eu
sentinelsat,sentinelsat,,,,1,,2,https://github.com/sentinelsat,https://github.com/sentinelsat/sentinelsat,2022-11-12T20:05:51.626Z,2026-10-02T22:46:50.603Z,https://avatars.githubusercontent.com/u/29057552?v=4,,Sustainable Development,Environmental Satellites,Global,community,,http://sentinelsat.readthedocs.io
AAFC Holos,holos-aafc,,Canada,holos@agr.gc.ca,1,,5,https://github.com/holos-aafc,https://github.com/holos-aafc/holos,2022-11-15T22:35:30.775Z,2026-10-03T03:52:26.658Z,https://avatars.githubusercontent.com/u/95769272?v=4,,Consumption,Agriculture and Nutrition,,,,https://agriculture.canada.ca/en/agricultural-production/holos
moreGeo,moregeo-it,,Germany,m.mohr@moregeo.it,1,,22,https://github.com/moregeo-it,https://github.com/moregeo-it/stac-index,2025-04-28T00:29:28.334Z,2026-10-02T14:28:59.583Z,https://avatars.githubusercontent.com/u/209391716?v=4,,Sustainable Development,Data Catalogs and Interfaces,Global,community,,https://moregeo.it
tetratech,tetratech,,,,1,,5,https://github.com/tetratech,https://github.com/tetratech/baytrends,2022-11-12T18:09:20.989Z,2026-10-03T02:44:58.612Z,https://avatars.githubusercontent.com/u/13258390?v=4,,Hydrosphere,Coastal and Reefs,USA,for-profit,,http://tetratech.com
Safecast,Safecast,Safecast open software and hardware repository,Japan,info@safecast.org,1,,68,https://github.com/Safecast,https://github.com/Safecast/safecastapi,2022-11-03T02:51:40.231Z,2024-04-14T15:24:31.558Z,https://avatars.githubusercontent.com/u/959637?v=4,,Natural Resources,Air Quality,Japan,non-profit,,http://safecast.org
Atmospheric and Environmental Research R&C,AER-RC,Radiation and Climate Group of AER,,aer_lblrtm@aer.com,1,,7,https://github.com/AER-RC,https://github.com/aer-rc/lblrtm,2022-11-15T22:53:11.548Z,2026-10-06T19:41:10.839Z,https://avatars.githubusercontent.com/u/43891147?v=4,,Atmosphere,Radiative Transfer,USA,for-profit,,https://www.aer.com/science-research/atmosphere/radiative-transfer/
SYSTRA,systragroup,"SYSTRA is an international consulting and engineering group, the signature team for transportation solutions",,,1,,27,https://github.com/systragroup,https://github.com/systragroup/quetzal,2022-11-14T18:37:38.940Z,2026-10-02T22:59:30.087Z,https://avatars.githubusercontent.com/u/45179084?v=4,,Consumption,Mobility and Transportation,Global,for-profit,,https://www.systra.com
GECO,geco-bern,Geocomputation and Earth Observation at the University of Bern,Switzerland,,2,,92,https://github.com/geco-bern,"https://github.com/geco-bern/ingestr, https://github.com/geco-bern/rsofun",2022-11-15T04:35:02.632Z,2026-10-02T22:38:00.220Z,https://avatars.githubusercontent.com/u/93120344?v=4,,"Sustainable Development, Biosphere","Curated Lists, Plants and Vegetation",Switzerland,academia,,http://geco-group.org
UXarray,UXARRAY,,United States of America,,1,,1,https://github.com/UXARRAY,https://github.com/UXARRAY/uxarray,2022-11-16T00:21:54.885Z,2026-10-07T08:06:00.998Z,https://avatars.githubusercontent.com/u/92897310?v=4,,Climate Change,Climate Data Processing and Analysis,USA,collaboration,,https://geocat.ucar.edu/
Awesome Cryosphere,awesome-cryosphere,,,,1,,1,https://github.com/awesome-cryosphere,https://github.com/awesome-cryosphere/cryosphere-links,2026-09-25T17:52:23.386Z,2026-10-03T01:29:46.188Z,https://avatars.githubusercontent.com/u/84785608?v=4,,Sustainable Development,Curated Lists,,,,
GitHub,github,How people build software.,"San Francisco, CA",,1,,462,https://github.com/github,https://github.com/github/greensoftwaredirectory,2022-11-02T16:22:19.308Z,2023-04-09T06:36:32.228Z,https://avatars.githubusercontent.com/u/9919?v=4,,Sustainable Development,Curated Lists,USA,for-profit,,https://github.com/about
Open Data Rescue,open-data-rescue,Open source software to aid the digitization of archival data,"Montreal, Quebec, Canada",info@opendatarescue.org,1,,6,https://github.com/open-data-rescue,https://github.com/open-data-rescue/climate-data-rescue,2022-11-11T11:55:11.558Z,2026-10-02T22:59:29.100Z,https://avatars.githubusercontent.com/u/52838926?v=4,,Climate Change,Climate Data Processing and Analysis,Canada,community,,https://citsci.geog.mcgill.ca/
NRAP,NRAP,Space for publicly available NRAP software products,,,1,,4,https://gitlab.com/NRAP,https://gitlab.com/NRAP/OpenIAM,2023-02-27T23:51:22.201Z,2023-02-27T23:51:22.201Z,https://gitlab.com/uploads/-/system/group/avatar/2567614/nrap.png,,Emissions,Carbon Capture,USA,government agency,,
AIT Center for Energy,ait-energy,,"Vienna, Austria",,1,,22,https://github.com/ait-energy,https://github.com/ait-energy/iesopt.jl,2022-11-11T20:49:35.704Z,2026-10-03T05:47:35.624Z,https://avatars.githubusercontent.com/u/11500331?v=4,,Energy Systems,Energy System Modeling Frameworks,Germany,for-profit,,https://ait.ac.at
WHOI GitHub Central,WHOIGit,Woods Hole Oceanographic Institution,"Woods Hole, MA",,1,WHOI,57,https://github.com/WHOIGit,https://github.com/WHOIGit/whoi-hab-hub,2022-11-09T18:49:08.612Z,2026-10-06T22:29:30.932Z,https://avatars.githubusercontent.com/u/38010066?v=4,,Biosphere,Marine Life and Fishery,USA,non-profit,,http://www.whoi.edu
REMIND - REgional Model of INvestments and Development,remindmodel,"REMIND is a global multi-regional model incorporating the economy, the climate system and a detailed representation of the energy sector.",PIK - Potsdam Institute for Climate Impact Research,remind@pik-potsdam.de,1,,4,https://github.com/remindmodel,https://github.com/remindmodel/remind,2022-11-15T03:45:53.611Z,2026-10-02T22:17:50.002Z,https://avatars.githubusercontent.com/u/58601121?v=4,,Sustainable Development,Sustainable Investment,Germany,academia,,https://www.pik-potsdam.de/research/transformation-pathways/models/remind
Standard Energy Efficiency Data Platform™,SEED-platform,Standard data platform for aggregating and managing building energy performance data,United States of America,info@seed-platform.org,1,,11,https://github.com/SEED-platform,https://github.com/seed-platform/seed,2022-11-09T22:07:20.827Z,2026-10-06T19:41:29.067Z,https://avatars.githubusercontent.com/u/7445100?v=4,,Consumption,Buildings and Heating,USA,government agency,,http://energy.gov/eere/buildings/standard-energy-efficiency-data-platform
MaREI-EPMG,MaREI-EPMG,,Ireland,,1,,42,https://github.com/MaREI-EPMG,https://github.com/marei-epmg/times-ireland-model,2023-02-23T02:41:43.235Z,2026-10-06T22:16:11.304Z,https://avatars.githubusercontent.com/u/69536806?v=4,,Energy Systems,Global and Regional Energy System Models,Ireland,academia,,https://www.marei.ie/energy-policy-modelling/
Battery Intelligence Lab,Battery-Intelligence-Lab,,,,1,,17,https://github.com/Battery-Intelligence-Lab,https://github.com/Battery-Intelligence-Lab/SLIDE,2023-02-25T16:06:45.751Z,2026-10-06T21:38:54.339Z,https://avatars.githubusercontent.com/u/93661605?v=4,,Energy Storage,Battery,UK,academia,,https://howey.eng.ox.ac.uk
Climate Policy Assessment Community of Models,cpmodel,"The community of Models includes CPAT, Mindset and FTT",United States of America,,1,,4,https://github.com/cpmodel,https://github.com/cpmodel/ftt_standalone,2023-04-25T15:39:58.390Z,2026-10-02T22:59:38.483Z,https://avatars.githubusercontent.com/u/87036185?v=4,,Climate Change,Integrated Assessment and Climate Policy,Global,government agency,,
AWH-GlobalPotential-X,AWH-GlobalPotential-X,,,,1,,1,https://github.com/AWH-GlobalPotential-X,https://github.com/AWH-GlobalPotential-X/AWH-Geo,2026-09-24T18:33:40.111Z,2026-10-06T23:34:05.085Z,https://avatars.githubusercontent.com/u/77399166?v=4,,Natural Resources,Water Supply and Quality,,,,
Global Change Research Group,pinskylab,Advancing global understanding of populations and communities in a rapidly changing environment,"New Brunswick, NJ",malin.pinsky@rutgers.edu,1,,74,https://github.com/pinskylab,https://github.com/pinskylab/OceanAdapt,2022-11-11T04:23:18.420Z,2026-10-03T03:56:48.602Z,https://avatars.githubusercontent.com/u/32388236?v=4,,Biosphere,Marine Life and Fishery,USA,academia,,http://globalchange.sites.ucsc.edu
AI4SoilHealth Horizon Europe project,AI4SoilHealth,Horizon Europe Grant Agreement No. 101086179. 2022–2026,Netherlands,tom.hengl@opengeohub.org,1,AI4SoilHealth,1,https://github.com/AI4SoilHealth,https://github.com/ai4soilhealth/soilhealthdatacube,2023-07-06T12:28:36.372Z,2026-10-06T22:42:14.572Z,https://avatars.githubusercontent.com/u/137761643?v=4,,Natural Resources,Soil and Land,EU,collaboration,,https://ai4soilhealth.eu
h5netcdf,h5netcdf,,,,1,,1,https://github.com/h5netcdf,https://github.com/h5netcdf/h5netcdf,2022-11-12T04:40:56.144Z,2026-10-02T22:59:29.894Z,https://avatars.githubusercontent.com/u/74427192?v=4,,Climate Change,Climate Data Standards,Global,community,,https://h5netcdf.org/
Karte von morgen,kartevonmorgen,Alles Gute auf einer Karte,Germany,info@kartevonmorgen.org,1,kartevonmorgen,28,https://github.com/kartevonmorgen,https://github.com/kartevonmorgen/kartevonmorgen.ts,2022-11-18T20:42:24.881Z,2026-10-03T04:47:22.286Z,https://avatars.githubusercontent.com/u/52536219?v=4,,Sustainable Development,Knowledge Platforms,Germany,collaboration,,https://kartevonmorgen.org
Pywr,pywr,A collection of repositories related to the Pywr ngeneralised network resource allocation modelling library.,,,1,,14,https://github.com/pywr,https://github.com/pywr/pywr,2022-11-11T03:07:12.143Z,2026-10-03T03:56:58.978Z,https://avatars.githubusercontent.com/u/15239563?v=4,,Natural Resources,Water Supply and Quality,USA,academia,,https://pywr.github.io/pywr/
Energy Access Explorer,energyaccessexplorer,,,,1,,16,https://github.com/energyaccessexplorer,https://github.com/energyaccessexplorer/eae-website,2023-07-04T11:27:39.367Z,2026-10-03T04:54:29.801Z,https://avatars.githubusercontent.com/u/40206199?v=4,,Energy Systems,Energy Data Accessibility and Integration,,,,https://www.energyaccessexplorer.org
CICERO Senter for klimaforskning,ciceroOslo,,Oslo,,1,,4,https://github.com/ciceroOslo,https://github.com/cicerooslo/ciceroscm,2022-11-14T09:18:53.370Z,2026-10-06T20:23:54.201Z,https://avatars.githubusercontent.com/u/29707355?v=4,,Climate Change,Earth and Climate Modeling,Norway,academia,,https://cicero.oslo.no
JuliaDataCubes,JuliaDataCubes,,,,1,,5,https://github.com/JuliaDataCubes,https://github.com/JuliaDataCubes/EarthDataLab.jl,2022-11-15T17:40:11.423Z,2026-10-06T20:23:54.513Z,https://avatars.githubusercontent.com/u/102149337?v=4,,Sustainable Development,Data Catalogs and Interfaces,Global,community,,https://juliadatacubes.github.io/EarthDataLab.jl/latest/
ROVI-org,ROVI-org,,,,1,,1,https://github.com/ROVI-org,https://github.com/ROVI-org/battery-data-toolkit,2024-01-22T23:23:33.141Z,2026-10-06T22:42:17.110Z,https://avatars.githubusercontent.com/u/125688923?v=4,,Energy Storage,Battery,Global,community,,https://rovi-org.github.io/
OpenDCS,opendcs,"A suite of Tools for gathering hydrologic data, storing it to database, and performing computations.",,,1,,18,https://github.com/opendcs,https://github.com/opendcs/opendcs,2022-11-08T11:41:53.989Z,2026-10-02T22:38:18.453Z,https://avatars.githubusercontent.com/u/7715955?v=4,,Hydrosphere,Ocean and Hydrology Data Access,Global,community,,
nilmtk,nilmtk,,,,1,,8,https://github.com/nilmtk,https://github.com/nilmtk/nilmtk,2022-11-03T08:55:23.685Z,2026-10-01T22:52:08.179Z,https://avatars.githubusercontent.com/u/6094836?v=4,,Consumption,Buildings and Heating,Global,community,,https://nilmtk.github.io/
GridMod,GridMod,,,,1,,2,https://github.com/GridMod,https://github.com/gridmod/rts-gmlc,2023-07-27T16:54:04.881Z,2026-10-06T22:42:15.751Z,https://avatars.githubusercontent.com/u/23124369?v=4,,Energy Systems,Grid Analysis and Planning,USA,government agency,,https://www.nrel.gov/grid/reliability-test-system.html
OMEGAlpes,omegalpes,Community-related to the development of the library OMEGAlpes (Optimisation ModEls Generation As Linear Programs for Energy System),,,1,,6,https://gricad-gitlab.univ-grenoble-alpes.fr/omegalpes,https://gricad-gitlab.univ-grenoble-alpes.fr/omegalpes/omegalpes,2024-07-18T19:00:05.364Z,2026-09-25T18:54:49.549Z,,,Energy Systems,Energy System Modeling Frameworks,France,academia,,http://omegalpes.readthedocs.io
moja global,moja-global,Open source tools to support sustainable land use,global,info@moja.global,1,mojaglobal,51,https://github.com/moja-global,https://github.com/moja-global/FLINT,2022-11-14T02:19:23.081Z,2026-10-03T01:30:04.835Z,https://avatars.githubusercontent.com/u/19564969?v=4,,Emissions,Emission Observation and Modeling,Global,collaboration,,http://moja.global
Aalto-QuML,Aalto-QuML,,,,1,,2,https://github.com/Aalto-QuML,https://github.com/aalto-quml/climode,2023-03-07T01:01:53.148Z,2026-10-06T22:42:09.564Z,https://avatars.githubusercontent.com/u/107996420?v=4,,Climate Change,Earth and Climate Modeling,Finland,collaboration,,http://quml.aalto.fi
Hubblo,hubblo-org,Supports organizations in the socio-ecological transformation of digital technologies.,France,contact@hubblo.org,1,HubbloOrg,17,https://github.com/hubblo-org,https://github.com/hubblo-org/scaphandre,2022-11-15T05:30:12.228Z,2026-10-01T22:46:36.774Z,https://avatars.githubusercontent.com/u/71067866?v=4,'https://github.com/sponsors/hubblo-org',Consumption,Computation and Communication,France,community,,https://hubblo.org
r-lidar,r-lidar,R + lidar,Canada,info@r-lidar.com,2,,14,https://github.com/r-lidar,"https://github.com/r-lidar/lidR, https://github.com/r-lidar/lasr",2022-11-15T23:18:51.790Z,2026-10-02T22:59:33.103Z,https://avatars.githubusercontent.com/u/93974705?v=4,,"Biosphere, Biosphere","Forest Remote Sensing, Forest Remote Sensing",Global,community,,https://www.r-lidar.com/
Cozy.io,cozy," Own, Synchronize and Connect Your Data",France,contact@cozycloud.cc,1,,195,https://github.com/cozy,https://github.com/cozy/coachco2,2022-11-03T12:03:58.078Z,2026-10-02T22:59:34.109Z,https://avatars.githubusercontent.com/u/7690525?v=4,,Consumption,Mobility and Transportation,France,for-profit,,https://cozy.io
DBD-research-group,DBD-research-group,,,,1,,4,https://github.com/DBD-research-group,https://github.com/dbd-research-group/birdset,2023-06-08T15:24:49.839Z,2026-10-06T22:42:16.969Z,https://avatars.githubusercontent.com/u/135323468?v=4,,Biosphere,Bioacoustics and Acoustic Data Analysis,Germany,academia,,
NOAA-ORR-ERD,NOAA-ORR-ERD,,"Seattle, WA",Chris.Barker@noaa.gov,1,,54,https://github.com/NOAA-ORR-ERD,https://github.com/NOAA-ORR-ERD/PyGnome,2022-11-05T19:07:05.798Z,2026-10-06T20:23:55.345Z,https://avatars.githubusercontent.com/u/4809476?v=4,,Hydrosphere,Coastal and Reefs,USA,government agency,,http://response.restoration.noaa.gov
CURENT LTB,CURENT,CURENT Large Scale Testbed,United States of America,curent@utk.edu,1,,13,https://github.com/CURENT,https://github.com/CURENT/andes,2023-05-22T19:23:06.445Z,2024-10-30T03:50:19.595Z,https://avatars.githubusercontent.com/u/127251657?v=4,,Energy Systems,Energy System Modeling Frameworks,USA,academia,,https://ltb.curent.org
Food Ontology,FoodOntology,"FoodOn, an OBOFoundry ontology, represents organism food sources, food products and other facet descriptors for human and domesticated animal food.",,,1,,2,https://github.com/FoodOntology,https://github.com/foodontology/foodon,2022-11-15T06:40:15.189Z,2026-10-06T20:23:55.421Z,https://avatars.githubusercontent.com/u/16841591?v=4,,Sustainable Development,Taxonomy and Ontology,Global,community,,http://foodon.org
Open Energy Data Initiative,openEDI,The OEDI Data Lake is a centralized repository of high-value energy research datasets aggregated from the U.S. Department of Energy’s Programs and Offices.,,,1,,7,https://github.com/openEDI,https://github.com/openedi/open-data-access-tools,2022-11-16T14:08:08.898Z,2026-10-06T21:38:56.070Z,https://avatars.githubusercontent.com/u/48226710?v=4,,Energy Systems,Energy Data Accessibility and Integration,USA,government agency,,https://openei.org/wiki/Open_Energy_Data_Initiative_(OEDI)
AgrDataSci,AgrDataSci,"We develop methods and tools to support sustainable food systems, rural development and digital inclusion",France,k.desousa@cgiar.org,1,,8,https://github.com/AgrDataSci,https://github.com/AgrDataSci/climatrends,2022-11-15T21:48:23.047Z,2026-10-06T23:16:29.379Z,https://avatars.githubusercontent.com/u/50193892?v=4,,Consumption,Agriculture and Nutrition,France,collaboration,,http://cgiar.org
Ocean Data Factory Sweden,ocean-data-factory-sweden,,Sweden,torsten.linders@gu.se,1,,10,https://github.com/ocean-data-factory-sweden,https://github.com/ocean-data-factory-sweden/kso,2022-11-14T05:10:09.022Z,2026-10-03T04:47:26.479Z,https://avatars.githubusercontent.com/u/54248548?v=4,,Biosphere,Marine Life and Fishery,Sweden,academia,,https://www.gu.se/
Cropbox,cropbox,crop modeling framework,University of Washington,,1,,14,https://github.com/cropbox,https://github.com/cropbox/cropbox.jl,2022-11-13T12:49:41.483Z,2026-10-03T03:57:02.791Z,https://avatars.githubusercontent.com/u/26310457?v=4,,Consumption,Agriculture and Nutrition,USA,academia,,
Project Babbler,ProjectBabbler,Leveraging technology to enhance nature experiences,,projectbabbler@gmail.com,1,,5,https://github.com/ProjectBabbler,https://github.com/ProjectBabbler/ebird-api,2022-11-11T07:10:35.869Z,2026-10-06T22:42:11.415Z,https://avatars.githubusercontent.com/u/16588814?v=4,,Biosphere,Avian Monitoring and Analysis,Global,community,,
Yale OpenLab,YaleOpenLab,Yale University's Open Innovation Lab.,,,1,,11,https://github.com/YaleOpenLab,https://github.com/YaleOpenLab/openclimate-demo,2022-11-13T06:11:32.515Z,2026-10-06T22:15:16.361Z,https://avatars.githubusercontent.com/u/38900160?v=4,,Sustainable Development,Knowledge Platforms,USA,academia,,http://www.openlab.yale.edu
cell2fire,cell2fire,,,,1,,1,https://github.com/cell2fire,https://github.com/cell2fire/cell2fire,2026-09-25T19:58:51.149Z,2026-10-03T03:55:28.731Z,https://avatars.githubusercontent.com/u/49919281?v=4,,Biosphere,Wildfire,,,,
enviroCar,enviroCar,,Münster,envirocar@52north.org,1,,37,https://github.com/enviroCar,https://github.com/enviroCar/enviroCar-app,2022-11-02T22:51:26.005Z,2026-10-06T22:42:17.029Z,https://avatars.githubusercontent.com/u/4232323?v=4,,Consumption,Mobility and Transportation,Germany,collaboration,,https://envirocar.org/
spatialmodel,spatialmodel,,,,1,,5,https://github.com/spatialmodel,https://github.com/spatialmodel/inmap,2024-06-11T20:13:51.934Z,2026-10-02T22:59:35.490Z,https://avatars.githubusercontent.com/u/18638369?v=4,,Natural Resources,Air Quality,Global,community,,https://inmap.run/
Data Zoom,datazoompuc,"Project developed by the Economics Department of PUC-Rio. It aims to promote access, processing, and analysis of Brazilian microdata.",PUC-Rio,datazoom@econ.puc-rio.br,1,data_zoom,12,https://github.com/datazoompuc,https://github.com/datazoompuc/datazoom.amazonia,2022-11-14T20:17:40.638Z,2026-10-02T22:59:33.281Z,https://avatars.githubusercontent.com/u/57681933?v=4,,Biosphere,Deforestation and Reforestation,Brazil,academia,,https://datazoom.com.br/
lychen,lychen-lab,,France,contact@lychen.org,1,,2,https://github.com/lychen-lab,https://github.com/lychen-lab/lychen,2025-10-05T11:26:10.775Z,2026-10-03T03:51:51.413Z,https://avatars.githubusercontent.com/u/236169108?v=4,,Consumption,Agriculture and Nutrition,,,,http://lychen.org
Singularity Energy,singularity-energy,Data-driven grid decarbonization ,United States of America,info@singularity.energy,1,TrySingularity,7,https://github.com/singularity-energy,https://github.com/singularity-energy/open-grid-emissions,2023-02-22T18:22:10.686Z,2026-10-03T04:47:26.597Z,https://avatars.githubusercontent.com/u/49131244?v=4,,Emissions,Carbon Intensity and Accounting,USA,for-profit,,https://singularity.energy
EPRI,epri-dev,,"Palo Alto, CA",,1,,59,https://github.com/epri-dev,https://github.com/epri-dev/OpenDER,2022-11-14T06:06:27.233Z,2026-10-02T16:42:05.732Z,https://avatars.githubusercontent.com/u/10049875?v=4,,Energy Systems,Energy System Modeling Frameworks,USA,for-profit,,http://www.epri.com
Rainforest Connection (RFCx),rfcx,"RFCx is a non-profit tech startup building scalable, open-source solutions to the protection and conservation of the natural world.",United States of America,contact@rfcx.org,1,RainforestCx,39,https://github.com/rfcx,https://github.com/rfcx/arbimon,2022-11-05T11:08:52.612Z,2026-10-02T22:59:52.042Z,https://avatars.githubusercontent.com/u/2858735?v=4,,Biosphere,Bioacoustics and Acoustic Data Analysis,USA,non-profit,,https://rfcx.org/
World Dynamics,worlddynamics,,,,1,,4,https://github.com/worlddynamics,https://github.com/worlddynamics/WorldDynamics.jl,2023-03-22T07:19:20.086Z,2026-10-03T02:44:36.208Z,https://avatars.githubusercontent.com/u/116800992?v=4,,Climate Change,Integrated Assessment and Climate Policy,Global,community,,
MIT Climate & Sustainability Consortium,mcsc-impact-climate,Contains repos developed by the MIT Climate & Sustainability Consortium,,,1,,15,https://github.com/mcsc-impact-climate,https://github.com/mcsc-impact-climate/geo-tide-backend,2024-01-24T19:01:48.072Z,2026-10-03T02:44:49.051Z,https://avatars.githubusercontent.com/u/157619269?v=4,,Consumption,Mobility and Transportation,,,,
Stripe,stripe,,"San Francisco, CA",support+github@stripe.com,1,StripeDev,64,https://github.com/stripe,https://github.com/stripe/carbon-removal-source-materials,2022-11-02T16:26:40.453Z,2024-04-15T07:42:42.150Z,https://avatars.githubusercontent.com/u/856813?v=4,,Sustainable Development,Knowledge Platforms,USA,for-profit,,https://stripe.com
ihesp,ihesp,,,,1,,19,https://github.com/ihesp,https://github.com/ihesp/IPART,2022-11-13T08:23:51.384Z,2026-10-03T02:44:45.360Z,https://avatars.githubusercontent.com/u/48726625?v=4,,Atmosphere,Atmospheric Dispersion and Transport,USA,academia,,https://ihesp.github.io/ihesp_web/
Arras,arras-energy,,United States of America,,1,,19,https://github.com/arras-energy,https://github.com/arras-energy/gridlabd,2023-05-12T15:27:50.054Z,2026-10-03T02:45:59.292Z,https://avatars.githubusercontent.com/u/118282969?v=4,,Energy Systems,Grid Analysis and Planning,USA,collaboration,,https://www.arras.energy
thermotools,thermotools,,,,1,,9,https://github.com/thermotools,https://github.com/thermotools/thermopack,2023-05-10T12:17:12.701Z,2026-10-03T05:47:23.264Z,https://avatars.githubusercontent.com/u/103247158?v=4,,Emissions,Carbon Capture,Norway,for-profit,,
Grid Singularity,gridsingularity,,Berlin,,1,gridsingularity,12,https://github.com/gridsingularity,https://github.com/gridsingularity/gsy-e,2022-11-14T05:10:54.036Z,2026-10-02T22:59:57.894Z,https://avatars.githubusercontent.com/u/15871858?v=4,,Energy Systems,Energy Markets,Germany,for-profit,,https://gridsingularity.com/
Ice-sheet and Sea-level System Model (ISSM),ISSMteam,Official GitHub organization for the Ice-sheet and Sea-level System Model (ISSM),United States of America,,1,,2,https://github.com/ISSMteam,https://github.com/issmteam/issm,2024-02-16T00:27:30.466Z,2026-10-06T20:23:59.195Z,https://avatars.githubusercontent.com/u/148082102?v=4,,Cryosphere,Glacier and Ice Sheets,USA,government agency,,https://issm.jpl.nasa.gov
TUM - Environmental Sensing and Modeling,tum-esm,,Germany,,1,,38,https://github.com/tum-esm,https://github.com/tum-esm/pyra,2022-11-18T16:30:08.073Z,2026-10-03T03:57:15.247Z,https://avatars.githubusercontent.com/u/89810129?v=4,,Emissions,Emission Observation and Modeling,Germany,academia,,https://www.ee.cit.tum.de/en/esm
baskargroup,baskargroup,,,,1,,44,https://github.com/baskargroup,https://github.com/baskargroup/biotrove,2024-05-28T13:01:03.243Z,2026-10-03T04:54:35.677Z,https://avatars.githubusercontent.com/u/159957825?v=4,,Biosphere,Biodiversity Data Access and Management,,,,
BlinkTag,BlinkTagInc,,"San Francisco, CA",info@blinktag.com,1,,33,https://github.com/BlinkTagInc,https://github.com/blinktaginc/node-gtfs,2022-11-03T04:34:15.167Z,2026-10-06T20:23:57.804Z,https://avatars.githubusercontent.com/u/12618433?v=4,,Consumption,Mobility and Transportation,USA,for-profit,,https://blinktag.com
IUCN Red List of Ecosystems Science Team,red-list-ecosystem,,UNSW | Deakin | Yale | JCU,,1,,29,https://github.com/red-list-ecosystem,https://github.com/red-list-ecosystem/redlistr,2022-11-20T08:03:30.756Z,2026-10-03T02:45:22.857Z,https://avatars.githubusercontent.com/u/29559340?v=4,,Biosphere,Biodiversity Analysis and Metrics,Australia,non-profit,,http://iucnrle.org/
CoralNet,coralnet,,,,1,,4,https://github.com/coralnet,https://github.com/coralnet/coralnet,2023-08-04T09:34:51.016Z,2026-10-03T03:56:48.606Z,https://avatars.githubusercontent.com/u/140933521?v=4,,Biosphere,Marine Life and Fishery,USA,academia,,https://coralnet.ucsd.edu/
Energy Transition Dynamics Group at IASS Potsdam,repolicy,,Potsdam,,1,,1,https://github.com/repolicy,https://github.com/repolicy/csp-guru,2026-09-24T18:46:46.750Z,2026-10-02T06:28:57.656Z,https://avatars.githubusercontent.com/u/41374600?v=4,,Renewable Energy,Photovoltaics and Solar Energy,,,,https://www.iass-potsdam.de/en/research-group/energy-transition-dynamics
Center for Environmental Modeling for Policy Development,CEMPD,,,,1,,10,https://github.com/CEMPD,https://github.com/CEMPD/SMOKE,2022-11-11T21:49:38.594Z,2026-10-06T22:42:18.554Z,https://avatars.githubusercontent.com/u/10236376?v=4,,Natural Resources,Air Quality,USA,academia,,http://www.ie.unc.edu/cempd/
Intake,intake,Taking the pain out of data access and distribution,,intakedev@gmail.com,1,,40,https://github.com/intake,https://github.com/intake/intake-esm,2022-11-13T13:16:43.282Z,2026-10-01T22:52:18.283Z,https://avatars.githubusercontent.com/u/1469464?v=4,,Climate Change,Climate Data Access and Visualization,USA,for-profit,,https://intake.readthedocs.io/en/latest/
Belgian Biodiversity Platform,BelgianBiodiversityPlatform,,"Brussels, Belgium",,1,,29,https://github.com/BelgianBiodiversityPlatform,https://github.com/BelgianBiodiversityPlatform/python-dwca-reader,2022-11-05T03:24:58.548Z,2026-10-06T22:15:22.462Z,https://avatars.githubusercontent.com/u/3726126?v=4,,Biosphere,Biodiversity Data Cleaning and Standardization,Belgium,government agency,,http://www.biodiversity.be
OpenAlea,openalea,OpenAlea is an open source project aimed at the plant research community. It includes modules to analyse and model growth and functioning of plant architectures,,,1,,82,https://github.com/openalea,https://github.com/openalea/lpy,2022-11-03T16:02:38.060Z,2026-10-03T05:47:00.813Z,https://avatars.githubusercontent.com/u/1106941?v=4,,Biosphere,Plants and Vegetation,,,,http://openalea.rtfd.io
powergama,powergama,,,,1,,2,https://github.com/powergama,https://github.com/powergama/powergama,2023-03-07T08:42:06.920Z,2026-10-02T23:26:29.139Z,https://avatars.githubusercontent.com/u/114164286?v=4,,Energy Systems,Renewable Energy Integration,,,,
TrashMob.eco,TrashMob-eco,TrashMob.eco's mission: To promote community litter cleanup and engagement through a streamlined tech-based platform.,United States of America,info@trashmob.eco,1,trashmobeco,1,https://github.com/TrashMob-eco,https://github.com/TrashMob-eco/TrashMob,2022-11-15T06:24:35.847Z,2026-10-07T16:55:12.590Z,https://avatars.githubusercontent.com/u/98231723?v=4,'https://github.com/sponsors/TrashMob-eco',Industrial Ecology,Circular Economy and Waste,USA,non-profit,,http://www.trashmob.eco
ClimateMARGO,ClimateMARGO,Workspace for all software related to the ClimateMARGO simple economic model,,climatemargo@gmail.com,1,,7,https://github.com/ClimateMARGO,https://github.com/climatemargo/climatemargo.jl,2023-02-14T20:40:38.279Z,2026-10-06T22:15:20.793Z,https://avatars.githubusercontent.com/u/73409911?v=4,,Emissions,Carbon Capture,Global,academia,,http://climatemargo.github.io/ClimateMARGO.jl/dev/
Social Income,socialincome-san,Fighting global poverty with the help of everyday people.,Zurich,hello@socialincome.org,1,so_income,1,https://github.com/socialincome-san,https://github.com/socialincome-san/public,2024-04-20T15:51:02.440Z,2024-05-01T09:30:12.533Z,https://avatars.githubusercontent.com/u/62818972?v=4,'https://github.com/sponsors/socialincome-san',Sustainable Development,Population and Poverty,Global,community,,https://socialincome.org
OpenTopography Facility,OpenTopography,"Open access to high-resolution, Earth science-oriented topography data, and related tools & resources. US NSF supported.","San Diego Supercomputer Center, UC San Diego",info@opentopography.org,1,,14,https://github.com/OpenTopography,https://github.com/OpenTopography/RiverREM,2022-11-04T23:46:17.747Z,2026-10-06T22:15:28.366Z,https://avatars.githubusercontent.com/u/3650515?v=4,,Hydrosphere,Freshwater and Hydrology,USA,academia,,http://www.opentopography.org
WWF Sweden,WWF-Sweden,,Sweden,info@wwf.se,1,WWFSverige,2,https://github.com/WWF-Sweden,https://github.com/wwf-sweden/itr-tool,2023-11-15T09:40:02.685Z,2026-10-06T23:15:14.401Z,https://avatars.githubusercontent.com/u/150273367?v=4,,Sustainable Development,Sustainable Investment,,,,https://www.wwf.se
FraunhoferIWES,FraunhoferIWES,,,,1,,4,https://github.com/FraunhoferIWES,https://github.com/fraunhoferiwes/foxes,2023-04-08T21:39:25.268Z,2026-10-06T22:16:06.041Z,https://avatars.githubusercontent.com/u/88376562?v=4,,Renewable Energy,Wind Energy,Global,collaboration,,http://iwes.fraunhofer.de
metoppv,metoppv,Meteorological Post-Processing and Verification Joint Organisation,,,1,,4,https://github.com/metoppv,https://github.com/metoppv/improver,2022-11-14T20:53:30.945Z,2026-10-03T04:47:31.810Z,https://avatars.githubusercontent.com/u/26465485?v=4,,Atmosphere,Meteorological Observation and Forecast,UK,collaboration,,https://improver.readthedocs.io/en/latest/
ESM-Tools,esm-tools,Simple Infrastructure for Earth System Simulations,,,1,,34,https://github.com/esm-tools,https://github.com/esm-tools/pycmor,2022-11-14T05:31:59.190Z,2026-10-03T04:47:29.299Z,https://avatars.githubusercontent.com/u/47662724?v=4,,Climate Change,Climate Data Standards,,,,https://esm-tools.github.io/
EnergyPATHWAYS,energyPATHWAYS,,,info@evolved.energy,1,,1,https://github.com/energyPATHWAYS,https://github.com/energyPATHWAYS/EnergyPATHWAYS,2023-03-27T11:02:46.414Z,2026-10-06T23:34:19.769Z,https://avatars.githubusercontent.com/u/16344026?v=4,,Emissions,Carbon Intensity and Accounting,USA,for-profit,,https://www.evolved.energy/
Brick Schema,BrickSchema,"Open-source ontology for building assets, subsystems and data",,,1,,8,https://github.com/BrickSchema,https://github.com/BrickSchema/Brick,2022-11-13T19:22:21.161Z,2026-10-06T20:24:01.712Z,https://avatars.githubusercontent.com/u/41708328?v=4,,Consumption,Buildings and Heating,Global,collaboration,,https://brickschema.org/
FESOM,FESOM,,,,1,,13,https://github.com/FESOM,https://github.com/fesom/fesom2,2022-11-14T07:08:32.919Z,2026-10-06T22:55:22.634Z,https://avatars.githubusercontent.com/u/24571721?v=4,,Cryosphere,Sea Ice,Germany,government agency,,https://fesom.de/
pythongroundwaterbook,pythongroundwaterbook,,,,1,,1,https://github.com/pythongroundwaterbook,https://github.com/pythongroundwaterbook/analytic_gw_book,2022-11-15T21:31:23.266Z,2026-10-03T04:54:52.607Z,https://avatars.githubusercontent.com/u/93381046?v=4,,Sustainable Development,Education,Netherlands,community,,
Badlands,badlands-model,Basin and Landscape Dynamics,School of Geosciences - University of Sydney,tristan.salles@sydney.edu.au,1,,8,https://github.com/badlands-model,https://github.com/badlands-model/badlands,2022-11-17T13:48:28.759Z,2026-10-03T02:45:24.648Z,https://avatars.githubusercontent.com/u/11727410?v=4,,Hydrosphere,Freshwater and Hydrology,Australia,academia,,http://www.earthcolab.org
B-Cubed,b-cubed-eu,Biodiversity Building Blocks for Policy,,,1,,32,https://github.com/b-cubed-eu,https://github.com/b-cubed-eu/b3gbi,2023-09-05T10:38:35.601Z,2026-10-03T05:47:38.555Z,https://avatars.githubusercontent.com/u/114525527?v=4,,Biosphere,Biodiversity Data Access and Management,,,,https://docs.b-cubed.eu
Advanced Reactors and Fuel Cycles,arfc,A research group focused on modeling and simulation of advanced nuclear reactors and fuel cycles. ,University of Illinois at Urbana-Champaign,arfc@groups.google.com,1,,155,https://github.com/arfc,https://github.com/arfc/osier,2022-11-06T00:16:18.153Z,2026-10-02T02:56:31.300Z,https://avatars.githubusercontent.com/u/17805598?v=4,,Energy Systems,Energy System Modeling Frameworks,,,,https://arfc.github.io
Collaboration on Energy and Environmental Markets (CEEM),UNSW-CEEM,,Sydney Australia,,2,,27,https://github.com/UNSW-CEEM,"https://github.com/UNSW-CEEM/nempy, https://github.com/unsw-ceem/nemed",2022-11-12T23:54:35.200Z,2026-10-06T23:15:14.263Z,https://avatars.githubusercontent.com/u/33536784?v=4,,"Energy Systems, Emissions","Global and Regional Energy System Models, Carbon Intensity and Accounting",Australia,academia,,http://ceem.unsw.edu.au/
HYDR,VUB-HYDR,Water and Climate Research Group at VUB,"Brussels, Belgium",,1,,4,https://github.com/VUB-HYDR,https://github.com/VUB-HYDR/REVUB,2023-02-15T04:55:06.033Z,2026-10-06T23:34:16.599Z,https://avatars.githubusercontent.com/u/35221117?v=4,,Energy Systems,Renewable Energy Integration,Belgium,academia,,https://hydr.vub.be/
Euro Data Cube,eurodatacube,European Data Cube - Cube service for earth observation data exploitation,,eurodatacube@eox.at,1,,29,https://github.com/eurodatacube,https://github.com/eurodatacube/eodash,2022-11-14T09:39:01.269Z,2026-10-02T22:59:35.032Z,https://avatars.githubusercontent.com/u/53830971?v=4,,Sustainable Development,Environmental Satellites,Germany,for-profit,,https://eurodatacube.com
Comillas Pontifical University. ICAI-IIT. Energy Systems Modeling and Policy Analysis,IIT-EnergySystemModels,Analysis and design of regulatory policies for the energy transition evaluated using decision-support models and in the technical and economic analysis of gene,Spain,,1,,2,https://github.com/IIT-EnergySystemModels,https://github.com/IIT-EnergySystemModels/openTEPES,2022-11-15T21:18:55.346Z,2026-10-06T20:23:58.131Z,https://avatars.githubusercontent.com/u/68757227?v=4,,Energy Systems,Energy System Modeling Frameworks,Spain,academia,,https://www.iit.comillas.edu/research-area/EMPA
Mapbiomas,mapbiomas,Official repository hub of Mapbiomas,Brazil,contact@mapbiomas.org,1,,114,https://github.com/mapbiomas,https://github.com/mapbiomas/user-toolkit,2024-08-21T00:17:50.441Z,2026-10-03T04:54:37.487Z,https://avatars.githubusercontent.com/u/31013239?v=4,,Biosphere,Deforestation and Reforestation,Brazil,collaboration,,http://mapbiomas.org
Shom,shom-fr,,France,,1,,9,https://github.com/shom-fr,https://github.com/shom-fr/xoa,2023-06-15T17:43:51.201Z,2026-10-03T04:54:49.599Z,https://avatars.githubusercontent.com/u/125282639?v=4,,Hydrosphere,Ocean Models,France,government agency,,https://www.shom.fr/
Parflow,parflow,"ParFlow is an integrated, parallel watershed model that makes use of high-performance computing to simulate surface and subsurface fluid flow.",,,1,,5,https://github.com/parflow,https://github.com/parflow/parflow,2022-11-07T09:19:03.351Z,2026-10-02T22:59:38.686Z,https://avatars.githubusercontent.com/u/19506192?v=4,,Hydrosphere,Freshwater and Hydrology,Global,community,,https://www.parflow.org
Meta Research,facebookresearch,,"Menlo Park, California",,2,,1400,https://github.com/facebookresearch,"https://github.com/facebookresearch/fairchem, https://github.com/facebookresearch/sustainableconcrete",2022-11-02T16:26:31.312Z,2026-10-02T18:41:32.553Z,https://avatars.githubusercontent.com/u/16943930?v=4,,"Renewable Energy, Consumption","Hydro Energy, Buildings and Heating",USA,for-profit,,https://opensource.fb.com
Norwegian Earth System Modeling hub,NorESMhub,"Repository hub for NorESM code, documentation and tools ",,,2,,46,https://github.com/NorESMhub,"https://github.com/NorESMhub/NorESM, https://github.com/NorESMhub/BLOM",2022-11-14T09:55:11.960Z,2026-10-06T20:23:57.992Z,https://avatars.githubusercontent.com/u/12492281?v=4,,"Climate Change, Hydrosphere","Earth and Climate Modeling, Ocean Models",Norway,collaboration,,https://NorESM-docs.readthedocs.io/en/latest
NOAA Environmental Modeling Center (EMC),NOAA-EMC,We develop numerical forecast systems and enhance numerical forecasts through numerical computational technology and data assimilation techniques.   ,United States of America,jacob.carley@noaa.gov,1,,185,https://github.com/NOAA-EMC,https://github.com/NOAA-EMC/global-workflow,2022-11-13T01:14:52.587Z,2026-10-06T19:41:51.866Z,https://avatars.githubusercontent.com/u/37810995?v=4,,Climate Change,Earth and Climate Modeling,USA,government agency,,http://www.emc.ncep.noaa.gov/
Vision Research Lab @ UCSB,UCSB-VRL,Vision Research Lab at UCSB,"Santa Barbara, CALIFORNIA",manj@ucsb.edu,1,,15,https://github.com/UCSB-VRL,https://github.com/UCSB-VRL/MethaneMapper-Spectral-Absorption-aware-Hyperspectral-Transformer-for-Methane-Detection,2022-11-14T23:05:40.054Z,2026-10-06T22:15:33.619Z,https://avatars.githubusercontent.com/u/26205443?v=4,,Emissions,Emission Observation and Modeling,USA,academia,,http://vision.ece.ucsb.edu
Project Horus,projecthorus,"Project Horus is a Amateur Radio High Altitude Ballooning project based in Adelaide, Australia",,,1,,41,https://github.com/projecthorus,https://github.com/projecthorus/radiosonde_auto_rx,2022-11-11T12:45:31.719Z,2026-10-02T22:59:40.429Z,https://avatars.githubusercontent.com/u/15122500?v=4,,Atmosphere,Atmospheric Composition and Dynamics,Australia,community,,http://projecthorus.org/
HYCOM.org,HYCOM,HYbrid Coordinate Ocean Model,"Tallahassee, FL",webmaster@hycom.org,1,,2,https://github.com/HYCOM,https://github.com/hycom/hycom-src,2023-02-26T14:02:43.934Z,2026-10-06T22:15:34.347Z,https://avatars.githubusercontent.com/u/30185783?v=4,,Hydrosphere,Ocean Models,USA,academia,,https://hycom.org/hycom/overview
ToxPi,ToxPi,,,,1,,1,https://github.com/ToxPi,https://github.com/ToxPi/toxpiR,2023-02-15T01:57:40.624Z,2026-10-06T23:05:07.218Z,https://avatars.githubusercontent.com/u/65192026?v=4,,Natural Resources,Ecotoxicology,USA,government agency,,https://toxpi.org
Biodiversity Heritage Library (BHL),gbhl,BHL is the world’s largest open access digital library for biodiversity literature.,,,1,,18,https://github.com/gbhl,https://github.com/gbhl/bhl-us,2022-11-03T21:07:47.584Z,2026-10-03T05:47:21.302Z,https://avatars.githubusercontent.com/u/1837318?v=4,,Biosphere,Biodiversity Data Access and Management,,,,https://s.si.edu/BHLdatadisclaimer
Artificial Intelligence & Machine Learning (AIML Lab) @ HSG,HSG-AIML,Deep Learning Research by AIML Lab @ HSG,St.Gallen,,1,,8,https://github.com/HSG-AIML,https://github.com/HSG-AIML/IndustrialSmokePlumeDetection,2022-11-15T05:27:44.117Z,2026-10-07T07:07:16.574Z,https://avatars.githubusercontent.com/u/59830997?v=4,,Emissions,Emission Observation and Modeling,Switzerland,academia,,http://www.hsg.ai
The Mobility House,mobilityhouse,,"Munich, Germany",,1,,17,https://github.com/mobilityhouse,https://github.com/mobilityhouse/ocpp,2022-11-06T13:35:27.822Z,2026-10-01T22:52:21.847Z,https://avatars.githubusercontent.com/u/5763064?v=4,,Consumption,Mobility and Transportation,Germany,for-profit,,https://mobilityhouse.com/
ISRIC,isric,"ISRIC - Word Soil Information
www.isric.org",,,1,,18,https://git.wur.nl/isric,https://git.wur.nl/isric/soilgrids/soilgrids.notebooks,2024-07-18T12:25:42.885Z,2026-10-03T01:28:59.093Z,https://git.wur.nl/uploads/-/system/group/avatar/1094/ISRIC_logo_round.png,,Natural Resources,Soil and Land,Netherlands,academia,,http://isric.org
CoopCycle,coopcycle,"Don't speculate, cooperate ❤️","Paris, France",,1,,24,https://github.com/coopcycle,https://github.com/coopcycle/coopcycle-web,2022-11-07T03:20:30.429Z,2024-10-29T20:08:07.440Z,https://avatars.githubusercontent.com/u/24247863?v=4,,Consumption,Mobility and Transportation,France,community,,https://coopcycle.org
SNAP - ESA's SentiNel Application Platform,senbox-org,,,,1,,50,https://github.com/senbox-org,https://github.com/senbox-org/snap-engine,2022-11-08T23:18:07.944Z,2026-10-02T22:59:45.230Z,https://avatars.githubusercontent.com/u/7795191?v=4,,Sustainable Development,Environmental Satellites,EU,government agency,,http://step.esa.int/main/toolboxes/snap/
"Royal Botanic Gardens, Kew",RBGKew,Biodiversity Informatics team at RBG Kew,London,bi@kew.org,1,,32,https://github.com/RBGKew,https://github.com/RBGKew/powop,2022-11-08T07:03:07.536Z,2026-10-06T21:38:59.440Z,https://avatars.githubusercontent.com/u/6953174?v=4,,Biosphere,Plants and Vegetation,UK,government agency,,https://www.kew.org/science/who-we-are-and-what-we-do/departments/biodiversity-informatics-and-spatial-analysis
Parallel Ice Sheet Model,pism,"An open source, parallel, high-resolution ice sheet model",University of Alaska Fairbanks,uaf-pism@alaska.edu,1,,52,https://github.com/pism,https://github.com/pism/pism,2022-11-03T04:37:33.310Z,2026-10-02T22:59:39.638Z,https://avatars.githubusercontent.com/u/1057072?v=4,,Cryosphere,Glacier and Ice Sheets,USA,academia,,https://www.pism.io/
The City of Sault Ste. Marie,cityssm,"Our mission: To provide municipal services that support development, enhance quality of life, and promote cultural vitality.","Sault Ste. Marie, Ontario, Canada",corporateapps@cityssm.on.ca,1,cityssm,200,https://github.com/cityssm,https://github.com/cityssm/emile,2022-11-14T05:20:30.142Z,2026-10-03T03:51:36.916Z,https://avatars.githubusercontent.com/u/34131810?v=4,,Energy Systems,Energy Policy,Canada,for-profit,,https://cityssm.github.io
pydap,pydap,,,,1,,8,https://github.com/pydap,https://github.com/pydap/pydap,2022-11-05T13:05:25.617Z,2026-10-02T22:59:40.700Z,https://avatars.githubusercontent.com/u/19211449?v=4,,Sustainable Development,Data Catalogs and Interfaces,Global,community,,https://pydap.github.io/pydap/en/intro.html
Water Accounting and Water Productivity,wateraccounting,"Water Accounting and Water Productivity group, IHE Delft Institute for Water Education",Netherlands,wateraccounting_project@un-ihe.org,1,wateraccounting,27,https://github.com/wateraccounting,https://github.com/wateraccounting/waporocw,2022-11-13T23:30:45.342Z,2026-10-03T04:54:54.452Z,https://avatars.githubusercontent.com/u/18393403?v=4,,Sustainable Development,Education,Netherlands,academia,,http://wateraccounting.un-ihe.org/
Open Food Foundation,openfoodfoundation,,Australia,hello@openfoodfoundation.org,1,OpenFoodNet,63,https://github.com/openfoodfoundation,https://github.com/openfoodfoundation/openfoodnetwork,2022-11-04T08:24:53.794Z,2026-10-02T22:38:42.592Z,https://avatars.githubusercontent.com/u/2578987?v=4,'https://github.com/sponsors/openfoodfoundation',Consumption,Agriculture and Nutrition,Australia,non-profit,,http://openfoodfoundation.org/
HydroShare,hydroshare,HydroShare is a collaborative environment for sharing hydrologic data and models for hydrologists to address critical water issues.,,help@cuahsi.org,1,,73,https://github.com/hydroshare,https://github.com/hydroshare/hydroshare,2022-11-03T22:09:57.388Z,2026-10-02T22:38:28.356Z,https://avatars.githubusercontent.com/u/3444493?v=4,,Hydrosphere,Freshwater and Hydrology,USA,academia,,http://www.hydroshare.org/
Agora Energiewende,agoenergy,"Agora Energiewende is a think tank that develops evidence-based and politically viable strategies to advance the goal of climate neutrality in Germany, Europe, ",Germany,,1,AgoraEW,9,https://github.com/agoenergy,https://github.com/agoenergy/pypsa-spice,2023-03-02T18:05:39.891Z,2026-10-03T03:51:43.043Z,https://avatars.githubusercontent.com/u/61975065?v=4,,Energy Systems,Energy System Modeling Frameworks,,,,https://www.agora-energiewende.de/
CyclOSM,cyclosm,Cycle oriented OSM styles.,,,1,,3,https://github.com/cyclosm,https://github.com/cyclosm/cyclosm-cartocss-style,2022-11-15T08:35:25.462Z,2026-10-03T03:51:46.503Z,https://avatars.githubusercontent.com/u/47216240?v=4,,Consumption,Mobility and Transportation,Global,community,,https://www.cyclosm.org/
Cal-Adapt,cal-adapt,,United States of America,,1,,14,https://github.com/cal-adapt,https://github.com/cal-adapt/climakitae,2022-11-16T00:06:40.798Z,2026-10-02T22:59:43.319Z,https://avatars.githubusercontent.com/u/89867555?v=4,,Climate Change,Climate Data Processing and Analysis,USA,academia,,https://cal-adapt.org
Sizespectrum,sizespectrum,Home for size-spectrum modellers,,,1,,17,https://github.com/sizespectrum,https://github.com/sizespectrum/mizer,2022-11-04T05:24:25.878Z,2026-10-02T22:59:35.821Z,https://avatars.githubusercontent.com/u/13071057?v=4,,Biosphere,Marine Life and Fishery,UK,academia,,https://sizespectrum.org/mizer/
Conservation Biology Institute,consbio,,"Corvallis, OR",,1,,66,https://github.com/consbio,https://github.com/consbio/seedlot-selection-tool,2022-11-04T06:25:12.774Z,2026-10-03T01:29:50.420Z,https://avatars.githubusercontent.com/u/7257061?v=4,,Biosphere,Deforestation and Reforestation,USA,non-profit,,http://consbio.org
Renewables.ninja,renewables-ninja,"Renewable energy simulations, ninja style.",,,1,,5,https://github.com/renewables-ninja,https://github.com/renewables-ninja/gsee,2022-11-06T05:38:01.818Z,2026-10-03T02:44:58.553Z,https://avatars.githubusercontent.com/u/11838260?v=4,,Renewable Energy,Photovoltaics and Solar Energy,Germany,academia,,https://www.renewables.ninja/
deep-voice,deep-voice,,,,1,,3,https://github.com/deep-voice,https://github.com/deep-voice/soundbay,2022-11-15T07:08:57.934Z,2026-10-02T06:29:45.958Z,https://avatars.githubusercontent.com/u/80794249?v=4,,Biosphere,Marine Life and Fishery,,,,
openrepair,openrepair,,,,1,,2,https://github.com/openrepair,https://github.com/openrepair/data,2023-06-17T00:23:43.995Z,2026-10-03T04:55:21.918Z,https://avatars.githubusercontent.com/u/56541777?v=4,,Industrial Ecology,Circular Economy and Waste,,,,
MDO Lab,mdolab,Multidisciplinary Design Optimization Laboratory at the University of Michigan,,,1,,30,https://github.com/mdolab,https://github.com/mdolab/openconcept,2022-11-10T16:51:40.990Z,2026-10-03T03:51:41.536Z,https://avatars.githubusercontent.com/u/26934866?v=4,,Consumption,Mobility and Transportation,USA,academia,,http://mdolab.engin.umich.edu
NRECA,nreca-bts,NRECA Organization,,,1,,5,https://github.com/nreca-bts,https://github.com/nreca-bts/omf,2024-12-19T19:38:36.463Z,2026-10-03T04:54:37.007Z,https://avatars.githubusercontent.com/u/189667471?v=4,,Energy Systems,Grid Analysis and Planning,USA,collaboration,,
The Cylc Workflow Engine,cylc,A workflow engine for cycling systems.,"Wellington, New Zealand",hilary.oliver@niwa.co.nz,1,,21,https://github.com/cylc,https://github.com/cylc/cylc-flow,2022-11-03T02:14:24.673Z,2026-10-02T06:29:44.274Z,https://avatars.githubusercontent.com/u/824878?v=4,,Climate Change,Climate Data Processing and Analysis,,,,https://cylc.github.io
European Environment Agency,eea,The European Environment Agency is the agency of the European Union that provides independent information on the environment.,"Kongens Nytorv 6, 1050, Copenhagen K, Denmark",,1,euenvironment,949,https://github.com/eea,https://github.com/eea/geonetwork-eea,2022-11-02T21:26:11.733Z,2026-10-06T04:52:08.197Z,https://avatars.githubusercontent.com/u/1176627?v=4,,Sustainable Development,Data Catalogs and Interfaces,Denmark,government agency,,https://www.eea.europa.eu
The Carpentries Lab (old) ,carpentrieslab,"This is the ""original"" Carpentries Lab, used only so the python-aos-lesson can redirect. The current Carpentries Lab is at https://github.com/carpentries-lab",,,1,,1,https://github.com/carpentrieslab,https://github.com/carpentrieslab/python-aos-lesson,2026-09-25T21:12:35.296Z,2026-10-03T04:54:53.995Z,https://avatars.githubusercontent.com/u/88429048?v=4,,Sustainable Development,Education,,,,
stormsurge.live,StormSurgeLive,Real time model guidance for hurricane decision support,,info@stormsurge.live,1,StormSurgeLive,7,https://github.com/StormSurgeLive,https://github.com/stormsurgelive/asgs,2022-11-14T09:20:19.248Z,2026-10-06T20:23:58.554Z,https://avatars.githubusercontent.com/u/78486559?v=4,,Climate Change,Natural Hazard and Storms,Global,community,,https://www.stormsurge.live
wildflow,wildflowai,Model natural ecosystems 🌎🪸🐳,,,1,,7,https://github.com/wildflowai,https://github.com/wildflowai/platform,2023-07-06T08:23:46.155Z,2026-10-03T04:55:06.559Z,https://avatars.githubusercontent.com/u/138724297?v=4,,Biosphere,Biodiversity Data Access and Management,Global,community,,https://wildflow.ai
Hawkins\Brown Digital Design,HawkinsbrownArch,Hawkins\Brown's Digital Design Team,,grpdigitaldesign@hawkinsbrown.com,1,,1,https://github.com/HawkinsbrownArch,https://github.com/hawkinsbrownarch/hbert,2026-09-25T19:27:59.872Z,2026-10-06T22:30:15.712Z,https://avatars.githubusercontent.com/u/44200909?v=4,,Consumption,Computation and Communication,,,,
ML-LAM collaboration,mllam,Collaborative research software development around data-driven weather forecasting for limited area modelling,,,1,,10,https://github.com/mllam,https://github.com/mllam/neural-lam,2024-03-11T20:57:58.672Z,2026-10-02T22:59:41.509Z,https://avatars.githubusercontent.com/u/149403204?v=4,,Atmosphere,Meteorological Observation and Forecast,Global,collaboration,,https://kutt.it/mllam
UN/CEFACT,uncefact,United Nations Centre for Trade Facilitation and Electronic Business ,Switzerland,,1,,22,https://github.com/uncefact,https://github.com/uncefact/project-crm,2022-11-14T07:09:39.641Z,2026-10-03T02:44:11.724Z,https://avatars.githubusercontent.com/u/38375897?v=4,,Industrial Ecology,Life Cycle Assessment,Global,government agency,,https://www.unece.org/cefact/
ECMWF training,ecmwf-training,ECMWF organisation for training material,,,1,,43,https://github.com/ecmwf-training,https://github.com/ecmwf-training/2023-ml-mooc-weather-climate,2024-07-08T11:44:50.142Z,2026-10-03T01:32:00.178Z,https://avatars.githubusercontent.com/u/171360652?v=4,,Sustainable Development,Education,Europe,government agency,,http://www.ecmwf.int
Floodbase (formerly Cloud to Street),cloudtostreet,Flood tracking for disasters and insurance.,,support@floodbase.com,1,floodbase,10,https://github.com/cloudtostreet,https://github.com/cloudtostreet/MODIS_GlobalFloodDatabase,2023-03-07T13:10:07.519Z,2026-10-02T06:29:19.212Z,https://avatars.githubusercontent.com/u/33142951?v=4,,Climate Change,Natural Hazard and Storms,USA,for-profit,,https://boards.greenhouse.io/floodbase/
Growstuff,Growstuff,,,,1,,9,https://github.com/Growstuff,https://github.com/Growstuff/growstuff,2022-11-04T01:15:02.107Z,2026-10-06T19:41:24.176Z,https://avatars.githubusercontent.com/u/2066469?v=4,,Consumption,Agriculture and Nutrition,Global,community,,http://growstuff.org/
US Global Change Research Program,USGCRP,,,,1,,18,https://github.com/USGCRP,https://github.com/USGCRP/gcis,2022-11-08T08:49:04.868Z,2026-10-06T21:39:02.140Z,https://avatars.githubusercontent.com/u/7650012?v=4,,Sustainable Development,Data Catalogs and Interfaces,USA,government agency,,http://www.globalchange.gov
ML.ENERGY,ml-energy,Energy as a First-Class Resource in Modern ML,"Ann Arbor, MI",admins@ml.energy,1,,17,https://github.com/ml-energy,https://github.com/ml-energy/zeus,2023-07-06T15:38:31.869Z,2026-10-01T15:37:00.617Z,https://avatars.githubusercontent.com/u/109987045?v=4,'https://github.com/sponsors/ml-energy',Consumption,Computation and Communication,USA,academia,,https://ml.energy
Call for Code® with The Linux Foundation,Call-for-Code,"A worldwide, multi-year initiative inspiring developers to solve pressing problems with sustainable solutions. Commit to the cause. Push for change.",179 nations and growing,,1,,81,https://github.com/Call-for-Code,https://github.com/Call-for-Code/Liquid-Prep,2022-11-13T11:47:56.808Z,2026-10-06T23:05:10.216Z,https://avatars.githubusercontent.com/u/38950415?v=4,,Natural Resources,Water Supply and Quality,Global,collaboration,,https://developer.ibm.com/callforcode/
d-fine GmbH,d-fine,,"Frankfurt am Main, Germany",info@d-fine.de,1,,9,https://github.com/d-fine,https://github.com/d-fine/dataland,2022-11-14T05:20:32.149Z,2026-10-02T06:29:49.440Z,https://avatars.githubusercontent.com/u/33664749?v=4,,Sustainable Development,Sustainable Investment,Germany,for-profit,,https://www.d-fine.com/
Protect Earth,protect-earth,"Rewilding the UK, getting our hands dirty out in the field and using our skills as ex-techies to fill funding gaps and improve transparency.",United Kingdom,help@protect.earth,1,,3,https://github.com/protect-earth,https://github.com/protect-earth/tree-tracker-ios,2022-11-14T09:56:07.874Z,2026-10-03T01:31:57.166Z,https://avatars.githubusercontent.com/u/62665039?v=4,,Biosphere,Deforestation and Reforestation,UK,non-profit,,https://protect.earth
MITgcm,MITgcm,,,,1,,7,https://github.com/MITgcm,https://github.com/MITgcm/MITgcm,2022-11-06T12:44:01.826Z,2026-10-06T23:34:36.370Z,https://avatars.githubusercontent.com/u/11047419?v=4,,Hydrosphere,Ocean Models,USA,academia,,http://mitgcm.org/
Fingreen AI,fingreen-ai,,France,info@fingreen.ai,1,,1,https://github.com/fingreen-ai,https://github.com/fingreen-ai/greenlang,2023-12-11T10:28:43.385Z,2026-10-03T04:54:36.333Z,https://avatars.githubusercontent.com/u/141143708?v=4,,Sustainable Development,Sustainable Investment,France,for-profit,,https://fingreen.ai
Climate Compatible Growth,ClimateCompatibleGrowth,,United Kingdom,,1,ResearchCcg,41,https://github.com/ClimateCompatibleGrowth,https://github.com/climatecompatiblegrowth/geoh2,2022-11-14T19:07:31.666Z,2026-10-06T22:15:33.939Z,https://avatars.githubusercontent.com/u/62061836?v=4,,Energy Storage,Hydrogen,UK,government agency,,http://www.climatecompatiblegrowth.com
earthaccess-dev,earthaccess-dev,,,,1,,4,https://github.com/earthaccess-dev,https://github.com/earthaccess-dev/earthaccess,2026-03-03T22:29:44.749Z,2026-10-01T20:14:16.335Z,https://avatars.githubusercontent.com/u/196376372?v=4,,Sustainable Development,Data Catalogs and Interfaces,,,,
University of Washington ICESat-2 Hackweek,ICESAT-2HackWeek,,University of Washington,icesat2-hackweek@uw.edu,1,,77,https://github.com/ICESAT-2HackWeek,https://github.com/icesat-2hackweek/2020_icesat-2_hackweek_tutorials,2022-11-13T11:44:18.992Z,2026-10-06T23:34:34.796Z,https://avatars.githubusercontent.com/u/40705435?v=4,,Sustainable Development,Education,USA,community,,https://icesat-2.hackweek.io/
Epiverse-TRACE,epiverse-trace,,,,1,,70,https://github.com/epiverse-trace,https://github.com/epiverse-trace/colopendata,2022-11-16T23:02:56.947Z,2026-10-03T01:32:11.850Z,https://avatars.githubusercontent.com/u/101338582?v=4,,Climate Change,Climate Data Access and Visualization,Global,collaboration,,https://epiverse-trace.github.io/
LiteFarmOrg,LiteFarmOrg,,,,1,,2,https://github.com/LiteFarmOrg,https://github.com/litefarmorg/litefarm,2022-11-14T08:32:23.991Z,2026-10-06T20:32:18.195Z,https://avatars.githubusercontent.com/u/55267558?v=4,,Consumption,Agriculture and Nutrition,Canada,community,,https://www.litefarm.org/
Development Seed,developmentseed,Winning with Open Data,United States of America,info@developmentseed.org,1,,702,https://github.com/developmentseed,https://github.com/developmentseed/our-forests-tomorrow,2022-11-02T18:45:34.207Z,2026-10-02T08:30:37.329Z,https://avatars.githubusercontent.com/u/92384?v=4,,Biosphere,Forest Modeling and Analysis,USA,for-profit,,https://developmentseed.org
Solid Waste Optimization Life-cycle Framework in Python (SwolfPy),SwolfPy-Project,SWM LCA optimization framework with built-in parametric and Monte Carlo sensitivity and uncertainty analysis capabilties.,United States of America,msm.sardarmehni@gmail.com,1,,4,https://github.com/SwolfPy-Project,https://github.com/swolfpy-project/swolfpy,2023-02-14T23:33:34.839Z,2026-10-06T22:15:00.690Z,https://avatars.githubusercontent.com/u/89031688?v=4,,Industrial Ecology,Circular Economy and Waste,USA,academia,,http://swolfpy-project.github.io/
"Sony Computer Science Laboratories, Inc.",SonyCSL,Repositories for research/prototyping purpose. Repositories are maintained on an individual basis.,,,1,,35,https://github.com/SonyCSL,https://github.com/SonyCSL/APIS,2022-11-04T04:47:08.359Z,2026-10-06T23:05:12.813Z,https://avatars.githubusercontent.com/u/2343888?v=4,,Energy Systems,Grid Management and Microgrid,Japan,for-profit,,https://www.sonycsl.co.jp/
cloud modelling group at IGFUW,igfuw,"Cloud-microphysics modelling group at the Institute of Geophysics,  Faculty of Physics, University of Warsaw, Poland","Warsaw, Poland",,1,,19,https://github.com/igfuw,https://github.com/igfuw/uwlcm,2022-11-04T02:19:20.748Z,2026-10-03T01:32:05.594Z,https://avatars.githubusercontent.com/u/7115054?v=4,,Atmosphere,Atmospheric Chemistry and Aerosol,Poland,academia,,https://www.igf.fuw.edu.pl/pl/projects/research-groups/mikrofizyka-chmur/
RADIS,radis,Fast molecular spectra ,https://radis.github.io/slack-invite/,radis-radiation@googlegroups.com,1,radis_radiation,21,https://github.com/radis,https://github.com/radis/radis,2022-11-17T12:14:29.099Z,2026-10-01T22:52:27.940Z,https://avatars.githubusercontent.com/u/35809936?v=4,'https://github.com/sponsors/radis',Atmosphere,Radiative Transfer,Global,community,,https://radis.github.io/
ZAE Bayern,zae-bayern,,,,1,,5,https://github.com/zae-bayern,https://github.com/zae-bayern/elpv-dataset,2022-11-15T20:24:48.678Z,2026-10-03T01:32:01.381Z,https://avatars.githubusercontent.com/u/37119743?v=4,,Renewable Energy,Photovoltaics and Solar Energy,Germany,non-profit,,https://www.zae-bayern.de
SoSy-Lab,sosy-lab,,"LMU Munich, Germany",,1,,21,https://github.com/sosy-lab,https://github.com/sosy-lab/cpu-energy-meter,2022-11-06T11:21:54.162Z,2026-10-02T06:29:23.361Z,https://avatars.githubusercontent.com/u/16129993?v=4,,Consumption,Computation and Communication,Germany,academia,,https://www.sosy-lab.org
Model of Agricultural Production and its Impact on the Environment,magpiemodel,A modular open source framework for modeling global land-systems,"Potsdam Institute for Climate Impact Research (PIK), Germany",,1,,2,https://github.com/magpiemodel,https://github.com/magpiemodel/magpie,2022-11-15T03:45:31.171Z,2026-10-02T22:59:35.470Z,https://avatars.githubusercontent.com/u/23235810?v=4,,Consumption,Agriculture and Nutrition,Germany,government agency,,https://magpiemodel.github.io/
DataBytes Organisation,DataBytes-Organisation,DataBytes Capstone Project (A/B),Australia,databytes@deakin.edu.au,1,,1,https://github.com/DataBytes-Organisation,https://github.com/databytes-organisation/project-echo,2023-03-23T05:28:30.815Z,2026-10-06T23:34:36.024Z,https://avatars.githubusercontent.com/u/120438431?v=4,,Biosphere,Bioacoustics and Acoustic Data Analysis,Australia,academia,,http://deakin.edu.au
ERDDAP,ERDDAP,,,chris.john@noaa.gov,1,,1,https://github.com/ERDDAP,https://github.com/erddap/erddap,2023-04-28T21:53:29.795Z,2026-10-06T22:30:34.107Z,https://avatars.githubusercontent.com/u/126212064?v=4,,Hydrosphere,Ocean and Hydrology Data Access,,,,
MARIDA,marine-debris,Marine Debris Archive,,gkakogeorgiou@central.ntua.gr,1,,1,https://github.com/marine-debris,https://github.com/marine-debris/marine-debris.github.io,2026-09-25T17:45:41.237Z,2026-10-03T01:28:55.761Z,https://avatars.githubusercontent.com/u/85183222?v=4,,Industrial Ecology,Circular Economy and Waste,,,,
EVMap,ev-map,Android app to find electric vehicle charging stations - compatible with community databases such as GoingElectric.de and OpenChargeMap.org.,,,1,ev_map,15,https://github.com/ev-map,https://github.com/ev-map/EVMap,2023-02-22T15:06:53.994Z,2026-10-02T22:59:41.593Z,https://avatars.githubusercontent.com/u/115927597?v=4,,Consumption,Mobility and Transportation,Germany,community,,https://ev-map.app/
PREP-NexT,PREP-NexT,Pathways for REsilient Planning of water-energy-food Nexus Transformation,Singapore,hexg@nus.edu.sg,1,PREPNexT_Lab,2,https://github.com/PREP-NexT,https://github.com/PREP-NexT/PREP-SHOT,2023-03-03T09:33:22.452Z,2026-10-06T21:39:07.671Z,https://avatars.githubusercontent.com/u/93474760?v=4,,Energy Systems,Energy System Modeling Frameworks,Singapore,academia,,https://prep-next.github.io/PREP-SHOT/
hydrobricks,hydrobricks,,Switzerland,,1,,3,https://github.com/hydrobricks,https://github.com/hydrobricks/hydrobricks,2023-06-28T10:26:55.626Z,2026-10-03T03:52:09.283Z,https://avatars.githubusercontent.com/u/103358791?v=4,,Hydrosphere,Freshwater and Hydrology,,,,
Pacific Climate Impacts Consortium,pacificclimate,A regional climate service centre at UVic that provides information on the impacts of climate change in the Pacific/Yukon region.,"Victoria, British Columbia, Canada",,1,,151,https://github.com/pacificclimate,https://github.com/pacificclimate/ClimDown,2022-11-02T16:38:05.098Z,2026-10-03T02:45:01.218Z,https://avatars.githubusercontent.com/u/7443397?v=4,,Climate Change,Climate Downscaling,Canada,academia,,http://www.pacificclimate.org/
Environmental Data Science Book,eds-book,,,environmental.ds.book@gmail.com,1,,38,https://github.com/eds-book,https://github.com/eds-book/eds-book,2023-04-04T21:34:28.106Z,2026-10-04T03:19:40.049Z,https://avatars.githubusercontent.com/u/99214139?v=4,,Sustainable Development,Education,UK,community,,https://edsbook.org
Project-SEA-Stack,Project-SEA-Stack,,,,1,,1,https://github.com/Project-SEA-Stack,https://github.com/project-sea-stack/hydrochrono,2025-10-18T22:19:19.383Z,2026-10-06T22:15:45.310Z,https://avatars.githubusercontent.com/u/209851005?v=4,,Renewable Energy,Hydro Energy,,,,
Grid2Op,Grid2op,,,info@grid2op.energy,1,,1,https://github.com/Grid2op,https://github.com/Grid2op/grid2op,2024-10-15T07:31:01.473Z,2026-10-06T23:34:35.910Z,https://avatars.githubusercontent.com/u/184606084?v=4,,Energy Systems,Grid Analysis and Planning,,,,https://grid2op.energy
Computational Infrastructure for Geodynamics,geodynamics,,,help@geodynamics.org,1,,40,https://github.com/geodynamics,https://github.com/geodynamics/selen,2022-11-02T22:49:44.542Z,2026-10-02T03:51:21.169Z,https://avatars.githubusercontent.com/u/4052461?v=4,,Natural Resources,Water Supply and Quality,Global,collaboration,,https://www.geodynamics.org/
allometric,allometric,Software for allometric models.,,bfrank70@gmail.com,1,,10,https://github.com/allometric,https://github.com/allometric/allometric,2023-08-13T22:25:58.399Z,2026-10-03T03:52:07.924Z,https://avatars.githubusercontent.com/u/142178884?v=4,,Biosphere,Forest Modeling and Analysis,Global,community,,https://allometric.org
BioPAL,BioPAL,BIOMASS Product Algorithm Laboratory,,,1,,4,https://github.com/BioPAL,https://github.com/BioPAL/BioPAL,2022-11-18T09:06:57.438Z,2026-10-06T21:38:44.741Z,https://avatars.githubusercontent.com/u/68594778?v=4,,Biosphere,Biomass,Global,community,,https://biopal.org/
CoMPAS - (Co)nfiguration (M)odules for (P)ower industry (A)utomation (S)ystems,com-pas,61850 SCL management and configuration tool,,CoMPAS@lists.lfenergy.org,1,,29,https://github.com/com-pas,https://github.com/com-pas/compas-architecture,2022-11-14T18:19:48.559Z,2026-10-03T02:45:30.914Z,https://avatars.githubusercontent.com/u/63782197?v=4,,Energy Systems,Energy System Modeling Frameworks,Global,collaboration,,https://www.lfenergy.org/all-projects/compas/
SRON-ESG,SRON-ESG, SRON’s Earth Science Group,Netherlands,,1,,1,https://github.com/SRON-ESG,https://github.com/sron-esg/hypergas,2025-12-08T21:29:18.146Z,2026-10-06T23:34:33.937Z,https://avatars.githubusercontent.com/u/233099870?v=4,,Emissions,Emission Observation and Modeling,,,,https://www.sron.nl/en/pillars/science/earth/
INRAE,inrae,"INRAE, French National Institute for Agriculture, Food and Environment",France,,1,,45,https://github.com/inrae,https://github.com/inrae/hubeau,2022-11-14T10:18:16.564Z,2026-10-03T04:54:47.740Z,https://avatars.githubusercontent.com/u/64418390?v=4,,Hydrosphere,Ocean and Hydrology Data Access,France,academia,,https://www.inrae.fr/en
Meirim,meirim-org,,,info@meirim.org,1,,2,https://github.com/meirim-org,https://github.com/meirim-org/meirim,2022-11-10T03:12:40.744Z,2026-10-03T04:54:45.028Z,https://avatars.githubusercontent.com/u/35703559?v=4,,Consumption,Buildings and Heating,Israel,community,,http://www.meirim.org
Arctic Basecamp's Arctic Risk,arctic-risk,,,,1,,2,https://github.com/arctic-risk,https://github.com/arctic-risk/awesome-arctic-data,2023-03-27T11:54:22.682Z,2026-10-03T04:55:21.695Z,https://avatars.githubusercontent.com/u/77003770?v=4,,Sustainable Development,Curated Lists,Global,academia,,https://arcticrisk.org
Tulipa,TulipaEnergy,Energy System Optimization Tools from TNO and eScience,Netherlands,,1,,1,https://github.com/TulipaEnergy,https://github.com/tulipaenergy/tulipaenergymodel.jl,2023-08-09T13:38:45.361Z,2026-10-06T20:24:02.871Z,https://avatars.githubusercontent.com/u/137513646?v=4,,Energy Systems,Energy System Modeling Frameworks,Netherlands,for-profit,,https://www.tno.nl/en/
"Energy and Environmental Economics, Inc.",e3-,,"San Francisco, CA",platform@ethree.com,1,ethree_inc,6,https://github.com/e3-,https://github.com/e3-/resolve,2023-09-06T20:54:16.380Z,2026-10-03T05:47:20.681Z,https://avatars.githubusercontent.com/u/8919553?v=4,,Energy Systems,Energy System Modeling Frameworks,USA,for-profit,,https://ethree.com/
NumericalEarth,NumericalEarth,A software ecosystem for Earth system modeling,,,1,,1,https://github.com/NumericalEarth,https://github.com/numericalearth/breeze.jl,2025-06-06T06:26:29.965Z,2026-10-06T22:30:33.952Z,https://avatars.githubusercontent.com/u/215106243?v=4,,Atmosphere,Atmospheric Composition and Dynamics,,,,
Earth System Modeling Framework,esmf-org,High Performance Modeling Infrastructure,,esmf_support@ucar.edu,1,,65,https://github.com/esmf-org,https://github.com/esmf-org/esmf,2022-11-14T18:05:21.917Z,2026-10-02T22:59:55.738Z,https://avatars.githubusercontent.com/u/60195040?v=4,,Climate Change,Earth and Climate Modeling,Global,collaboration,,https://earthsystemmodeling.org/
earthtoolsmaker,earthtoolsmaker,Open tools for the people protecting nature,,,1,,12,https://github.com/earthtoolsmaker,https://github.com/earthtoolsmaker/biowatch,2024-04-01T18:29:24.768Z,2026-10-02T22:59:45.074Z,https://avatars.githubusercontent.com/u/165696201?v=4,,Biosphere,Terrestrial Wildlife,USA,community,,https://www.earthtoolsmaker.org
 International Center for Agricultural Research in the Dry Areas (ICARDA),icarda,Advancing agricultural science and innovation to improve the livelihoods and resilience of communities in dry areas across the globe.,Lebanon,icarda-comms@cgiar.org,1,ICARDA,34,https://github.com/icarda,https://github.com/icarda/qbms,2025-06-25T11:21:04.364Z,2026-10-03T04:55:50.880Z,https://avatars.githubusercontent.com/u/47319866?v=4,,Consumption,Agriculture and Nutrition,,,,https://www.icarda.org
OpenFlexure,openflexure,"The OpenFlexure project, which aims to make high precision mechanical positioning available to anyone with a 3D printer - for use in microscopes, micromanipulators, and more.
http://openflexure.org",,,1,,42,https://gitlab.com/openflexure,https://gitlab.com/openflexure/openflexure-microscope,2023-03-07T16:52:43.855Z,2026-09-24T19:04:27.574Z,https://gitlab.com/uploads/-/system/group/avatar/3930388/emblem2.png,,Biosphere,Biodiversity Citizen Science,,,,
Brazilian Network on Plant-Pollinator Interactions,rebipp,,Brazil,rebipp2016@gmail.com,1,,6,https://github.com/rebipp,https://github.com/rebipp/ppi,2023-07-24T17:35:22.387Z,2026-10-02T06:29:27.164Z,https://avatars.githubusercontent.com/u/95692802?v=4,,Sustainable Development,Taxonomy and Ontology,Brazil,non-profit,,https://www.rebipp.org.br
KAUST HYdro-climatic EXtremes (HYEX) Research Group,hyex-research,,,,1,,2,https://github.com/hyex-research,https://github.com/hyex-research/aquafetch,2025-01-19T14:04:55.928Z,2026-10-03T04:55:54.192Z,https://avatars.githubusercontent.com/u/144527953?v=4,,Hydrosphere,Ocean and Hydrology Data Access,USA,academia,,https://aquafetch.readthedocs.io/en/latest/
AWST GmbH,awst-austria,,"Vienna, Austria",,1,,5,https://github.com/awst-austria,https://github.com/awst-austria/qa4sm,2022-11-14T10:07:42.759Z,2023-03-04T05:04:48.036Z,https://avatars.githubusercontent.com/u/40628621?v=4,,Natural Resources,Soil and Land,Austria,for-profit,,https://www.awst.at/
"Artificial Intelligence Group (AIN), Wageningen University and Research",WUR-AI,,Netherlands,ioannis.athanasiadis@wur.nl,1,,15,https://github.com/WUR-AI,https://github.com/wur-ai/agml-cy-bench,2022-11-12T02:21:06.243Z,2026-10-06T23:05:20.744Z,https://avatars.githubusercontent.com/u/26596900?v=4,,Consumption,Agriculture and Nutrition,,,,
responsibleproblemsolving,responsibleproblemsolving,,,,1,,3,https://github.com/responsibleproblemsolving,https://github.com/responsibleproblemsolving/energy-usage,2023-02-15T01:33:38.674Z,2026-10-02T06:29:26.264Z,https://avatars.githubusercontent.com/u/52930580?v=4,,Consumption,Computation and Communication,Global,community,,http://responsibleproblemsolving.github.io
SOLECTRUS,solectrus,"Self-hosted photovoltaic dashboard for monitoring solar production, consumption, battery usage, grid exchange, and financial performance","Jülich, Germany",,1,,26,https://github.com/solectrus,https://github.com/solectrus/solectrus,2022-11-14T08:18:28.226Z,2026-10-02T22:59:57.229Z,https://avatars.githubusercontent.com/u/76243773?v=4,"'https://github.com/sponsors/solectrus', 'https://ko-fi.com/ledermann'",Renewable Energy,Photovoltaics and Solar Energy,Germany,for-profit,,https://solectrus.de
batterysim,batterysim,,,,1,,6,https://github.com/batterysim,https://github.com/batterysim/equiv-circ-model,2022-11-18T21:46:41.799Z,2026-10-03T01:28:58.681Z,https://avatars.githubusercontent.com/u/26285431?v=4,,Energy Storage,Battery,USA,government agency,,https://vibe.ornl.gov/
kW Labs,kW-Labs,,"Oakland, CA",,1,,4,https://github.com/kW-Labs,https://github.com/kw-labs/nmecr,2023-02-27T06:11:38.394Z,2026-10-06T21:38:46.932Z,https://avatars.githubusercontent.com/u/8901912?v=4,,Consumption,Buildings and Heating,USA,for-profit,,https://www.kw-engineering.com/
Earth and Environmental Data Science,earth-env-data-science,,,,1,,2,https://github.com/earth-env-data-science,https://github.com/earth-env-data-science/earth-env-data-science-book,2022-11-18T18:18:53.416Z,2026-10-03T04:55:45.937Z,https://avatars.githubusercontent.com/u/54808250?v=4,,Sustainable Development,Education,USA,community,,https://earth-env-data-science.github.io
The Planteome Project,Planteome,Home for the Common Reference Ontologies for Plants,"Corvallis, OR, USA",,1,,27,https://github.com/Planteome,https://github.com/planteome/plant-trait-ontology,2022-11-12T10:29:54.959Z,2026-10-06T21:39:07.784Z,https://avatars.githubusercontent.com/u/7377492?v=4,,Sustainable Development,Taxonomy and Ontology,Global,community,,http://www.planteome.org/
emLab,emlab-ucsb,The Environmental Markets Lab (emLab) is an interdisciplinary team of scientists based at the University of California Santa Barbara.,"Santa Barbara, CA",,1,,61,https://github.com/emlab-ucsb,https://github.com/emlab-ucsb/oceandatr,2022-11-17T16:55:52.072Z,2026-10-03T03:57:19.358Z,https://avatars.githubusercontent.com/u/48566538?v=4,,Biosphere,Conservation and Restoration,USA,academia,,http://emlab.ucsb.edu
Ichthyop,ichthyop,A Lagrangian tool for simulating ichthyoplankton dynamics,,,1,,12,https://github.com/ichthyop,https://github.com/ichthyop/ichthyop,2023-04-28T12:23:30.623Z,2026-10-03T04:55:55.227Z,https://avatars.githubusercontent.com/u/69504072?v=4,,Biosphere,Marine Life and Fishery,Global,community,,http://www.ichthyop.org/
Aalto Electric Drives,Aalto-Electric-Drives,,Finland,,1,,1,https://github.com/Aalto-Electric-Drives,https://github.com/aalto-electric-drives/motulator,2022-11-14T07:01:07.832Z,2026-10-06T21:39:10.872Z,https://avatars.githubusercontent.com/u/76838961?v=4,,Consumption,Mobility and Transportation,Finland,academia,,https://aalto-electric-drives.github.io/motulator/
E4ST Development,e4st-dev,"Projects for the Engineering, Economic, and Environmental Simulation Tool",,,1,,8,https://github.com/e4st-dev,https://github.com/e4st-dev/e4st.jl,2023-07-26T16:28:07.655Z,2026-10-03T04:55:39.835Z,https://avatars.githubusercontent.com/u/107714027?v=4,,Energy Systems,Energy System Modeling Frameworks,,,,
IEA Wind Digitalization (Task 43),IEA-Task-43,Github Repository for the efforts of IEA Wind task 43,,,1,,2,https://github.com/IEA-Task-43,https://github.com/IEA-Task-43/digital_wra_data_standard,2022-11-14T10:22:19.723Z,2026-10-06T20:23:54.332Z,https://avatars.githubusercontent.com/u/57503085?v=4,,Renewable Energy,Wind Energy,Global,collaboration,,https://iea-wind.org/task43/
Clark Center for Geospatial Analytics,ClarkCGA,Center for Geospatial Analytics at Clark University,United States of America,cga@clarku.edu,1,,1,https://github.com/ClarkCGA,https://github.com/clarkcga/udef-arp,2023-08-09T21:43:31.808Z,2026-10-06T21:38:47.497Z,https://avatars.githubusercontent.com/u/124318279?v=4,,Biosphere,Deforestation and Reforestation,USA,academia,,https://clarku.edu/cga
hydrologie,hydrologie,,,,1,,17,https://github.com/hydrologie,https://github.com/hydrologie/xhydro,2023-05-01T21:32:30.787Z,2026-10-02T23:26:33.003Z,https://avatars.githubusercontent.com/u/64544854?v=4,,Hydrosphere,Freshwater and Hydrology,Global,community,,https://xhydro.readthedocs.io/en/latest/
Sinnwerkstatt,sinnwerkstatt,,"Berlin, Germany",,1,,20,https://github.com/sinnwerkstatt,https://github.com/sinnwerkstatt/landmatrix,2022-11-05T23:32:49.083Z,2026-10-03T03:57:13.709Z,https://avatars.githubusercontent.com/u/516588?v=4,,Natural Resources,Soil and Land,Germany,for-profit,,http://sinnwerkstatt.com/
BETALAB,BETALAB-team,BETALAB Building Energy & Technology Assessment Research group  Department of Industrial Engineering University of Padova,"Padua, Italy",,1,,3,https://github.com/BETALAB-team,https://github.com/betalab-team/eureca,2023-11-16T16:55:06.166Z,2026-10-06T21:38:54.051Z,https://avatars.githubusercontent.com/u/79995108?v=4,,Consumption,Buildings and Heating,Italy,academia,,https://research.dii.unipd.it/betalab/
GralDispersionModel,GralDispersionModel,,,grammgral@gmail.com,1,,4,https://github.com/GralDispersionModel,https://github.com/GralDispersionModel/GRAL,2022-11-19T23:31:15.258Z,2026-10-06T21:38:49.241Z,https://avatars.githubusercontent.com/u/56819015?v=4,,Atmosphere,Atmospheric Dispersion and Transport,Global,community,,https://gral.tugraz.at/
Institut Wohnen und Umwelt GmbH,IWUGERMANY,,"Darmstadt, Germany",j.calisti@iwu.de,1,,14,https://github.com/IWUGERMANY,https://github.com/IWUGERMANY/DIBS---Dynamic-ISO-Building-Simulator,2022-11-13T08:04:54.948Z,2026-10-06T21:38:48.749Z,https://avatars.githubusercontent.com/u/8005408?v=4,,Consumption,Buildings and Heating,Germany,government agency,,https://www.iwu.de
DuraMAT,DuraMAT,,,,1,,4,https://github.com/DuraMAT,https://github.com/DuraMAT/pv-terms,2022-11-15T17:45:31.178Z,2026-10-06T21:38:48.302Z,https://avatars.githubusercontent.com/u/55461754?v=4,,Renewable Energy,Photovoltaics and Solar Energy,Global,community,,https://duramat.github.io/pv-terms/
GIS4WRF,GIS4WRF,"Toolkit for pre- and post-processing, visualizing, and running simulations in WRF",,,1,,2,https://github.com/GIS4WRF,https://github.com/gis4wrf/gis4wrf,2022-11-13T02:13:10.411Z,2026-10-06T22:29:30.805Z,https://avatars.githubusercontent.com/u/37047890?v=4,,Atmosphere,Meteorological Observation and Forecast,Global,community,,https://gis4wrf.github.io
MEOM Research Group,meom-group,Data-driven computational oceanography ,"Grenoble, France",,1,,27,https://github.com/meom-group,https://github.com/meom-group/CDFTOOLS,2022-11-20T11:37:31.047Z,2026-10-03T01:29:21.701Z,https://avatars.githubusercontent.com/u/18685991?v=4,,Hydrosphere,Ocean Models,France,collaboration,,http://meom-group.github.io/
FINEPRINT,fineprint-global,Moving material flow and footprint analysis from the national to the spatially explicit level,"Institute for Ecological Economics, Vienna University of Economics and Business (WU), Welthandelsplatz 1, 1020 Vienna, Austria",,1,,20,https://github.com/fineprint-global,https://github.com/fineprint-global/fabio,2022-11-16T19:17:18.803Z,2026-10-03T01:29:23.287Z,https://avatars.githubusercontent.com/u/34596993?v=4,,Industrial Ecology,Input Output Model,Austria,academia,,https://fineprint.resource-use.global
Climate Cooperative,climate-cooperative,Helping everyone achieve a net zero home,United States of America,help@climate-cooperative.org,1,,9,https://github.com/climate-cooperative,https://github.com/climate-cooperative/home-energy-assessment-database,2023-11-16T01:39:00.911Z,2026-10-03T01:29:23.631Z,https://avatars.githubusercontent.com/u/150552955?v=4,,Consumption,Buildings and Heating,USA,community,,https://climate-cooperative.org
mesmo-dev,mesmo-dev,Multi-Energy System Modeling & Optimization (MESMO),,,1,,4,https://github.com/mesmo-dev,https://github.com/mesmo-dev/mesmo,2022-11-15T04:05:54.989Z,2026-10-03T02:45:37.867Z,https://avatars.githubusercontent.com/u/86105350?v=4,,Energy Systems,Energy System Modeling Frameworks,Germany,academia,,https://www.tum-create.edu.sg/research/project/mesmo-multi-energy-system-modelling-optimisation
openCEM,openCEMorg,,,,1,,3,https://github.com/openCEMorg,https://github.com/openCEMorg/openCEM,2022-11-15T13:27:35.421Z,2026-10-06T21:38:54.458Z,https://avatars.githubusercontent.com/u/44991012?v=4,,Energy Systems,Energy Markets,Australia,academia,,
Environmental Data Science Innovation and Impact Lab (ESIIL),CU-ESIIL,"This is an open, public Github Organization for ESIIL",United States of America,,1,,15,https://github.com/CU-ESIIL,https://github.com/cu-esiil/hyr-sense,2023-02-22T19:24:07.143Z,2026-10-06T21:38:59.144Z,https://avatars.githubusercontent.com/u/107436025?v=4,,Sustainable Development,Education,USA,government agency,,http://esiil.org
AfricaBirdData,AfricaBirdData,,,,1,,3,https://github.com/AfricaBirdData,https://github.com/africabirddata/abap,2022-11-16T17:06:22.743Z,2026-10-06T21:38:59.213Z,https://avatars.githubusercontent.com/u/82078819?v=4,,Biosphere,Avian Monitoring and Analysis,Kenya,community,,http://birdmap.africa
Germinate,germinateplatform,,,germinate@hutton.ac.uk,1,,17,https://github.com/germinateplatform,https://github.com/germinateplatform/germinate-vue,2022-11-15T02:23:31.117Z,2026-10-03T03:52:06.465Z,https://avatars.githubusercontent.com/u/30867214?v=4,,Biosphere,Plants and Vegetation,UK,non-profit,,https://ics.hutton.ac.uk/get-germinate
